1008PS-472KLC;1;2304;Coilcraft ;Силовые индукторы - поверхностный монтаж 1008 4.7uH Shld 10% 950mA 350mOhms;;;;;;
10AS016E4F27I3SG;14;2207;Intel;FPGA - Программируемая вентильная матрица Arria 10 SX 160 SoC FPGA ;;;;;;
10AX032E4F29I3SG;11;2237;Intel;FPGA - Программируемая вентильная матрица Arria 10 GX 320 FPGA ;;;;;;
106-M2-P10-10A;5;1905;E-T-A Circuit Breakers ;Автоматические выключатели Miniaturised single pole thermal circuit breaker with push-to-reset tease free, trip-free, snap action mechanism (R-type TO CBE to EN 60934), threadneck mounting. Approved to CBE standard EN 60934 (IEC 60934). For higher current ratings see type 1140 ;;;;;;
112J-TDAR-R01 ;3;2330;;;;;;;;
112J-TDAR-R01-R3;2;2330;ATTEND Technology;9 (8 + 1) Position Card Connector Secure Digital - microSD™ Surface Mount, Right Angle Gold;;;;;;
116SL101M100TT;0;2225;ATC / KYOCERA AVX ;Специальные керамические конденсаторы 100Volts 100pF 20% Single Layer Cap ;;;;;;
1206CS-101XJL;61;год не марк.;Coilcraft ;Катушки постоянной индуктивности 1206CS 100nH 5% 0.85A AEC-Q200;;;;;;
1206L050/15YR;1;2205;Littelfuse Inc.;Восстанавливаемые предохранители - PPTC 15V 1206 .500A POLYFUSE ;;;;;;
125МГц 3.3В,LVDS SMD 5x3.2мм;1;2024;;Кварцевый генератор 125МГц 3.3В,LVDS SMD 5x3.2мм;;;;;;
132360;10;2222, 2226;Amphenol ;РЧ-клеммы SMA MALE RESISTOR CAP 50 Ohm;;;;;;
132360;65;2217;Amphenol ;РЧ-клеммы SMA MALE RESISTOR CAP 50 Ohm;;;;;;
135-3711-801;3;год не марк.;Cinch Connectivity Solutions ;РЧ соединители / Коаксиальные соединители PC END MNT JCK ;;;;;;
1473005-4;0;год не марк.;TE Connectivity ;Соединители DIMM DDR2 SODIMM 200P STANDARD HOUSING ;;;;;;
1.5KE180CA;15;не марк;STMicroelectronics;Диоды подавления переходных скачков напряжения (TVS) 1500W 180V Bidirect ;;;;;;
150040BS73240;3;2235;Würth Elektronik;Стандартные светодиоды - Накладного монтажа WL-SMCC SMD Mono SMD 0402 Blue 470nm ;;;;;;
1.691.1200.50;2;2319;HUMMEL;"Кабельный ввод; с заземлением; M12; 1,5; IP68; латунь; HSK-M-EMC";;;;;;
1658621-1;3;год не марк.;TE Connectivity ;Проводные клеммы и зажимы CNTR PLRZD RECPT 10P NOVO;;;;;;
1759088 (MSTB_2,5/_9-G-5,08);1;год не марк.;Phoenix Contact ;Съемные клеммные колодки 9 Pos 5.08mm pitch Through Hole Header ;;;;;;
1759143 (MSTB_2,5/15-G-5,08);1;год не марк.;Phoenix Contact ;Съемные клеммные колодки 15 Pos 5.08mm pitch Through Hole Header ;;;;;;
1812SMS-22NGLC;1;2311;Coilcraft ;РЧ-индукторы - поверхностный монтаж 1812 22nH Unshld 2% 3A 4.2mOhms AECQ2 ;;;;;;
1N4007 (M7);16;2123;;Выпрямители Diode, DO-41, 1000V, 1A;;;;;;
1N4730A;50;год не марк.;Китай;Стабилитрон 3.9В, 5%, 1Вт, DO-41;;;;;;
1N4751A-TR;10;год не марк.;Vishay;Стабилитроны 30 Volt 1.3 Watt DO-41-2 ;;;;;;
1N5817;50;2015;STMicroelectronics ;Diode Schottky 20 V 1A Through Hole DO-41;;;;;;
1PS79SB70;2455;0233;Philips;Диоды и выпрямители Шоттки DIODE SCHOTTKY TAPE-7 ;;;;;;
0215004.MXP ;22;1922;Littelfuse ;Патронные плавкие предохранители 250V 4A Slo-Blo ;;;;;;
2036-07-SM;10;2202;Bourns Inc.;Газоразрядные трубки / газоплазменные разрядники Sparkover100V/s 75V Miniature 3 Pole ;;;;;;
2053-07-SM-RPLF;1;2411;Bourns Inc.;Gas Discharge Tube 75 V 3000A (3kA) ±20% 2 Pole Surface Mount;;;;;;
2060-452/998-404;5;год не марк.;WAGO;Клеммная колодка типа провод к плате, 4 мм, 2 вывод(-ов), 24 AWG, 18 AWG, 0.75 мм²;;;;;;
02-08-1201 (0002081201);3;2233;Molex ;Проводные клеммы и зажимы SOCKET 14-20AWG;;;;;;
242163;1;2221;Amphenol RF;РЧ адаптеры - междусерийные Adapter Coaxial Connector SMA Jack, Female Socket To N Jack, Female Socket 50Ohm;;;;;;
252100-М;900;год не марк.;ДКС;Хомут P6.6 маркировочный, белый, 2,5х100, табличка 8х25,4;;;;;;
"2EDGKM-3.5-2P 
(аналог MC 1.5/2-STF-3.5, арт. 1847055)";50;2117;Phoenix Contact ;Разъемы для печатной платы;;;;;;
"2EDGKM-3.5-4P 
(аналог MCVR 1.5/4-STF-3.5, арт. 1863327) ";50;2117;Phoenix Contact ;Разъемы для печатной платы;;;;;;
"2EDGVM-5-0-2P 
(аналог MSTBV 2,5/ 2-GF арт.1776883)";45;2117;;;;;;;;
2N7002CK,215;55;2017;Nexperia;МОП-транзистор;;;;;;
2PC4617Q;2317;0223;Philips;Биполярные транзистор - BJT TRANS GP TAPE-7 ;;;;;;
30BQ060;0;2324;Hottech;Diode 60 V Surface Mount DO-214AB (SMC);;;;;;
3214X-1-102E;3;2242;Bourns ;Подстроечные резисторы - для поверхностного монтажа 4MM SQ 1KOhmS 10% 5TURN;;;;;;
353620650;5;не марк;Molex ;Проводные клеммы и зажимы 2.00MM HDR 01X06P VT TH P/LOCK ;;;;;;
355070600;8;год не марк.;Molex;Проводные клеммы и зажимы 2.00MM HSG 01X06P P/LOCK ;;;;;;
3-641215-2;2;2402;TE Connectivity;Проводные клеммы и зажимы FRICTION LCK HDR 2P Straight Post gold ;;;;;;
39-01-4060;28;2321;Molex;Проводные клеммы и зажимы MiniFit Jr SR Recpt Hsg 6 CKT V-2 ;;;;;;
39-29-9042;3;2143;Molex;Проводные клеммы и зажимы 4 CKT VERT HEADER ;;;;;;
0402CS-3N3XJ;9;2316;Coilcraft ;РЧ-индукторы - поверхностный монтаж 1005 3.3nH Unshld 5% 840mA 66mOhms AECQ2;;;;;;
41F-30-LC-LC-0E;6;разъём;Eurolan;Оптический коммутационный шнур дуплексный, 2х50/125, OM3, LC-LC, 0.5 м;;;;;;
43030-0002 Проводные клеммы и зажимы ;6;не марк;Molex;Проводные клеммы и зажимы MF 3.0 TERM 20-24G F ;;;;;;
0430200601;2;2149;Molex;Проводные клеммы и зажимы PLUG FREE HNG 6P DUAL ROW ;;;;;;
0430310001;47;2149;Molex;Проводные клеммы и зажимы MF 3.0 TERM 20-24G M;;;;;;
0430450628;15;2303;Molex;Проводные клеммы и зажимы Microfit 3.0 Vert TH Hdr DR 15Au 6Ckt ;;;;;;
0430451428;5;2304;Molex;Проводные клеммы и зажимы Microfit 3.0 V TH Hdr DR 15Au 14Ckt ;;;;;;
43-207-01 Разъем питания на 637 RW white  ;0;;;;;;;;;
43650-0316;2;не марк;Molex;Проводные клеммы и зажимы HDR VERT SNGL SMT 3P ;;;;;;
45750-1211;92;9416;Molex;Проводные клеммы и зажимы MN-FT HCS 18-20G F;;;;;;
4610X-104-331/471L;2;2120;Bourns ;Резисторные сборки и массивы RNET - THK FILM CONF SIP ;;;;;;
5000 красный контакт ;52;2045;Keystone Electronics;Оборудование для печатных плат - PCB TEST POINT RED ;;;;;;
5001 черный контакт ;27;2117;Keystone Electronics;Оборудование для печатных плат - PCB TEST POINT BLACK ;;;;;;
5002 серый контакт ;4;2102;Keystone Electronics;Оборудование для печатных плат - PCB TEST POINT WHITE .040 ;;;;;;
5004 желтый контакт ;11;2016;Keystone Electronics;Оборудование для печатных плат - PCB TEST POINT YELLOW ;;;;;;
50079-8000;0;2115;Molex;Проводные клеммы и зажимы PCBLD TERM 26-28G F Reel of 25000 ;;;;;;
51021-0400 ;1;2208;Molex;"4 Rectangular Connectors - Housings Receptacle Natural 0.049"" (1.25mm)";;;;;;
51021-0600;6;2410;Molex;"6 Rectangular Connectors - Housings Receptacle Natural 0.049"" (1.25mm)";;;;;;
513870578;1;не марк;Molex;USB-коннекторы USB Mini-B Recept On-The-Go Rt.Angle;;;;;;
5145274-1;1;не марк;TE Connectivity;Стандартные краевые разъемы CONN SEC II 13 POS 100C/L;;;;;;
524180810;30;2209;Molex;"8 Position Receptacle Connector 0.079"" (2.00mm) Through Hole, Right Angle Tin";;;;;;
5352069-1;5;не марк;TE Connectivity ;Жесткие метрические разъемы REC B/125P R/A B-PLANE HM ;;;;;;
5AGXMA3D4F27I5N;0;1901;Altera;FPGA - Программируемая вентильная матрица FPGA - Arria V GX 5890 LABS 336 IOs ;;;;;;
5CGTFD7D5F31I7N;1;1807;Intel;Cyclone® V GT Field Programmable Gate Array (FPGA) IC 480 7880704 149500 896-BGA;;;;;;
0603CS-1N6XJLW;1;2220;Coilcraft ;Катушки постоянной индуктивности 1608 1.6nH Unshld 5% 700mA 30mOhms AECQ2;;;;;;
0603CS-56NXGLW;1;1950;Coilcraft ;Катушки постоянной индуктивности 0603 56nH Unshld 2% 600mA 310mOhms AECQ2 ;;;;;;
0603CS-68NXGLW;4;2147;Coilcraft ;Катушки постоянной индуктивности 0603 68nH Unshld 2% 600mA 340mOhms AECQ2 ;;;;;;
0603CS-8N2XJLW;10;;Coilcraft;РЧ-индукторы - поверхностный монтаж 0603 8.2nH Unshld 5% 700mA 115mOhms AECQ ;;;;;;
0603CS-82NXJLU;8;2021;Coilcraft ;Катушки постоянной индуктивности 0603 82nH Unshld 5% 400mA 540mOhms AECQ2 ;;;;;;
0603HL-102XJRC;0;1951;Coilcraft ;Катушки постоянной индуктивности 0603 1000nH Unshld 5% 190mA 2.8Ohms;;;;;;
0603LS-471XJL ;1;2105;Coilcraft ;Катушки постоянной индуктивности 0603 470nH Unshld 5% 620mOhms AEC-Q200;;;;;;
62684-502100ALF;5;2207;FCI / Amphenol ;Соединители FFC и FPC 50P UPPER SIDE ENTRY W/O CABLE LOCK ;;;;;;
74279226101;0;не марк;Würth Elektronik;Ферритовые фильтры WE-MPSB Ferrite 100MHz 100Ohm ;;;;;;
74AC573SC;3;не марк;Fairchild Semiconductor;Защелки Octal Latch ;;;;;;
74FCT3807AQGI;5;2141;Renesas Electronics ;Синхронизаторы и распределители тактового сигнала 3.3V 1:10 Clock Driver ;;;;;;
74HC123N;2;не марк;NXP Semiconductors;Ждущий мультивибратор DUAL RETRIG MONOSTABLE MULTI;;;;;;
74LCX14MTC;4;1851;Fairchild Semiconductor;Логическая ИС;;;;;;
7MC-8128Z;5;не марк;TOKO;Катушки постоянной индуктивности ;;;;;;
0805CS-430XGLC ;11;2014 (не марк);Coilcraft ;Катушки постоянной индуктивности 0805CS AEC-Q200 43nH 2 % 0.5 A ;;;;;;
8.06.04 J-LINK;2;2120;Segger Microcontroller Systems;J-LINK 10-PIN NEEDLE ADAPTER;;;;;;
8.08.00 J-LINK BASE;1;2208;Segger Microcontroller Systems;ARM7®, ARM9®, ARM11®, Cortex® - Emulator;;;;;;
826656-5;2;1830;TE Connectivity ;Проводные клеммы и зажимы 2X05 POS VERT AU ;;;;;;
82_MMBX-S50-0-1/111_NM;3;2402;Huber+Suhner;MMBX Connector Jack, Female Socket 50 Ohms Surface Mount Solder;;;;;;
84533-4 ;5;2142;TE Connectivity ;Соединители FFC и FPC POST PLATED R/A 4P 1.25mm;;;;;;
84533-4 ;5;1350;TE Connectivity ;Соединители FFC и FPC POST PLATED R/A 4P 1.25mm;;;;;;
88E1111-B2-BAB1I000;0;2032;Marvell;"88E1111 Product Brief Integrated 10/100/1000 Ultra Gigabit Ethernet Transceive 
Document Classification: Proprietary Information Marvell. Moving Forward Faster  ";;;;;;
881H-1AC-F-C 24VDC;4;не марк;SONG CHUAN PRECISION Corp. Ltd.;"Реле электромеханическое общего назначения (версия с увелич. мощностью), 29,0X12,7X15,7; T 105 C; 24 VDC; 240 VAC, 16 A; SPNO";;;;;;
0900-0-15-20-76-14-11-0;0;не марк;Mill-Max;Контактные датчики Short Stroke Lo-Pro SMT .137 ;;;;;;
90136-1104;0;не марк;Molex;Проводные клеммы и зажимы C-GRID III 4 CKT SHR ;;;;;;
90136-1206;2;не марк;Molex;Проводные клеммы и зажимы 2.54MM CGRIDIII HDR 6P V SR SHRD AU-E ;;;;;;
90136-2203;35;не марк;Molex;Проводные клеммы и зажимы 2.54MM CGRIDIII HDR 3P R/A SR SHRD AU;;;;;;
90136-2206;2;не марк;Molex;Проводные клеммы и зажимы 2.54MM CGRIDIII HDR 6P R/A SR SHRD AU ;;;;;;
90142-0026;77;apr 2015;Molex;Проводные клеммы и зажимы 2.54MM CGRIDIII HSG 26P DR CRIMP;;;;;;
901-144-8RFX;0;2249;Amphenol RF ;РЧ соединители / Коаксиальные соединители VERTICAL PCB JACK GOLD PLATED BRASS ;;;;;;
901-144-8RFX;1;2249;Amphenol RF ;РЧ соединители / Коаксиальные соединители VERTICAL PCB JACK GOLD PLATED BRASS ;;;;;;
90156-0148;0;не марк;Molex;Проводные клеммы и зажимы 8P HOUSING;;;;;;
09041326921;7;2405;HARTING ;Разъемы DIN 41612 32P 6A MALE R/A SLDR ;;;;;;
09140009950;2;2233;HARTING ;Сверхмощные разъемы питания SPACER MODULE ;;;;;;
930 727-100 (чёрный цвет) ;3;2245;HIRSCHMANN SKS;Испытательные штепсели и гнезда Test Plug BUELA 30 K BLACK ;;;;;;
930 727-100 (чёрный цвет) ;30;2245;HIRSCHMANN SKS;Испытательные штепсели и гнезда Test Plug BUELA 30 K BLACK ;;;;;;
930 727-101 (красный цвет);2;2203;HIRSCHMANN SKS;Испытательные штепсели и гнезда Test Plug BUELA 30 K RED ;;;;;;
930 727-101 (красный цвет);10;2321;HIRSCHMANN SKS;Испытательные штепсели и гнезда Test Plug BUELA 30 K RED ;;;;;;
930 727-102 (синий цвет);0;2309;HIRSCHMANN SKS;Испытательные штепсели и гнезда Test Plug BUELA 30 K RED ;;;;;;
930 727-103 (желтый цвет);3;2151;HIRSCHMANN SKS;Испытательные штепсели и гнезда Test Plug BUELA 30 K YELLOW ;;;;;;
930 727-103 (желтый цвет);10;2314;HIRSCHMANN SKS;Испытательные штепсели и гнезда Test Plug BUELA 30 K YELLOW ;;;;;;
930 727-104 (зеленый цвет);3;2142;HIRSCHMANN SKS;Испытательные штепсели и гнезда Test Plug BUELA 30 K GREEN;;;;;;
09561004704;60;2350;HARTING ;Соединители с высокой плотностью контактов D-Sub D SUB HD FE 15P PL3 SOLDER CUP ;;;;;;
09561527612;34;2248;HARTING;Соединители с высокой плотностью контактов D-Sub 15P FEMALE R/A PCB 4-40 UNC PL3 PLATING ;;;;;;
09692100033;1;2112;HARTING;Соединители D-Sub со смешанными контактами D-Sub 3W3 male shell ;;;;;;
09670009924 ;100;21430;HARTING;Инструменты и аппаратное оборудование D-Sub FML SCREW LOCK 4-40 THRD 13MM ;;;;;;
09670009930;2;не марк;HARTING;Инструменты и аппаратное оборудование D-Sub KNURLED JACK SCREW M3 THREAD;;;;;;
09670009972;4;2248;HARTING;Инструменты и аппаратное оборудование D-Sub SCREWLOCK FOR R/A VERSION;;;;;;
09670090443;7;не марк;HARTING;Корпуса разъемов D-Sub 9P HOOD TOP ENTRY 4-40 SHORT SCREWS ;;;;;;
09670094715;5;1244;HARTING ;Стандартные соединители D-Sub 9P DSUB RECEPT TSDC ;;;;;;
09670150424;15;2332, 2336;HARTING ;Корпуса разъемов D-Sub 15P HOOD TOP ENTRY BLK THERMOPLASTIC ;;;;;;
983-6KE18-14SN;2;2010;TE Connectivity ;Круговой мил / технические характеристики соединителя 14P SZ 18 PLUG CABLE MOUNT SOCKET;;;;;;
РЭК94В РВИМ.647611.012-37;5;2142;"АО НПК ""Северная заря"" ОТК";;;;;;;
A Micro USB 18650 type-c Great IT;5;2049;;Зарядная плата 5 в 1A Micro USB 18650 type-c Great IT;;;;;;
A02TGLC;9;2324;Coilcraft ;РЧ-индукторы - поверхностный монтаж 5nH Unshld 2% 4A 1.8mOhms AECQ2;;;;;;
A05TGLC ;2;2150;Coilcraft ;РЧ-индукторы - поверхностный монтаж 18.5nH Unshld 2% 4A 3.9mOhms AECQ2;;;;;;
AC-17F (KLS1-AS-303-1);100;1938;KLS Electronic;Евровилка сетевая 250V AC 10A на корпус с выключателем и держателем предохранителя;;;;;;
AC-102/K2417;2;2411;Китай;Сетевой разъем питания AC-102/K2417 – коннектор ручного соединения для цепей с нагрузкой до 10А и напряжением 220В (до 250В).;;;;;;
AD7243BR;0;1822;Analog Devices;;;;;;;
AD7243BRZ;11;2402;Analog Devices;Цифро-аналоговые преобразователи (ЦАП) 12-BIT SERIAL DACPORT IC ;;;;;;
AD7243BRZ;200;2408;Analog Devices;Цифро-аналоговые преобразователи (ЦАП) 12-BIT SERIAL DACPORT IC ;;;;;;
AD8009ARZ-REEL7;190;2134;Analog Devices;Быстродействующие операционные усилители SOIC 1GHz, 5500V/uS Low Distortion Amp ;;;;;;
AD8016ARP;5;45 (2000);Analog Devices;2/0 Driver xDSL 20-PowerSOIC;;;;;;
AD8018ARZ;6;2131;Analog Devices;Специальные усилители SOIC Dual+5V HiSpd Hi Output Current Amp ;;;;;;
AD8079A;26;2126, 2235;Analog Devices;Buffer Amplifier 2 Circuit 8-SOIC;;;;;;
AD8079ARZ;4;2328;Analog Devices;Быстродействующие операционные усилители SOIC 450 MHz Dual Gain=+2.0 Buffer ;;;;;;
AD8079ARZ;28;2328;Analog Devices;Быстродействующие операционные усилители SOIC 450 MHz Dual Gain=+2.0 Buffer ;;;;;;
AD8138ARZ;25;2426;Analog Devices;Дифференциальные усилители SOIC Lo-Distort'n Diffl I/O 500MHz;;;;;;
AD8519AKSZ-REEL7;0;2125;Analog Devices;Операционные усилители SINGLE 16V 35mA CBCMOS AMPLIFIER ;;;;;;
AD9218BSTZ-105;6;2231;Analog Devices;Аналого-цифровые преобразователи (АЦП) dual 10 bit 105/80/65 msps adc;;;;;;
AD9218BSTZ-105;6;2231;Analog Devices;Аналого-цифровые преобразователи (АЦП) dual 10 bit 105/80/65 msps adc;;;;;;
AD9218BSTZ-105;200;2237;Analog Devices;Аналого-цифровые преобразователи (АЦП) dual 10 bit 105/80/65 msps adc;;;;;;
AD9233BCPZ-105;2;1649;Analog Devices;Аналого-цифровые преобразователи (АЦП) 1.8V 12Bit 105 Msps ADC ;;;;;;
AD9233BCPZ-105;14;1649;Analog Devices;Аналого-цифровые преобразователи (АЦП) 1.8V 12Bit 105 Msps ADC ;;;;;;
AD9233BCPZ-105;243;2019;Analog Devices;Аналого-цифровые преобразователи (АЦП) 1.8V 12Bit 105 Msps ADC ;;;;;;
AD9731BR;3;1742;Analog Devices;10-Bit, 170 MSPSD/A Converter;;;;;;
ADG701BRJZ-500RL7;15;1632;Analog Devices;1 Circuit IC Switch 1:1 3Ohm SOT-23-5;;;;;;
ADG1419BRMZ;264;2206;Analog Devices;ИС аналогового переключателя 2.1 ? On Resistance, 15 V/+12 V/ 5 V, iCMOS SPDT Switch ;;;;;;
ADL5542ACPZ-R7;2;;Analog Devices;РЧ-усилитель DC to 6GHz 20dB Gain;;;;;;
ADM2587EBRWZ-REEL7;4;2128;Analog Devices;Цифровые изоляторы ISOLATED RS485 HD/FD 500kbps IC ;;;;;;
ADM3485EARZ-REEL;6;2201, 2416;Analog Devices Inc.;ИС интерфейса RS-422/RS-485 3.3 V, 15 kV ESD-Protected, RS-485/RS-422 Transceiver (Half Duplex, 12Mbps, DE/RE) ;;;;;;
ADM7171ACPZ-5.0-R7;0;2111;Analog Devices;LDO регуляторы напряжения 6.5 V, 1 A, Ultralow Noise, High PSRR, Fast Transient Response CMOS LDO ;;;;;;
ADP1148AR-Reel;22;d/c 98+;Analog Devices;Регулятор напряжения;;;;;;
ADP3338AKCZ-5-R7;0;;Analog Devices;Линейные регуляторы напряжения 1A anyCAP LDO ;;;;;;
ADS6445MRGCTEP;30;1804;Texas Instruments;Аналого-цифровые преобразователи (АЦП) Enh Prod 4Ch 14B 125 105/80/65MSPS ;;;;;;
ADS8341E;10;1910;Texas Instruments ;Аналого-цифровые преобразователи (АЦП) 16-Bit 4-Ch Serial Output Sampling ;;;;;;
ADSP-2185MKSTZ-300;343;0042;Analog Devices;Процессоры и контроллеры цифровых сигналов (DSP, DSC) 16B 33 MIPS 5V 2 Serial Prts Host Prt ;;;;;;
ADSP-TS101SAB1-100 ;1;1812;Analog Devices;Процессоры и контроллеры цифровых сигналов (DSP, DSC) 300MHz TigerSHARC w/ 6Mbit on-chip SRAM;;;;;;
ADT4-1WT+;20;2218;Mini-Circuits;1:4 CORE & WIRE Transformer, 2 - 775 MHz, 50Ω;;;;;;
ADT16-1T+;6;1030;Mini-Circuits;RF Transformer;;;;;;
ADUM1250ARZ;1;2014;Analog Devices;Цифровые изоляторы Hot Swappable Dual I2C ;;;;;;
ADUM1301CRW;132;2022;Analog Devices;Цифровые изоляторы THREE-CHANNEL DIGITAL ISOLATOR;;;;;;
ALXD800EEXJ2VF ;1;2220;AMD;MPU Geode LX 32-Bit 500MHz 3.3V 481-Pin TEPBGA;;;;;;
ALXD800EEXJ2VF ;20;2210;AMD;MPU Geode LX 32-Bit 500MHz 3.3V 481-Pin TEPBGA;;;;;;
ALXD800EEXJ2VF;3;2015;AMD;MPU Geode LX 32-Bit 500MHz 3.3V 481-Pin TEPBGA;;;;;;
ALXD800EEXJ2VF;2;2035;AMD;MPU Geode LX 32-Bit 500MHz 3.3V 481-Pin TEPBGA;;;;;;
ALXD800EEXJ2VF;7;2035;AMD;MPU Geode LX 32-Bit 500MHz 3.3V 481-Pin TEPBGA;;;;;;
ALXD800EEXJ2VF;38;2210;AMD;MPU Geode LX 32-Bit 500MHz 3.3V 481-Pin TEPBGA;;;;;;
ALXD800EEXJ2VF;8;2210;AMD;MPU Geode LX 32-Bit 500MHz 3.3V 481-Pin TEPBGA;;;;;;
ALXD800EEXJ2VF;4;2035, 2210;AMD;MPU Geode LX 32-Bit 500MHz 3.3V 481-Pin TEPBGA;;;;;;
ALXD800EEXJ2VF;10;2210;AMD;MPU Geode LX 32-Bit 500MHz 3.3V 481-Pin TEPBGA;;;;;;
AM1/4L-0505S-NZ;10;;AIMTEC;"Преобразователь: DC/DC; 0,25Вт; Uвх:4,5÷5,5В; Uвых:5ВDC; SMD";;;;;;
AMS1117-ADJ;6;2137;UMW;Линейный стабилизатор напряжения, положительной полярности, 1.2-12 В, 0.8 А;;;;;;
AMS1117-1.8;12;2141;UMW;Линейный стабилизатор напряжения, положительной полярности, 1.8 В, 1 А;;;;;;
AMS1117-3.3;12;2123;UMW;Linear Voltage Regulator IC Positive Fixed 1 Output 1A SOT-223-3L;;;;;;
AN7805;7;1721;Panasonic;Регулируемый стабилизатор напряжения, положительной полярности, 5 В, 1 А;;;;;;
ASE-25.000MHZ-LC-T;4;2245;Abracon LLC;25 MHz XO (Standard) CMOS Oscillator 3.3V Enable/Disable 4-SMD, No Lead;;;;;;
ASP-127797-01;5;2138;Samtec ;"Межплатные и промежуточные соединители; 160 Position Connector Array, Male Pins Surface Mount Gold";;;;;;
AT25160B-SSHL-B;4;2302;Microchip;EEPROM Memory IC 16Kbit SPI 20 MHz 8-SOIC;;;;;;
AT42QT1011-TSHR;10;2002;Microchip ;Емкостные датчики касания One-Channel Touch Sensor IC ;;;;;;
ATMEGA128A-AUR ;1;2114;Microchip ;8-битные микроконтроллеры AVR 128K FLSH-16MHz IND TEMP 5V ;;;;;;
ATMEGA128-16AU;953;2327;Microchip ;8-битные микроконтроллеры AVR 128KB FLASH 4KB EE 4KB SRAM,5V ;;;;;;
ATMEGA128-16AU;36;2031;Microchip ;8-битные микроконтроллеры AVR 128KB FLASH 4KB EE 4KB SRAM,5V ;;;;;;
ATMEGA2560-16AU;4;2222;Microchip ;8-битные микроконтроллеры 256kB Flash 4kB EEPROM 86 I/O Pins ;;;;;;
A-USBPA-N;3;2246;Assmann WSW Components;USB-A (USB TYPE-A) USB 2.0 Plug Connector 4 Position Free Hanging (In-Line);;;;;;
A-USBPA-N;30;2343;Assmann WSW Components;USB-A (USB TYPE-A) USB 2.0 Plug Connector 4 Position Free Hanging (In-Line);;;;;;
B32926C3685M ;3;росс.;EPCOS / TDK ;Защищенные конденсаторы 6.8µF 305V 20% 37.5mm L/S Class X2 ;;;;;;
B39162B3913U410;4;2306;RF360;Формирование сигнала DCC6C - 45 C to + 85 C 1.588 GHz 2 dB 56 MHz 6 V 50 Ohms GNSS ;;;;;;
B57619C2472A160;893;apr 2002;Epcos;Термисторы – отрицательный температурный коэффициент 0603 4K7 A60 NTC Thermistor;;;;;;
B64290L0659X087;1;2135;Epcos;"Epoxy N87 Ferrite Core Toroid Type Length Width 1.646"" (41.80mm) Diameter 0.677"" (17.20mm) Height";;;;;;
B72500D0050A060 (CDS3C05GTA);3650;1525;Epcos;Подавители статического заряда 0603 30volts-1A Ceradiode CDS3C05GTA;;;;;;
B72540V250K62 (CN2220K25G);0;1608;Epcos;Варисторы 2220 20V RMS 1200A;;;;;;
B82422H1223J000 ;0;2128;Epcos;Катушки постоянной индуктивности SMT-INDUCTOR 1210-H 22 UH 5%, AEC-Q200;;;;;;
B82442H1103K000;0;1643;Epcos;10 µH Unshielded Drum Core, Wirewound Inductor 1 A 168mOhm Max 2-SMD, J-Lead;;;;;;
B82442T1103K000;15;2310;Epcos;Силовые индукторы - поверхностный монтаж SMT-INDUCTOR 2220-T 10 UH 10%, Ag+Sn ;;;;;;
B82464A4683K000;1;2227;Epcos;Силовые индукторы - поверхностный монтаж 68uH 1.25A 10% 10x10.4mm SMD ;;;;;;
B82477G4223M000;176;1422;Epcos;Силовые индукторы - поверхностный монтаж 22uH 3.6A 20 % 12.8x12.8mm SMD ;;;;;;
B82498B3470J000;0;2032;Epcos;Синфазные дроссели / фильтры 47nH 200MHz 500mA 5% ;;;;;;
B82496C3150G000 ;0;1909;Epcos;Катушки постоянной индуктивности SMT-INDUCTOR 0603 15NH 2% ;;;;;;
B82496C3220J000;150;2248;Epcos;РЧ-индукторы - поверхностный монтаж 22nH 380mA 5% 1.6x0.8mm SMD;;;;;;
B82496C3569J000;100;2317;Epcos;РЧ-индукторы - поверхностный монтаж 5.6nH 700mA 5% 1.6x0.8mm SMD;;;;;;
B82498F3180J001;1;2146;Epcos;Катушки постоянной индуктивности SMT-INDUCTOR 0805 18NH 5% ;;;;;;
BAR43AFILM;18;1810;STMicroelectronics ;Диоды и выпрямители Шоттки 100mA 30 Volt ;;;;;;
BAR9002ELE6327XTMA1;1;2343;Infineon;RF Diode PIN - Single 80V 100 mA 250 mW PG-TSLP-2-19;;;;;;
BAR9002ELSE6327XTSA1;2;2151;Infineon;RF Diode PIN - Single 80V 100 mA 250 mW PG-TSSLP-2-3;;;;;;
BAR9002ELSE6327XTSA1;144;2151;Infineon;RF Diode PIN - Single 80V 100 mA 250 mW PG-TSSLP-2-3;;;;;;
BAS16LT1G;80;не марк;ON Semiconductor;Диоды - общего назначения, управление питанием, коммутация 75V 200mA ;;;;;;
BAS216;0;1950;;;;;;;;
BAT54S.215;18;2121;Nexperia ;Диоды с барьером Шоттки, 200–500 мА;;;;;;
BAV70T;890;0042;Philips;Диоды - общего назначения, управление питанием, коммутация DIODE SW TAPE-7 ;;;;;;
BAV99S;1;2340;Nexperia ;Diode Array 2 Pair Series Connection 100 V 200mA (DC) Surface Mount 6-TSSOP, SC-88, SOT-363;;;;;;
BAV99-QR;0;2150;Nexperia ;Diode Array 1 Pair Series Connection 100 V 215mA (DC) Surface Mount TO-236-3, SC-59, SOT-23-3;;;;;;
BB171X;0;;NXP Semiconductors;Варакторные диоды VHF variable capacitance diode ;;;;;;
BC807W;0;0747;NXP Semiconductors;Биполярные транзистор - BJT TRANS GP TAPE-7 ;;;;;;
BC817-25LT1G;6;2008;ON Semiconductor;Биполярные транзистор - BJT NPN 500mA 50V ;;;;;;
BC817-40.215;2029;2018+;NXP Semiconductors;Биполярные транзистор - BJT NPN GP 500 45V ;;;;;;
BC817W;0;0942;NXP Semiconductors;Биполярные транзистор - BJT TRANS GP TAPE-7 ;;;;;;
BC846BMB,315;17;2332;Nexperia USA Inc.;TRANSISTOR NPN 65V 100MA SOT883;;;;;;
BC847C,215;0;2043;NXP Semiconductors;Биполярные транзистор - BJT ;;;;;;
BC857,215;4;2303;Nexperia ;Биполярный транзистор, универсальный, PNP, -45 В, 100 МГц, 250 мВт, -100 мА, 125 hFE;;;;;;
BC857W,115;3000;1221;NXP Semiconductors;Биполярные транзистор - BJT TRANS GP TAPE-7;;;;;;
BCV29E6327;0;0937;Infineon Technologies;транзистор Дарлингтона ;;;;;;
BFR360L3E6765XTMA1;2;2218;Infineon Technologies;RF Transistor NPN 9V 35mA 14GHz 210mW Surface Mount PG-TSLP-3-1;;;;;;
BFR360T E6327;0;0710;Infineon Technologies;РЧ биполярные транзистор ;;;;;;
BFS20,215;75;год не марк.;Nexperia ;РЧ биполярные транзистор TRANS MED FREQ;;;;;;
BGX50AE6327;1;1844;Infineon ;Диоды - общего назначения, управление питанием, коммутация AF DIODE 70V 0.14A ;;;;;;
BL-D30F-21UB;10;год не марк.;BETLUX;двухразрядный светодиодный индикатор ;;;;;;
BLM18AG221SN1D;4;2226;Murata;220 Ohms @ 100 MHz 1 Ferrite Bead 0603 (1608 Metric) 700mA 250mOhm;;;;;;
BLM18HE102SN1;0;;Murata;Ферритовые фильтры 0603 1000Ohms ;;;;;;
BLM18KG601BH1D;14;2229;Murata ;Ферритовые фильтры 600 OHM 1.0A 0.15OHM Alternate Sizing Guide Below ;;;;;;
BLM21PG221SN1D;0;2228;Murata ;Ферритовые фильтры 220 Ohm 25% ;;;;;;
BLM21PG331SN1D;30;2217;Murata ;Ферритовые фильтры 330 Ohm 25% Alternate Sizing Guide Below ;;;;;;
BLM41PG471SN1;5;1845;Murata ;Ферритовые фильтры 470 OHM 25% Alternate Sizing Guide Below ;;;;;;
BOOT174-B (BNC RG-174, черный);3;не марк;;Изолирующая насадка ;;;;;;
BP-112/R красный;40;2321;;Вилка 'Banana' красная;;;;;;
BP-112/B черный;10;2307;;Вилка 'Banana' черная;;;;;;
BP-214A/B;73;2218;;Штекер черный/серебрянный;;;;;;
BP-214A/R  ;0;2234;;;;;;;;
BP-214G/B ;0;2132;;Штекер черный/золотой ;;;;;;
BP-214G/B ;6;2406;;Штекер черный/золотой ;;;;;;
BP-214G/B ;50;2312;;Штекер черный/золотой ;;;;;;
BP-214G/G;28;1930;;Штекер зеленый/золотой;;;;;;
BP-214G/R  ;33;2311;;Штекер красный/золотой ;;;;;;
BSS63.215;30;год не марк.;Nexperia ;Биполярные транзистор - BJT TRANS HV TAPE-7;;;;;;
BYV26EGP-E3/73;1;год не марк.;Vishay;Выпрямители 1000 Volt 1.0A 75ns Glass Passivated;;;;;;
BZG04-8V2-M3-08;21000;2318;Vishay;Zener Diode 10 V 1.25 W Surface Mount DO-214AC (SMA);;;;;;
BZV55-B2V4.115;0;2114;Nexperia;Стабилитроны DIODE ZENER 2 PCT ;;;;;;
BZV55-B3V0.115;1;1652;Nexperia;"Zener Diode 3 V 500 mW ±2% Surface Mount LLDS; MiniMelf";;;;;;
BZV55-C3V6.115;3990;2018+;NXP Semiconductors;Стабилитроны 500MW 3.6V;;;;;;
BZX55C2V7-TAP;84;2110;Vishay;Стабилитроны 2.7 Volt 0.5W 5% ;;;;;;
BZX55C30;13;год не марк.;Китай;Стабилитроны 30V 0.5W Zener ;;;;;;
BZX55C30;50;0408;;Стабилитроны 30V 0.5W Zener ;;;;;;
BZX55C30;74;0408;;Стабилитроны 30V 0.5W Zener ;;;;;;
BZX55C30 ;30;2128;;Стабилитроны 30V 0.5W Zener ;;;;;;
BZX55C30;65;2225;;Стабилитроны 30V 0.5W Zener ;;;;;;
BZV55C30V;221;1207;Nexperia B.V.;Стабилитроны 30V 0.5W Zener ;;;;;;
BZX55C30V;779;1616;Kingtronics;Стабилитроны 30 V DO-35G 500mW Ze ner 5% ;;;;;;
BZX384-B5V6.115;1;2311;Nexperia;Zener Diode 5.6 V 300 mW ±2% Surface Mount SOD-323;;;;;;
BZX384-C18.115;6;2328;Nexperia;Zener Diode 18 V 300 mW ±5% Surface Mount SOD-323;;;;;;
C630(ABE)030;3;2201;;C630 (ABE), 30 A, 250 В, 6.35х30 мм, Предохранитель керамический;;;;;;
C10818_STRADA-A;2880;2313;Ledil;Lens with Integrated Mount Clear Wide, Side Emitting Adhesive, Screw;;;;;;
C1274-14BSGBA0R;23;2221;Hsuan Mao;Соединитель 1.27x1.27mm Pin Header Dual Row Straight H=2.0mm;;;;;;
C1280-08BDGAT0R;3;2011;Hsuan Mao;"Разъём на плату. Контакты: 08; Ряды: 2; Шаг: 1.27 мм; Род: вилка. ";;;;;;
C1280-10BDGAT0R;3;2011;Hsuan Mao;"Разъём на плату. Контакты: 10; Ряды: 2; Шаг: 1.27 мм; Род: вилка. ";;;;;;
C1280-80BDGAT0R;8;2011;Hsuan Mao;"Разъём на плату. Контакты: 80; Ряды: 2; Шаг: 1.27 мм; Род: вилка. ";;;;;;
C4828-14BSGHNTL;1;2219;Hsuan Mao;соединитель;;;;;;
CA064C104K4RACTU;338;2401;KEMET;Конденсаторные массивы и сети 16VDC 0.1uF X7R 10% X7R 10% ;;;;;;
CA9MV-10K;0;1914;ACP;"Потенциометр: монтажный; однооборотный,горизонтальный; 10кОм";;;;;;
CA91C142D-33CE;0;1924;Renesas;PCI-to-VME Bridge Interface 313-PBGA (35x35);;;;;;
CA91C142D-33CE;0;1924;Renesas;PCI-to-VME Bridge Interface 313-PBGA (35x35);;;;;;
CA91C142D-33CE;6;2003;Renesas;PCI-to-VME Bridge Interface 313-PBGA (35x35);;;;;;
CA91C142D-33CE;4;1923;Renesas;PCI-to-VME Bridge Interface 313-PBGA (35x35);;;;;;
CA91C142D-33CE;12;1923;Renesas;PCI-to-VME Bridge Interface 313-PBGA (35x35);;;;;;
CAT7 Rj45 Connectors FTP ;30;2239;;FTP Cat7 Rj45 Connectors;;;;;;
CAT16-470J4LF;110;1729;Bourns ;Резисторные сборки и массивы 47 Ohm 5% Concave 4resistors ;;;;;;
CAY10-330J4LF;14;2125;Bourns ;Резисторные сборки и массивы 33 Ohm 5% Convex 4resistors ;;;;;;
СВВ-60-А 30µF 450V;99;росс;JYUL;Конденсатор пусковой 30мкф 450В клемма;;;;;;
CBP-1880E+;0;2204;Mini-Circuits;Ceramic Resonator Band Pass Filter, 1780 - 1980 MHz, 50Ω;;;;;;
CD74ACT241M96;5;1934;Texas Instruments ;Буферы и линейные аппаратные драйверы Tri-State Octal ;;;;;;
CD74HCT14M96;15;2015;Texas Instruments ;Инвертеры Hex Schmitt-Trigger ;;;;;;
CD74HCT138M96;0;1813;Texas Instruments ;Кодеры, декодеры, мультиплексоры и демультиплексоры Line Decoder ;;;;;;
CD74HCT244M96;0;1948;Texas Instruments ;Буферы и линейные аппаратные драйверы Tri-St. Octal ;;;;;;
CD74HCT374M96;0;1849;Texas Instruments ;Триггеры Octal Pos Edge Trig;;;;;;
CDSOT23-T03LC;0;1742;Bourns ;Подавители ЭСР / диоды для подавления переходных скачков напряжения TVS Diode Array 3VOLT LOW CAP ;;;;;;
CFR-25JR-52-3K9;620;2215;YAGEO;Углеродные пленочные резисторы – сквозное отверстие 3.9K ohm 1/4W 5% ;;;;;;
CHT4690-QAG;0;1812;United Monolithic Semiconductors;Attenuator - Variable Voltage;;;;;;
CLF12577NIT-150M-D;2;1712;TDK;Силовые индукторы - поверхностный монтаж 15uH +/-20% AECQ200 -55 to +150C;;;;;;
CLF12577NIT-470M-D;4;2133;TDK;Силовые индукторы - поверхностный монтаж 47uH +/-20% AECQ200 -55 to +150C;;;;;;
CM201212-47NKL;401;1219;Bourns Inc.;Силовые индукторы - поверхностный монтаж 47uH 385mA 420mOhm Max 0805 (2012 Metric);;;;;;
CPHS-EFD20/7-1S-10P ;11;росс.;Ferroxcube;EFD 20/10/7 Каркас 1 сек 10 выв SMD;;;;;;
CPHS-EFD20-1S-10P ;109;росс.;;EFD 20 1/10 SMD E-066 ;;;;;;
CPHS-EFD20-1S-10P ;150;росс.;;EFD 20 1/10 SMD E-066 ;;;;;;
CR16AM12;8;пластик;Mitsubishi;;;;;;;
CS3-1C5EU-G;2;2416;GENERICA ;Разъем RJ45 (8P8C) кат.5E UTP;;;;;;
CSTCE8M00G52A;2;2216;Murata Electronics;8 MHz Ceramic Resonator Built in Capacitor 10 pF ±0.2% 40 Ohms -40°C ~ 125°C Surface Mount;;;;;;
CT9693-90;1;;;https://www.hioki.com/global/products/current-probes/high-precision/id_5966;;;;;;
CVS-2308;1;1947;CUI Devices ;Динамики и преобразователи 23 mm, Round Frame, 0.1 W, 8 Ohm, Neodymium Magnet, Mylar Cone, Speaker ;;;;;;
CW201212-5N6J;2;2312;Bourns;РЧ-индукторы - поверхностный монтаж 5.6nH 5% ;;;;;;
CW160808-15NJ  ;692;2104;Bourns;Катушки постоянной индуктивности 15nH 5% ;;;;;;
CW161009A-6N8J;0;2130;Bourns;Катушки постоянной индуктивности 6.8nH 5 0.7A AEC-Q200 ;;;;;;
CY7C1381D-133AXI;19;1536;Cypress Semiconductor ;Стат. ОЗУ 18Mb 133Mhz 512Kx36 Flow-Thru Стат. ОЗУ ;;;;;;
CY7C1381D-133AXI;17;1536;Cypress Semiconductor ;Стат. ОЗУ 18Mb 133Mhz 512Kx36 Flow-Thru Стат. ОЗУ ;;;;;;
DF40C-24DS-0.4V ;1;;Hirose Electric ;Межплатные и промежуточные соединители 24P SMT RECEPTACLE NO FITTING, NO BOSS ;;;;;;
DF40C-50DS-0.4V51;1;2149;Hirose Electric ;Межплатные и промежуточные соединители 50P SMT RECEPTACLE NO FITTING, NO BOSS ;;;;;;
DF40C-70DP-0.4V;1;;Hirose Electric ;Межплатные и промежуточные соединители 0.4MM 70P HDR SMT GOLD ;;;;;;
DG141V-2.54-02P-14-00AH;1;2306;Degson;Нажимной безвинтовой клеммный блок на 2 контакта. Зажим типа торцевой контакт. Серия DG141V-2.54;;;;;;
DG243-5.0-04P-11-00A(H);121;2337;Degson;Пружинный клеммник на печатную плату 4 контакта. Серия DG243-5.0;;;;;;
DJ7021-1.5-11;1;2204;;2-контактный автомобильный электрический разъем (15419715);;;;;;
DS1009-28AT1NS-0A2 (SCS-28);4;2129;Connfly;DIP-панель под микросхему 28pin, шаг 2.54мм, ширина 7.62мм;;;;;;
"DS1013-14SSIB1-B-0  (BH-14; IDC-14MS)";15;2116;Connfly;IDC разъем, вилка на плату прямая двухрядная 14pin(2x7)., шаг 2.54мм;;;;;;
DS1021-1*1 SF11 (PLS-1);1;россыпь;Connfly;Штыри однорядные 1x1 конт. шаг 2.54 мм, вертик. на плату (3.0 мм/ 6.1 мм), позол. (DS1021-1*01SF11-B) (аналог PLS-1);;;;;;
DS1021-1*2 SF11 (PLS-2);0;россыпь;Connfly;Штыри однорядные 1x2 конт. шаг 2.54 мм, вертик. на плату (3.0 мм/ 6.1 мм), позол. (DS1021-1*02SF11-B) (аналог PLS-2);;;;;;
DS1021-1*3 SF11 (PLS-3);1;россыпь;Connfly;Штыри однорядные 1x3 конт. шаг 2.54 мм, вертик. на плату (3.0 мм/ 6.1 мм), позол. (DS1021-1*03SF11-B) (аналог PLS-3);;;;;;
DS1021-1*4 SF11 (PLS-4);0;россыпь;Connfly;Штыри однорядные 1x4 конт. шаг 2.54 мм, вертик. на плату (3.0 мм/ 6.1 мм), позол. (DS1021-1*04SF11-B) (аналог PLS-4);;;;;;
DS1021-1*5 SF11 (PLS-5);0;россыпь;Connfly;Штыри однорядные 1x5 конт. шаг 2.54 мм, вертик. на плату (3.0 мм/ 6.1 мм), позол. (DS1021-1*05SF11-B) (аналог PLS-5);;;;;;
DS1021-1*7 SF11 (PLS-7);0;россыпь;Connfly;Штыри однорядные 1x7 конт. шаг 2.54 мм, вертик. на плату (3.0 мм/ 6.1 мм), позол. (DS1021-1*07SF11-B) (аналог PLS-7);;;;;;
DS1021-1*9 SF11 (PLS-9);0;россыпь;Connfly;Штыри однорядные 1x9 конт. шаг 2.54 мм, вертик. на плату (3.0 мм/ 6.1 мм), позол. (DS1021-1*09SF11-B) (аналог PLS-9);;;;;;
DS1021-1*10 SF11 (PLS-10);0;россыпь;Connfly;Штыри однорядные 1x10 конт. шаг 2.54 мм, вертик. на плату (3.0 мм/ 6.1 мм), позол. (DS1021-1*10SF11-B) (аналог PLS-10);;;;;;
DS1021-1*12 SF11 (PLS-12);0;россыпь;Connfly;Штыри однорядные 1x12 конт. шаг 2.54 мм, вертик. на плату (3.0 мм/ 6.1 мм), позол. (DS1021-1*12SF11-B) (аналог PLS-12);;;;;;
DS1021-1*16 SF11 (PLS-16);0;россыпь;Connfly;Штыри однорядные 1x16 конт. шаг 2.54 мм, вертик. на плату (3.0 мм/ 6.1 мм), позол. (DS1021-1*16SF11-B) (аналог PLS-16);;;;;;
DS1021-1*17 SF11 (PLS-17);0;россыпь;Connfly;Штыри однорядные 1x17 конт. шаг 2.54 мм, вертик. на плату (3.0 мм/ 6.1 мм), позол. (DS1021-1*17SF11-B) (аналог PLS-17);;;;;;
DS1021-1*21 SF11 (PLS-21);0;россыпь;Connfly;Штыри однорядные 1x21 конт. шаг 2.54 мм, вертик. на плату (3.0 мм/ 6.1 мм), позол. (DS1021-1*21SF11-B) (аналог PLS-21);;;;;;
DS1021-1*26 SF11 (PLS-26);0;россыпь;Connfly;Штыри однорядные 1x26 конт. шаг 2.54 мм, вертик. на плату (3.0 мм/ 6.1 мм), позол. (DS1021-1*26SF11-B) (аналог PLS-26);;;;;;
DS1021-1*40 SF11 (PLS-40);0;2009;Connfly;Штыри однорядные 1x40 конт. шаг 2.54 мм, вертик. на плату (3.0 мм/ 6.1 мм), позол. (DS1021-1*40SF11-B) (аналог PLS-40);;;;;;
DS1021-2*1 SF11 (PLD-2);4;россыпь;Connfly;Штыри 2x2 конт. шаг 2.54 мм, вертик. на пл. (3.0/ 6.1 мм) (ан. PLD-2) DS1021-2*1 SF11;;;;;;
DS1021-2*1 SF11 (PLD-2);6;россыпь;Connfly;Штыри 2x2 конт. шаг 2.54 мм, вертик. на пл. (3.0/ 6.1 мм) (ан. PLD-2) DS1021-2*1 SF11;;;;;;
DS1021-2*2 SF11 (PLD-4);2;россыпь;Connfly;Штыри 2x2 конт. шаг 2.54 мм, вертик. на пл. (3.0/ 6.1 мм) (ан. PLD-4) DS1021-2*2 SF11;;;;;;
DS1021-2*4 SF11 (PLD-8);0;россыпь;Connfly;Штыри 2x4 конт. шаг 2.54 мм, вертик. на пл. (3.0/ 6.1 мм) (ан. PLD-8) DS1021-2*4 SF11;;;;;;
DS1021-2*5 SF11 (PLD-10);0;россыпь;Connfly;Штыри 2x5 конт. шаг 2.54 мм, вертик. на пл. (3.0/ 6.1 мм) (ан. PLD-10) DS1021-2*5 SF11;;;;;;
DS1021-2*6 SF17-B;18;2401;Connfly;Штыри 2x6 конт. шаг 2.54 мм, вертик. на плату (3.0/ изол. 2.5/ 8.3 мм);;;;;;
DS1021-2*7 SF11 (PLD-14);0;россыпь;Connfly;Штыри 2x7 конт. шаг 2.54 мм, вертик. на пл. (3.0/ 6.1 мм) (ан. PLD-14) DS1021-2*07 SF11;;;;;;
DS1021-2*17 S61 (PLD-34);10;россыпь;Connfly;Штыри 2x17 конт. шаг 2.54 мм, вертик. на пл. (3.0/ 6.1 мм) (ан. PLD-34) DS1021-2*17 SF11;;;;;;
DS1021-2*17 SF11 (PLD-34);3;1908;Connfly;Штыри 2x17 конт. шаг 2.54 мм, вертик. на пл. (3.0/ 6.1 мм) (ан. PLD-34) DS1021-2*17 SF11;;;;;;
DS1021-2*17 SF11 (PLD-34);2;2321;Connfly;Штыри 2x17 конт. шаг 2.54 мм, вертик. на пл. (3.0/ 6.1 мм) (ан. PLD-34) DS1021-2*17 SF11;;;;;;
DS1022-1*1 SF11  (PLS-1RD, RDF-11);4;россыпь;Connfly;PLS-1 (DS1021-1×1R), вилка штыревая, шаг 2,54 мм, 1×1, угловая;;;;;;
DS1022-1*6 SF11  (PLS-6RD, RDF-11);16;россыпь;Connfly;PLS-1 (DS1021-1×6R), вилка штыревая, шаг 2,54 мм, 1×6, угловая;;;;;;
DS1022-2*3 RF11-B (PLD-6R);1;россыпь;Connfly;Штыри двухрядные 2x3 конт. шаг 2.54 мм, прямой угол на плату, низкопрофил. (3.0 мм/ 6.0 мм), позол.;;;;;;
DS1022-2*12 RF11-B (PLD-24R);1;россыпь;Connfly;PLD-24R (DS1021-2x12R), Вилка штыревая 2.54мм 2х12pin угловая;;;;;;
DS1022-3*5 SF11 (PLT-15R);1;россыпь;Connfly;Штыри 3x5 конт. шаг 2.54 мм, верт. на пл. (3.0/ 6.1 мм) (ан. PLT-15*) DS1021-3*5 SF11;;;;;;
DS1022-3*7 SF11 (PLT-21R);34;россыпь;Connfly;Штыри 3x7 конт. шаг 2.54 мм, верт. на пл. (3.0/ 6.1 мм) (ан. PLT-21*) DS1021-3*7 SF11;;;;;;
DS1023-2*5 SF11 (PBD-10);3;2136;Connfly;"Разъем ""гнездо"" 10 конт.(2x5) шаг 2.54 мм, вертик. на плату (Hизол.= 8.5 мм), полн. позол. конт. (DS1023-2*5SF11) (аналог PBD-10)";;;;;;
"DS1025-05-2*5 P8BV1 
(PLD2-10)";2;год не марк.;Connfly;Штыри 2x5 конт. шаг 2.00 мм, верт. на пл. (2.8 /4.0мм) (ан. PLD2-10) DS1025-05-2*5 ;;;;;;
DS1025-05-2*18 P8BV1-B ;1;год не марк.;Connfly;Штыри 2x18 конт. шаг 2.00 мм, верт. на пл. (2.8 /4.0мм) ;;;;;;
"DS1025-06-2*10 P8BR1 
(PLD2-20R)";0;год не марк.;Connfly;Штыри 2x10 конт. шаг 2.00 мм, пр. уг. на пл. (2.8/4.0мм) (ан. PLD2-20R*);;;;;;
"DS1025-06-2*15 P8BR1 
(PLD2-30R)";0;год не марк.;Connfly;Штыри 2x15 конт. шаг 2.00 мм, пр. уг. на пл. (2.8/4.0мм) (ан. PLD2-30R*);;;;;;
"DS1025-06-2*20 P8BR1 
(PLD2-40R)";1;год не марк.;Connfly;Штыри 2x20 конт. шаг 2.00 мм, пр.уг. на пл. (2.8/4.0мм)  (ан.PLD2-40R*);;;;;;
"DS1025-06-2*4 P8BR1 
(PLD2-8R)";17;год не марк.;Connfly;Штыри 2x4 конт. шаг 2.00 мм, пр. уг. на пл. (2.8/4.0мм) (ан. PLD2-8R*);;;;;;
DS1029-04-2*10 P8BVB10-B (PLHD-20);1;год не марк.;Connfly;Штыри двухрядные 2x10 конт. шаг 2.54 мм, межплатные вертик. (7.1/15.6/12.3 мм), позол. (изолят. тип V2) ;;;;;;
DS1029-04-2*40 P8BVB10-B (PLHD-40) ;4;год не марк.;Connfly;Штыри двухрядные 2x40 конт. шаг 2.54 мм, межплатные вертик. (3.0/ 10.4/ 6.3 мм), позол. ;;;;;;
DS1031-06-2*3P8BV41-3A;140;2126;Connfly;Штыри 2x3 к. ш.1.27 мм, верт. на пл. (2.1/ изол. 2.0/ 3.7 мм) (ан. PLLD1.27-6*);;;;;;
DS1033-09M (DB-9M);0;год не марк.;Connfly;"Разъем D-Sub 9 конт. ""вилка"", пайка на каб. (ан. DB-9M ) DS1033-09";;;;;;
DS1033-25 MBNSISS (DB-25M);20;год не марк.;Connfly;"Разъем D-Sub 25 конт. ""вилка"", пайка на кабель (черный изолятор, никелир. корпус/фланец) (аналог DB-25M никелир. корп./черный изол.)";;;;;;
DS1035-44 MWNSISS (DHS-44M / DBH-44M);1;год не марк.;Connfly;"Разъем D-Sub 44 конт. ""вилка"", пайка на каб. (ан. DHS-44M/ DBH-44M гол.из.) ";;;;;;
DS1065-03-2*7S8BV;7;2131;Connfly;"Гнездо, IDC, ""мама"", PIN 14, прямой, 1,27мм, THT, 2x7, gold flash, 1А";;;;;;
DS1065-03-2*40S8BV;150;2238;Connfly;"Разъем ""гнездо"" 80 конт.(2x40) шаг 1.27 мм, верт. на плату (ан. PBD1.27-80*)";;;;;;
T-DS1066-SC600;2200;год не марк.;Connfly;"Контакт для колодок разъемов DS1066-x F ""гнездо"" (PH тип, шаг 2.00 мм), лужен. (Full Tin/Pre-Plating), обжим на пров. сеч. 30-24AWG (T-DS1066-SC600)";;;;;;
DS1069-2 FCW (CHU-2* без конт.);84;год не марк.;Connfly;"Колодка раз. п./с.""гн."" 2 конт.(1x2) ш. 2.50 мм, на каб. ";;;;;;
DS1069-3 FCW (CHU-3* без конт.);84;год не марк.;Connfly;"Колодка раз. п./с.""гн."" 3 конт.(1x3) ш. 2.50 мм, на каб.";;;;;;
DS1069-4 FCW (CHU-4* без конт.);84;год не марк.;Connfly;"Колодка раз. п./с.""гн."" 4 конт.(1x4) ш. 2.50 мм, на каб.";;;;;;
DS1069-8MVW6X;10;2319;Connfly;"Разъем пит-я/сигнал. ""вилка"" 8 конт.(1x8) шаг 2.50 мм, вертик. на плату (XH тип, выводы без ""kink"") (аналог CWF-8*/ WK-08*/ PW10-8-M*/ B8B-XH*)";;;;;;
T-DS1069-SC600;0;2302;Connfly;"Контакт для колодок разъемов DS1069-x F (XH тип, ш. 2.50 мм), лужен. (Full Tin/Pre-Plating), обжим на пров. сеч. 28-22AWG 
(T-DS1069-SC600)";;;;;;
I-DS1069-SCW002;1;2103;Connfly;Розетка кабельная 2.50мм, контакты к ним T-DS1069-SC600. Аналог I-DS1069-SCW002;;;;;;
T-DS1071-SC600 ;988;2101;Connfly;Контакт для колодок DS1071-x*xxF/ I-DS1071-SCB0x*xx (ш. 2.54 мм) (поз.к.ч.);;;;;;
"DS1073-02-MALE (контакт для колодок ""вилка"")";2520;год не марк.;Connfly;;;;;;;
DS1722S+;36;1519;Maxim Integrated ;Термореле Digital Thermometer with SPI/3-Wire Interface ;;;;;;
DS90LT012AQMFE/NOPB ;0;1919;Texas Instruments ;ИС интерфейса LVDS Auto LVDS Diff Line Receiver ;;;;;;
DS91C176TMA/NOPB;27;2219;Texas Instruments ;ИС интерфейса LVDS 100MHz SGL-CH M-LVDS Tnscvr ;;;;;;
DS91C176TMA/NOPB;4;2231;Texas Instruments ;ИС интерфейса LVDS 100MHz SGL-CH M-LVDS Tnscvr ;;;;;;
DSGP.1575.25.4.A.02 ;1;росс.;Taoglas ;Антенны 25*25*4mm DSGP.1575.25 GPS L1 & GALILEO E1 Ceramic Patch ;;;;;;
DZ23C12-7-F;3 000;1729;Diodes;Стабилитроны 12V 300mW ;;;;;;
E31102.2/4.3+B;23;823;FISCHER CONNECTORS;CLAMP SET, IP68, 102, 4.1-4.3MM;;;;;;
E32-868T20D;4;2134;;Модуль LoRa, SX1276, 868MHz, UART, 3 км = E32-868T20S;;;;;;
ESD204DQAR;3;2115;Texas Instruments ;Подавители ЭСР / диоды для подавления переходных скачков напряжения Quad 0.55-pF, +/-3.6-V, +/-30-kV ESD protection diode with 5.5A surge rating for USB & HDMI 10-USON -40 to 125 ;;;;;;
ECR 35В-22 мкф 5x11 (ECR220M35B);400;не марк;Hitano;Конденсаторы электролитические алюминиевые (35V x 22µF  85oC);;;;;;
ECS-1612MV-080-CN-TR;300;2214;ECS ;Стандартные тактовые генераторы 8MHz CMOS 1.6-3.6V ;;;;;;
ECS-MPI4040R3-220-R ;11;год не марк.;ECS Inc.;Катушки постоянной индуктивности 22uH 25.2A 2 PAD MPI4040;;;;;;
EEE-FK1C221P;1;2007;Panasonic ;Алюминиевые электролитические конденсаторы для поверхностного монтажа 220µF 16V ;;;;;;
EEE-FK1H470XP;1870;2110;Panasonic ;Алюминиевые электролитические конденсаторы для поверхностного монтажа 47µF 50V ;;;;;;
EEE-FK1E471P;13;2001;Panasonic ;Алюминиевые электролитические конденсаторы для поверхностного монтажа 470µF 25V FK SMD ;;;;;;
EHR-9;29;росс;J.S.T.;Корпус разъема, Серия EH, Гнездо, 9 вывод(-ов), 2.5 мм;;;;;;
EP1K30TI144-3;3;1725;Altera;;;;;;;
EP1K50QI208-2;2;1713;Altera;FPGA - Программируемая вентильная матрица FPGA - ACEX 1K 360 LABs 147 Ios;;;;;;
EP1K50QI208-2;1;2113;Altera;FPGA - Программируемая вентильная матрица FPGA - ACEX 1K 360 LABs 147 Ios;;;;;;
EP1K50QI208-2;96;1707. 1713, 1719;Altera;FPGA - Программируемая вентильная матрица FPGA - ACEX 1K 360 LABs 147 Ios;;;;;;
EP1K50QI208-2;40;1707;Altera;FPGA - Программируемая вентильная матрица FPGA - ACEX 1K 360 LABs 147 Ios;;;;;;
EP1K50QI208-2;26;1707. 1713, 1719;Altera;FPGA - Программируемая вентильная матрица FPGA - ACEX 1K 360 LABs 147 Ios;;;;;;
EP4CGX110DF31I7N;4;1437;Altera;FPGA - Field Programmable Gate Array FPGA - Cyclone IV GX 6839 LABs 475 Ios;;;;;;
EP4CGX110DF31I7N;1;2319;Altera;FPGA - Field Programmable Gate Array FPGA - Cyclone IV GX 6839 LABs 475 Ios;;;;;;
EP4CGX150DF31I7N;3;1531;Altera;FPGA - Программируемая вентильная матрица FPGA - Cyclone IV GX 9360 LABs 475 IOs ;;;;;;
EPC2LI20;8;1725;Intel ;ППВМ - Конфигурационная память IC - Ser. Config Mem Flash 1.6Mb 10 MHz ;;;;;;
EPC2LI20N;46;1901;Intel ;ППВМ - Конфигурационная память IC - Ser. Config Mem Flash 1.6Mb 10 MHz ;;;;;;
EPCS64SI16N ;0;;Altera;ППВМ - Конфигурационная память IC - Ser. Config Mem Flash 64Mb 40 MHz ;;;;;;
EPCQ64ASI16N;54;1838;Altera;IC CONFIG DEVICE 64MBIT 16SOIC;;;;;;
EPF10K20RI208-4 (DBA561625A);1;1625;Altera;FPGA - Программируемая вентильная матрица FPGA - Flex 10K 144 LABs 147 IOs ;;;;;;
EPF10K20RI208-4 ;0;1719;Altera;FPGA - Программируемая вентильная матрица FPGA - Flex 10K 144 LABs 147 IOs ;;;;;;
EPF10K30EQI208-2;5;1707;Altera;FPGA - Программируемая вентильная матрица FPGA - Flex 10K 216 LABs 147 IOs ;;;;;;
EPF10K30EQI208-2;30;1707;Altera;FPGA - Программируемая вентильная матрица FPGA - Flex 10K 216 LABs 147 IOs ;;;;;;
EPF10K30EQI208-2N;17;1731;Altera;FPGA - Программируемая вентильная матрица FPGA - Flex 10K 216 LABs 147 IOs ;;;;;;
ES1D;10;2117;Hottech;Диод импульсный 200В 1А SMA (DO-214AC);;;;;;
ETC1-1-13TR;3024;2215;MACOM;Трансформаторы звуковой частоты / сигнальные трансформаторы 4.5-3000MHz IL 2dB Impedance Ratio 1:1 ;;;;;;
ETC1-1-13TR;1300;2235;MACOM;Трансформаторы звуковой частоты / сигнальные трансформаторы 4.5-3000MHz IL 2dB Impedance Ratio 1:1 ;;;;;;
FDC6305N;2429;2002;Fairchild Semiconductor;МОП-транзистор SSOT-6 N-CH 20V;;;;;;
FH19C-6S-0.5SH(10);4;2206;Hirose Electric Co Ltd;Соединители FFC и FPC 6P SMT HORZ .5MM PITCH REEL OF 5000 ;;;;;;
FL2500316Z;0;2153;Diodes Incorporated;Кристаллы 25.000MHz 20pF 30ppm -40 to +100 ;;;;;;
FYL-5013PGC;129;2212;Foryard;Светодиод зеленый 5мм 525нм 10000мКд;;;;;;
FYL-5013UBC;174;2215;Foryard;Светодиод синий 20° d=5мм 1500мКд 470нм;;;;;;
GC2014-M;10;2339;;"Вилка; ""банан"" 2мм; 15А; Контакты: позолоченная латунь; 16AWG";;;;;;
GC2014-M;20;2339;;"Вилка; ""банан"" 2мм; 15А; Контакты: позолоченная латунь; 16AWG";;;;;;
GC6010-F;4;2403;Amass Electronics;"Разъем: гнездо, ""банан"" 6мм, 60А, 8AWG, 0,2мОм";;;;;;
GC6010-M;10;2403;Amass Electronics;"Разъем: вилка, ""банан"" 6мм, 60А, 8AWG, 0,2мОм";;;;;;
GC8010-M;8;2347;;"Разъем: вилка, ""банан"" 8мм, 80А, 6AWG, 0,15мОм";;;;;;
GC8010-M;5;2347;;"Разъем: вилка, ""банан"" 8мм, 80А, 6AWG, 0,15мОм";;;;;;
GC8010-F;1;2403;;"Разъем: гнездо, ""банан"" 8мм, 80А, 6AWG, 0,15мОм";;;;;;
GCR-DB902-1,8m;2;не марк;Greenconnect;GCR Кабель 1.8m 0-модемный COM, DB9/DB9 9M/9M, серый, 30 AWG;;;;;;
H3183-05;5;год не марк.;Harwin;Оборудование для печатных плат - PCB 1mm PC BOARD SOCKET GOLD ;;;;;;
HC-49S (US) усеченный корпус;80;год не марк.;Taizhou;Кварцевый резонатор 8000kHz 20ppm, 20pF, корп. HC-49/S, -20...+60C;;;;;;
HC-49U 11.0592MHz;4;2203;SKC;Кварцевый резонатор 11.0592MHz 30ppm 16pF;;;;;;
HCMS-2972;16;2249;Broadcom / Avago ;"Светодиодные дисплеи и аксессуары Red 626nm 1x8 Alphanumeric 
(Dot Matrix Display Module 5 x 7 Red Serial 1.69"" L x 0.45"" W x 0.21"" H (42.93mm x 11.43mm x 5.33mm)";;;;;;
HCMS-2972;150;2312;Broadcom / Avago ;"Светодиодные дисплеи и аксессуары Red 626nm 1x8 Alphanumeric 
(Dot Matrix Display Module 5 x 7 Red Serial 1.69"" L x 0.45"" W x 0.21"" H (42.93mm x 11.43mm x 5.33mm)";;;;;;
HCPL-0600-500E;11;год не марк.;Avago Technologies;Быстродействующие оптопары 10MBd 1Ch 5mA ;;;;;;
HFD3/24;400;2320;Xiamen Hongfa Electroacoustic;Реле 2 переключ. 24VDC, 2A/277VAC DPDT;;;;;;
HM5004ENL;26;2401;Pulse Electronics;Трансформаторы звуковой частоты / сигнальные трансформаторы 1000BaseT 350uH .650hms 1-P AEC-Q200 ;;;;;;
HMC374E;0;2326;Analog Devices;РЧ-усилитель lo Noise amp SMT, 0.3 - 3.0 GHz ;;;;;;
HMC821LP6CE;96;2113;Analog Devices ;Системы фазовой автоматической подстройки частоты (ФАПЧ) PLL + VCO 1610-2080MHz /2 x2;;;;;;
HMC681LP5ETR;444;1415;Analog Devices ;РЧ-усилитель dig VGA with Serial Control DC - 1 GHz ;;;;;;
HSMC-A401-U80M1;5;2017;Broadcom Limited (Avago);Стандартные светодиоды - Накладного монтажа;;;;;;
HSMP-3822-TR1G;0;1120;Avago Technologies;Регулируемые резистивные диоды 50 VBR 0.8 pF ;;;;;;
HSMS-2802-BLKG;1000;24.09.2007;Avago Technologies;Диоды и выпрямители Шоттки 70 VBR 2 pF ;;;;;;
HT396-3.96-3P-1G;0;2126;KAIFENG;Pluggable female terminal block, 3-pos., pitch 3.96mm, KAIFENG;;;;;;
HT7150-1;10;2352;UMW;Линейный регулятор напряжения (LDO) 100мА 100мВ@(1мА) фиксированный 5В5В положительный 1 30В SOT-89;;;;;;
HX5008FNL;10;;Pulse ;Трансформаторы звуковой частоты / сигнальные трансформаторы 1000BaseT SMD NonPoE 325uH 1-Port ;;;;;;
ICM7218AIJI;6;;Renesas / Intersil ;Драйверы светодиодных дисплеев DISPLAY 8 DIG LED DRIVER 28CDIP IND ;;;;;;
ICM7555ESA+;7;2213;Maxim Integrated ;Таймеры и сопутствующая продукция Low-Power, General-Purpose Timer ;;;;;;
IDC2-08 (L-KLS1204B-08B);70;год не марк.;Connfly;IDC2, SOCKET PITCH 2.0mm WITH PITCH 1.0mm FLAT CABLE IDC разъем, На шлейф, гнездо;;;;;;
IHHP1008ABERR47M01;4;год не марк.;Vishay / Dale;Катушки постоянной индуктивности 470NH 4.5A 24MOhm SMD;;;;;;
IHLP2525CZER100M01;0;2138;Vishay / Dale;Силовые индукторы - поверхностный монтаж 10uH 20% ;;;;;;
IHLP2525CZER100M01;1;2345;Vishay / Dale;Силовые индукторы - поверхностный монтаж 10uH 20% ;;;;;;
ILQ621GB;0;;Vishay Semiconductors;Транзисторные выходные оптопары Phototransistor Out Quad CTR >100% ;;;;;;
IN74HC374ADW;0;2012;Интеграл;Pin to Pin Compatibility:  MC74HC374AD    Function: Octal D-Type Flip-Flop (3-State)   Package: SO-20;;;;;;
IRF7416PBF;0;2117;Infineon / IR ;МОП-транзистор 1 P-CH -30V HEXFET 20mOhms 61nC ;;;;;;
IRFL4310TRPBF;200;2216;Infineon;МОП-транзистор MOSFT 100V 1.6A 200mOhm 17nC;;;;;;
IRLML2502TRPBF;0;2130;Infineon ;МОП-транзистор MOSFT 20V 4.2A 45mOhm 8nC Log Lvl ;;;;;;
IT-1187 (4x4x1.5), Кнопка тактовая\Китай;187;год не марк.;Китай;Кнопка тактовая (4x4x1.5);;;;;;
J01000A0027;1;год не марк.;Telegartner;Кабельный разъём BNC · 50 Ом штекер | пайка;;;;;;
J01150A0031;14;2005;Telegartner;"SMA Straight Plug Crimp G5 (RG-223/U); RG-142B/U solder/crimp ";;;;;;
"J01150A0041 
(аналог KR-SMAM-RG58-CR-01)";30;2233;Китай;KR-SMAM-RG58-CR-01, SMA male crimp RG-58 (J01150A0041);;;;;;
J01150A0131;0;2008;Telegartner;Кабельный разъем SMA штекер 50 Ом, пайка, G10 (UT-141), IP68, Telegartner | Германия;;;;;;
J01150A0131;0;2237, 2321;Telegartner;Кабельный разъем SMA штекер 50 Ом, пайка, G10 (UT-141), IP68, Telegartner | Германия;;;;;;
J01150A0131;2;2207;Китай;;;;;;;
J01150A0131;179;;Китай;;;;;;;
J01151A0201;339;2307;Telegartner;Разъём SMA, на плату, гнездо, 50 Ом, пайка, на горизонтальную плату, Telegartner,;;;;;;
"J01151A0201 
(аналог KR-SMAF-RA-PSB-02)";0;2219;Китай;KR-SMAF-RA-PSB-02, SMA female r/a PSB (аналог J01151A0201, корпус отличается от оригинала);;;;;;
JZX-22F (D)/4Z ;3;год не марк.;SHALUO;Реле общего назначения;;;;;;
K7805-500R3-LB;13;2208;MORNSUN;"Импульсный DC-DC преобразователь напряжения без гальванической развязки; стабилизированный; выходной ток 500 мА; поддержка отрицательного выходного напряжения; долговременная защита от КЗ; потребление без нагрузки 0.2 мА; -40…85 °С; SIP-3; вертикальное расположение на плате.";;;;;;
KA-3528SGC;20;росс;Kingbright;Светодиод зеленый SMD 3528, 10-25мКд, 120°, 568нМ;;;;;;
KA-3528SYCKT;0;росс;Kingbright;Светодиод smd 3,5х2,8мм/желтый/588нм/70-200мкд/прозрачный/120°;;;;;;
KBP210;8;росс;YJ;Диодный мост 2А 1000В;;;;;;
KBPC102PBF;2;0647;Vishay Semiconductors;Мостовые выпрямители 200 Volt 3.0 Amp;;;;;;
KLS 44;0;2148;LUMBERG;Conn 3.5MM Stereo Plug PL 3 POS Solder ST Cable Mount 3 Terminal 1 Port Bulk;;;;;;
KPA-2107LVVBC-D;2;год не марк.;Kingbright;"Стандартные светодиоды - поверхностного монтажа; 2.1мм x 0.6мм, Синий, SMD, 2.1mm x 0.7mm, 2 мА, 2.65 В, 470 нм";;;;;;
KTK-5;20;2448;;Плавкие предохранители промышленного класса 600VAC 5A Fast Acting Limitron ;;;;;;
L-1034GDT ;8;год не марк.;Kingbright;"Стандартные светодиоды - Сквозного монтажа; прямоугольная; 4x2,8мм; зеленый; 8мкд; 70°; 20мА; 2,2?2,5В";;;;;;
L-132XIT;26;год не марк.;Kingbright;Стандартные светодиоды - Сквозного монтажа RED TRANSPARENT ;;;;;;
L-7113LSRD;4;0820;Kingbright;Светодиод 5мм/красный/640нм/8-20мкд/30°/2мА;;;;;;
L-934CB/1GD;0;не марк;Kingbright;"LED; в корпусе; зеленый; 3мм; Кол-во диод: 1; 20мА; 60°; 2,2?2,5В";;;;;;
L-934SRC-G;0;не марк;Kingbright;Стандартные светодиоды - Сквозного монтажа RED WATER CLEAR ;;;;;;
L-H311G;6;год не марк.;Para Light Electronics;Светодиод монохромный LH311g 3mm with holder Y;;;;;;
L-KLS1-151-W;49;2227;KLS Electronic;USBB-1F (UBBR-04SW01) (USBB-FR) тип В розетка с экраном угловая ;;;;;;
"L-KLS1-204B-40-B (IDC-40; IDC-40F)";10;2213;KLS Electronic;"Разъем IDC; прокалывание изоляции; розетка на плоский кабель; шаг 2.0 мм; количество контактов 40; номинальный ток 1 А; максимальное сопротивление контактов 20 мОм; напряжение изоляции 500 В AC; -45...105 °С";;;;;;
KLS1-207-1-02-S (PLS-2);20;2109;KLS Electronic;Штыри на плату однорядные шаг 2.54мм;;;;;;
KLS1-207-1-32-R2;1;2220;KLS Electronic;Штыревой соединитель 1х32 шаг 2,54мм,;;;;;;
KLS1-207-1-40-S (PLS-40);9;2216;KLS Electronic;PLS разъем, вилка на плату однорядная прямая 40pin(1x40), шаг 2.54мм;;;;;;
KLS1-207-2-10-S (PLD-10);1;2235;KLS Electronic;"Разъем штыревой; вилка; прямой; шаг 2.54 мм; количество контактов 2x5; вертикальный; монтаж в отверстия; высота изолятора 2.54 мм; штыри 3/6 мм; 1 А; 500 В DC; 20 мОм";;;;;;
L-KLS1-218-1-4-S-3x6x19 (DS1029-01-1*4P6BVA8);16;2120;KLS Electronic;Штыри однорядные межплатные с шагом 2.54мм (3.0*6.0*17.0mm);;;;;;
L-KLS1-218-1-16-S-3x6x19 (DS1029-01-1*16P6BVA8);1;2120;KLS Electronic;Штыри однорядные межплатные с шагом 2.54мм (3.0*6.0*17.0mm);;;;;;
L-KLS1-218-1-40-S-3*6*19 (PLH-40);3;2120;KLS Electronic;Штыри однорядные межплатные с шагом 2.54мм (3.0*6.0*17.0mm);;;;;;
KLS1-233-0-01 (Micro USB 5S-B);1;год не марк.;KLS Electronic;Разъем micro USB-B на плату;;;;;;
L-KLS1-3.96A-02-S;4;2206;KLS Electronic;"Вилка на плату; шаг 3.96 мм; количество контактов 2; вертикальный; монтаж в отверстия; 5 А; 50/250 В AC/DC; 20 мОм; 1500 В AC (1 мин); -25…85 °С";;;;;;
L-KLS1-3.96-03-H (PHU-03);6;;;PCB Connector PCB Connector Series Ⅰ KLS1-3 . 96A Pitch=3.96mm TYPE Electrical Specification: Rated Voltage: 50/250V AC.DC Rated Current: 7A ;;;;;;
L-KLS1-3.96-03-H (PHU-03);10;2118;KLS Electronic;PCB Connector PCB Connector Series Ⅰ KLS1-3 . 96A Pitch=3.96mm TYPE Electrical Specification: Rated Voltage: 50/250V AC.DC Rated Current: 7A ;;;;;;
L-KLS1-3.96-04-H (PHU-04);8;2118;KLS Electronic;Pitch 3.96mm JST VH Type Wire To Board Connector;;;;;;
L-KLS1-4.20-FT;0;2320;KLS Electronic;"Контакт для корпусов разъемов L-KLS1-4.20-xx-MH; гнездовой; луженый; обжим на провод; калибр 30…22 AWG";;;;;;
KLS1-AS-303-1;3;год не марк.;KLS Electronic;евровилка сетевая на корпус с гнездом под выключателем и держателем предохранителя;;;;;;
L-KLS1-DB-15P-S-G (DP-15C);1;год не марк.;KLS Electronic;Корпус для разъемов D-Sub 15 конт./26 конт.;;;;;;
L-KLS1-SMA001;10;росс;KLS Electronic;Разъем SMA гнездо на плату прям. 50Ом;;;;;;
L-KLS1-SMA005;5;росс;KLS Electronic;Разъем SMA вилка обжимн.на кабель RG-174 50Ом;;;;;;
L-KLS8DBL-M3-E5.0-L12;385;2209;KLS Electronic;Стойка для платы, латунная, без покрытия;;;;;;
L7815ABV;1;;STMicroelectronics;Линейные регуляторы напряжения 15V 1.0A Positive ;;;;;;
LAT-5+;0;2151;Mini-Circuits;5 dB SMT Fixed Attenuator, DC - 2500 MHz, 50Ω;;;;;;
LB20-FS-UB-012;20;2503;Lshitech Electronic Technology ;;;;;;;
LD1086DT33TR;690;2134;STMicroelectronics ;LDO регуляторы напряжения 3.3V 1.5A Positive ;;;;;;
LI1210D600R;1;2305;Laird-Signal Integrity Products;60 Ohms 1 Power, Signal Line Ferrite Bead 1210 (3225 Metric) 500mA 300mOhm;;;;;;
LM1815MX/NOPB;3;1927;Texas Instruments;Сенсорный интерфейс Adaptive Variable Reluctance Sensor Amplifier 14-SOIC -40 to 125 ;;;;;;
LM26CIM5-SPA/NOPB;25;2147;Texas Instruments;Thermostat 75°C Active Low Open Drain SOT-23-5;;;;;;
LM2733YMF/NOPB;1;2023;;Импульсные регуляторы напряжения 0.6/1.6MHZ BOOST CONVERTER ;;;;;;
LM2904DR;12;2411;Texas Instruments;Операционные усилители Dual GP Op Amp ;;;;;;
LM2990SX-5.0/NOPB;1;росс;Texas Instruments ;LDO регуляторы напряжения NEG LDO REG ;;;;;;
LM2937ES-2.5/NOPB;6;2019;Texas Instruments ;LDO регуляторы напряжения 400mA & 500mA Vtg Reg ;;;;;;
LM324;20;1941;ON Semiconductor;Операционные усилители Quad Low Power ;;;;;;
LMH6551MA/NOPB;20;2236;Texas Instruments;Операционные усилители Diff Hi Speed Op Amp ;;;;;;
LoRa1276-C1-868;4;росс;NiceRF Wireless Technology Co;CE 868 module|sx1276 lora module|RF module|LORA1276-C1|100mW long range wireless transceiver module;;;;;;
LPC_040_CTP;0;2143;VCC ;"Светодиодные трубки Round Lightpipe; Light Pipe Single Clear Rigid Panel Mount, Clamping";;;;;;
LR20-FS-R5-012;20;2502;Lshitech Electronic Technology ;;;;;;;
LSM6DSL;10;;STMicroelectronics ;IMU - блоки инерциальных датчиков iNEMO inertial module: 3D accelerometer and 3D gyroscope ;;;;;;
LTST-S270KGKT;58;2301;Lite-On Inc.;Стандартные светодиоды - Накладного монтажа Green Clear 571nm;;;;;;
LT12010T0050JBK;46;2152;Kyocera AVX ;Резисторы высокочастотные/РЧ 50 Ohm 30W 5% 0Hz - 4GHz ;;;;;;
LTF0431.500NRI;180;2002;Littelfuse;Плавкие предохранители поверхностного монтажа ;;;;;;
LTZ1000CH#PBF;1;;;IC VREF SHUNT 7.2V TO5;;;;;;
LQH3NPN2R2MMEL;76;2132;Murata;2.2 µH Shielded Drum Core, Wirewound Inductor 1.22 A 78mOhm Max 1212 (3030 Metric);;;;;;
LQH3NPN4R7MMEL;14;2237;Murata;4.7 µH Shielded Drum Core, Wirewound Inductor 1 A 120mOhm Max 1212 (3030 Metric);;;;;;
LQH6PPN3R3N43L;64;2021;Murata ;3.3 µH Shielded Wirewound Inductor 3.8 A 16mOhm 2424 (6060 Metric);;;;;;
LQH43CN680K03;50;1540;Murata ;68 µH Unshielded Drum Core, Wirewound Inductor 220 mA 1.7Ohm Max 1812 (4532 Metric);;;;;;
LQM18PN1R0MFRL;10;2022;Murata ;1 µH Shielded Multilayer Inductor 950 mA 250mOhm Max 0603 (1608 Metric) ;;;;;;
LQM2HPZR56ME0L;2314;2104;Murata ;Катушки постоянной индуктивности 560 NH 20% ;;;;;;
LQW15AN6N2B80D;2;2225;Murata ;6.2 nH Unshielded Drum Core, Wirewound Inductor 1.6 A 56mOhm Max 0402 (1005 Metric);;;;;;
LQW15AN16NJ00D;22;2242;Murata ;FIXED IND 16NH 370MA 0.24OHM SMD;;;;;;
LQW18ANR12J00D;13;2229;Murata ;120 nH Unshielded Drum Core, Wirewound Inductor 180 mA 1.3Ohm Max 0603 (1608 Metric);;;;;;
LQW18AN8N7C00D;42;2144;Murata ;8.7 nH Unshielded Wirewound Inductor 650 mA 110mOhm Max 0603 (1608 Metric);;;;;;
M3SWA-2-50DRA+;0;2210;Mini-Circuits;Absorptive SPDT, SMT Solid State Switch, 500 - 4500 MHz, 50Ω;;;;;;
M74HC00M1R;12;1408;STMicroelectronics;NAND Gate IC 4 Channel 14-SO;;;;;;
M80-8880805;18;2216;Harwin ;Проводные клеммы и зажимы 4+4 POS DIL FEMALE 24-28 AWG ;;;;;;
MA58MF14-7N;6;2003;Murata ;;;;;;;
MABA-007569-ETK42T;8;2405;MACOM;Трансформаторы звуковой частоты / сигнальные трансформаторы 2-1000MHz IL 4dB Impedance Ratio 1:4 ;;;;;;
MAX13431EEUB+;0;2016;Maxim Integrated ;RS-485 Interface IC RS-485 Transceivers with Low-Voltage Logic Interface ;;;;;;
MAX1623EAP+;34;2139;Maxim Integrated ;Импульсные регуляторы напряжения 3A, Low-Voltage, Step-Down Regulator with Synchronous Rectification and Internal Switches ;;;;;;
MAX1623EAP+;50;2139;Maxim Integrated ;Импульсные регуляторы напряжения 3A, Low-Voltage, Step-Down Regulator with Synchronous Rectification and Internal Switches ;;;;;;
MAX1658ESA+;0;2230;Maxim Integrated;LDO регуляторы напряжения 350mA, 16.5V Input, Low-Dropout Linear Regulators;;;;;;
MAX1658ESA+;186;2227;Maxim Integrated;LDO регуляторы напряжения 350mA, 16.5V Input, Low-Dropout Linear Regulators;;;;;;
MAX326CSE+;20;1027;Maxim Integrated;ИС аналогового переключателя Quad SPST CMOS Ultra-Low-Leakage ;;;;;;
MAX3051EKA+T ;4;2105;Maxim Integrated ;ИС для интерфейса CAN +3.3V, 1Mbps, Low-Supply-Current CAN Transceiver ;;;;;;
MAX4231AXT+T;0;2110;Maxim Integrated;Операционные усилители High-Output-Drive, 10MHz, 10V/ s, Rail-to-Rail I/O Op Amps with Shutdown in SC70 ;;;;;;
MAX5488EUD+;0;1639;Maxim Integrated;ИС, цифровые потенциометры Dual, 256-Tap, Nonvolatile, SPI-Interface, Linear-Taper Digital Potentiometers ;;;;;;
MAX5488EUD+;0;1245;Maxim Integrated;ИС, цифровые потенциометры Dual, 256-Tap, Nonvolatile, SPI-Interface, Linear-Taper Digital Potentiometers ;;;;;;
MAX6160EUS+T ;10;год не марк.;Maxim Integrated;Источники опорного напряжения Low-Dropout 3-Term Voltage Ref ;;;;;;
MAX8510EXK18+T;1;1124;Maxim Integrated;LDO регуляторы напряжения Ultra-Low-Noise, High PSRR, Low-Dropout, 120mA Linear Regulators ;;;;;;
MBR0540T1G;2976;2147;ON Semiconductor;Диоды и выпрямители Шоттки 0.5A 40V ;;;;;;
MBRS130LT3G;700;;ON Semiconductor;Диоды и выпрямители Шоттки 1A 30V Low Vf ;;;;;;
MBRS320;0;год не марк.;ON Semiconductor;Диоды и выпрямители Шоттки 3.0a Power Rectifier Schottky ;;;;;;
MC14013BCP;4;0132;ON Semiconductor;Триггеры 3-18V CMOS Dual;;;;;;
MC14040BCPG ;20;1125;ON Semiconductor;Регистры сдвига счетчика 3-18V 12-Bit Binary ;;;;;;
MC33078DG;372;1229;ON Semiconductor;Операционные усилители 5-18V Dual Lo Noise 7V/us Ind. Temp ;;;;;;
MC33269DTRK-3.3G;4;2039;ON Semiconductor;LDO регуляторы напряжения 3.3V ADJ 800mA;;;;;;
MC7818BTG;19;росс;ON Semiconductor;Линейные регуляторы напряжения 18V 1A Positive ;;;;;;
MC7912ACD2TG;1;1845;ON Semiconductor;Линейные регуляторы напряжения 12V 1A Negative ;;;;;;
MC79L05ABPRAG;0;год не марк.;ON Semiconductor;Линейные регуляторы напряжения 5V 100mA Negative ;;;;;;
MCV-100 (CC-MCV-100) (уп.100шт.);2 уп.;год не марк.;;Стяжка 100 х 2,5 мм неоткр. с маркером, нейл. (белый) ;;;;;;
MF-R160-0-99;2;;Bourns;Восстанавливаемые предохранители - PPTC 1.6A 30V;;;;;;
MF-USMF075-2;1;2316;Bourns;Восстанавливаемые предохранители - PPTC 6V .75A-HD 40A MAX ;;;;;;
MF0207FRE52-100R;2980;1924;Yageo;Металлические пленочные резисторы – сквозное отверстие 0.6W 100 Ohm 1% ;;;;;;
MJD122T4G;5000;1004;NXP Semiconductors;транзистор Дарлингтона 8A 100V Bipolar Power NPN;;;;;;
MMBT3904T-7-F ;0;2128;Diodes Incorporated;Биполярные транзистор - BJT 40V 150mW ;;;;;;
MMBTA42LT1G;0;1920;Onsemi;Биполярные транзисторы - BJT 500mA 300V NPN ;;;;;;
MMBZ5230BW-7-F;22;1210;Diodes Incorporated;Стабилитроны 4.7V 200mW ;;;;;;
MMBZ5230BW-7-F;25;1950;Diodes Incorporated;Стабилитроны 4.7V 200mW ;;;;;;
MNR18E0APJ330;0;2219;Rohm Semiconductor;33 Ohm ±5% 62.5mW Power Per Element Isolated 8 Resistor Network/Array ±200ppm/°C 1506, Convex, Long Side Terminals;;;;;;
MNR18E0APJ330;0;2223;Rohm Semiconductor;33 Ohm ±5% 62.5mW Power Per Element Isolated 8 Resistor Network/Array ±200ppm/°C 1506, Convex, Long Side Terminals;;;;;;
MPZ1005S121CTD25;15;2147;TDK ;Ферритовые фильтры 0402 120Ohms 1200mA Power Line AEC-Q200 ;;;;;;
MMSZ5256BT1G;1;год не марк.;ON Semiconductor;Стабилитроны 30V 500mW ;;;;;;
MPS-850N-G;3;2128;Switronic;"Кнопка без фиксации 8.5мм; I ком.: 0.1 мА; U ном.: 30 В; Конфигурация: DPDT OFF-(ON). ";;;;;;
MT41K256M16HA-125 IT:E;0;1602;Micron;SDRAM - DDR3L Memory IC 4Gb (256M x 16) Parallel 800 MHz 13.75 ns 96-FBGA (9x14);;;;;;
MT46H32M32LFB5-5IT:B;0;2008;Micron;DRAM MOBILE DDR 1G 32MX32 FBGA\;;;;;;
MT49H16M36BM-25IT:B;0;1510;Micron ;DRAM Memory IC 576Mb (16M x 36) Parallel 400MHz 20ns 144-µBGA (18.5x11) ;;;;;;
MT47H128M16RT-25E IT:C;28;2208;Micron;SDRAM - DDR2 Memory IC 2Gbit Parallel 400 MHz 400 ps 84-FBGA (9x12.5);;;;;;
MT49H16M36SJ-18IT:B;4;2312;Micron ;DRAM Memory IC 576Mbit Parallel 533 MHz 15 ns 144-FBGA (18.5x11);;;;;;
MT49H16M36SJ-25IT:B;0;1706, 1810;Micron ;DRAM Memory IC 576Mbit Parallel 400 MHz 20 ns 144-FBGA (18.5x11);;;;;;
MT9P031I12STMH  color;38;;ON Semiconductor;;;;;;;
MTS-101 A-2;53;2018;;Микротумблер ON-OFF SPST 2P 250B/3A;;;;;;
MTSW-130-08-G-D-340;3;2231;Samtec Inc.;"Проводные клеммы и зажимы Variable Height PCB Header Strips, 0.100"" pitch ";;;;;;
MURS120T3G;20;1833;ON Semiconductor;Diode 200 V 1A Surface Mount SMB;;;;;;
NANOSMDC075F-2;5;;TE Connectivity / Raychem;Восстанавливаемые предохранители - PPTC .75A 6V 100A Imax ;;;;;;
NC7SZ04M5X;34;2045;ON Semiconductor;Inverter IC 1 Channel SOT-23-5;;;;;;
NCV317BD2TG;30;1631;ON Semiconductor;Линейный регулятор напряжения;;;;;;
NES/J 250 ;20;2409;SCHWARZ;Conn Power PL 2 POS ST Cable Mount 2 Terminal 1 Port;;;;;;
NJM78M05DL1A-TE1;2;;NJR;Линейные регуляторы напряжения 3-Term Pos Vreg 35V 100mA 500mW ;;;;;;
NTCLE203E3202SB0;0;;Vishay / BC Components;Термисторы – отрицательный температурный коэффициент 2KOhms Special Tol Special Tol ;;;;;;
NUD4700SNT1G;2800;1619;Onsemi;Защитные устройства для светодиодов SCR Shunt ;;;;;;
OP262GSZ;601;2419;Analog Devices Inc.;Прецизионные усилители 15 MHZ RAIL-TO-RAIL DUAL OP AMP;;;;;;
OPA340NA/3K;168;2213;Texas Instruments;Операционные усилители Single-Supply Rail-to-Rail ;;;;;;
P6KE18A;3;1714;Littelfuse ;Подавители ЭСР / диоды для подавления переходных скачков напряжения 15.3Vr 600W 24A 5% Uni-Directional ;;;;;;
P6KE18A;1;2248;Littelfuse ;Подавители ЭСР / диоды для подавления переходных скачков напряжения 15.3Vr 600W 24A 5% Uni-Directional ;;;;;;
P6KE39A-E3/73 ;8;;Vishay;Диоды для защиты от ЭСР / диоды для подавления переходных скачков напряжения 600W 39V 5% Unidir ;;;;;;
P6SMB100A;13;2014;Yangjie;Подавители ЭСР / диоды для подавления переходных скачков напряжения 600W 100V 5% Uni-Directional ;;;;;;
P7-F;2;2015;AUPO;"Предохранитель: термический; 2А; P; 150°C ";;;;;;
PCA9540BDP,118;8;1803, 2214;NXP USA Inc.;2-Channel I2C Multiplexer Interface 8-TSSOP;;;;;;
PCF8575DBR;30;2327;Texas Instruments;I/O Expander 16 I2C, SMBus 400 kHz 24-SSOP;;;;;;
PDS1040-13;3;2302;Diodes;Диоды и выпрямители Шоттки 10A 40V LFF ;;;;;;
PESD3V3L1BA;1;2136;Nexperia USA Inc.;26V Clamp 18A (8/20µs) Ipp Tvs Diode Surface Mount SOD-323;;;;;;
PESD5V0L1UB,115;1;2206;Nexperia USA Inc.;Подавители ЭСР / диоды для подавления переходных скачков напряжения PESD5V0L1UB/SOD523/SC-79 ;;;;;;
PESD5V0L1UB,115;15;2111;Nexperia USA Inc.;Подавители ЭСР / диоды для подавления переходных скачков напряжения PESD5V0L1UB/SOD523/SC-79 ;;;;;;
PIC32-PINGUINO-MX220;1;;Olimex;Макетные платы и комплекты - PIC / DSPIC PINGUINO PIC32 MX220 PIC32MX220 DEV BOARD;;;;;;
PHV12-1.0K5000N;1;2108;Bellnix Co., Ltd.;"Преобразователи постоянного тока в постоянный без изоляции   
High Voltage - Non-Isolated Module DC DC Converter 1 Output -1000V 5mA 10.8V - 16.5V Input";;;;;;
PLL1.27-15;1;год не марк.;KLS ;Штыри однорядные 1x15 конт. шаг 1.27 мм, вертик. на плату (2.6 мм/ изол. 2.0 мм/ 2.6 мм), позол.;;;;;;
PLL1.27-4;3;год не марк.;KLS ;Штыри однорядные 1x3 конт. шаг 1.27 мм, вертик. на плату (2.6 мм/ изол. 2.0 мм/ 2.6 мм), позол.;;;;;;
PLL1.27-40;6;год не марк.;KLS ;Штыри однорядные 1x40 конт. шаг 1.27 мм, вертик. на плату (2.6 мм/ изол. 2.0 мм/ 2.6 мм), позол.;;;;;;
PLL1.27-5;1;год не марк.;KLS ;Штыри однорядные 1x5 конт. шаг 1.27 мм, вертик. на плату (2.6 мм/ изол. 2.0 мм/ 2.6 мм), позол.;;;;;;
"PLLD1.27-06S 
(L-KLS1-207C-1.6-2-06-T3-5.5*3.0*0.6) ";3;2135;KLS ;Штыри двухрядные, 2x3 конт. шаг 1,27мм SMD, 6 контактов;;;;;;
PLLD1.27-20S;75;2017г.;KLS ;Штыри двухрядные 2x10 конт. шаг 1.27 мм (1.27x1.27), прямой угол на плату, позол;;;;;;
PLUG-8P8C-PV-C5-SH;49;2209;;Разъем RJ-45(8P8C) под витую пару, категория 5e (50 µ'/ 50 микродюймов), экранированный, универсальный (для одножильного и многожильного кабеля) ;;;;;;
PLUG-8P8C-U-C5 RJ45 ;35;2114;;"Разъем RJ-45(8P8C) под витую пару, категория 5e (50 µ""/ 50 микродюймов), универсальный (для одножильного и многожильного кабеля) (100 шт)";;;;;;
PLUG-8P8C-U-C5 SH  RJ45 ;10;2215;;"Разъем RJ-45(8P8C) под витую пару, категория 5e (50 µ""/ 50 микродюймов), экранированный, универсальный (для одножильного и многожильного кабеля) (100 шт)";;;;;;
PogoPin P75-E3;96;;;Пружинный контакт-зонд P75-E3, (16.54мм, диаметр 1.5мм, давление пружины 100г);;;;;;
PT-213-03;1;2334;Dragon;Панель контактная (нажимной клеммник), DRAGON;;;;;;
PROX-125 модуль бесконтактный ;0;год не марк.;датчики;бесконтактный считыватель для proxi-карт, белая и черная крышки в комплекте;;;;;;
PROX-125 модуль бесконтактный ;5;;;;;;;;;
PROX-13 модуль бесконтактный ;0;год не марк.;датчики;бесконтактный считыватель для proxi-карт, белая и черная крышки в комплекте;;;;;;
PTS525SM15SMTR2LFS;72;2115;C&K;Тактильные переключатели 20mA 15VDC, G Lead No Pin, 160gf, 1.5mm ;;;;;;
PS22F68Y  ;1;2143;;Кнопка с фиксацией ;;;;;;
PSU S2171 MN;3;росс;;адаптер GB;;;;;;
PVG3A103C01R00;0;2127;Bourns ;Подстроечные резисторы - для поверхностного монтажа 10KOhms Sealed 3mm Single turn ;;;;;;
PVZ3A103C01R00;0;1438;Bourns;10 kOhms 0.1W, 1/10W J Lead Surface Mount Trimmer Potentiometer Carbon 1.0 Turn Top Adjustment;;;;;;
PYC-A1;20;не марк;Omron Automation and Safety;Панели для реле и оборудование HOLD DOWN 2 CLIPS ;;;;;;
PYF14AE;90;не марк;Omron Automation and Safety;Панели для реле и оборудование TRK MT SCKT 4PDT MY;;;;;;
RCL371-2-2-8;1;2028;RUICHI;"Галетный переключатель RUICHI RCL371-2-2-8, 8 положений, 2 секции, 2 контакных полюса, угол поворота 30°, 
0.3А, 30В, 20 мОм, длина вала 16 мм";;;;;;
Rexant 18-1002 Патч-корд ;5;;;Патч-корд медный UTP 5e кат. литой 1.0м  PVC СЕРЫЙ REXANT;;;;;;
Rexant 18-1005 Патч-корд ;5;;;Патч-корд медный UTP 5e кат. литой 2.0м  PVC СЕРЫЙ REXANT;;;;;;
RFD900x;0;2117;RFD;The RFD900x is a high-performance 900MHz, ISM band radio modem covering the 902 – 928 MHz frequency band. It is designed for long-range serial communications applications requiring best in class radio link performance.;;;;;;
RFD900x;2;;RFD;The RFD900x is a high-performance 900MHz, ISM band radio modem covering the 902 – 928 MHz frequency band. It is designed for long-range serial communications applications requiring best in class radio link performance.;;;;;;
RFD14N05LSM ;0;2207;Onsemi ;МОП-транзистор TO-252AA N-Ch Power ;;;;;;
RFL-300G;4;;;;;;;;;
RFP100200-4X502;0;2209;TTM Technologies;RF Termination;;;;;;
RFP100200-4X502;308;2229;TTM Technologies;RF Termination;;;;;;
RGEF500;10;1823;Littelfuse;Восстанавливаемые предохранители - PPTC RGEF500;;;;;;
RM84-2012-35-1024;1;2212;Altech;Промышленные реле Miniature relay, DPDT;;;;;;
RR4853;7;россыпь;Китай;Ручка приборная (6mm круг желтый);;;;;;
RT314524;3;;TE Connectivity;Реле общего назначения 24AC 16A 1CO THT POWER RELAY ;;;;;;
RT424005;30;2152;TE Connectivity;Реле общего назначения 5V 8A 2CO THT POWER RELAY ;;;;;;
RTE24024F;17;1235;TE Connectivity;Реле общего назначения DPDT 8A 24VDC ;;;;;;
S29GL064N90TFI040;39;2022;Cypress ;Флеш-память NOR 64Mb 3V 90ns Parallel;;;;;;
S-8241ABBMC-GBB-T2;1806;2002;Seiko Semiconductors;Управление питанием от батарей Lithium-Ion battery protection (1 cell) ;;;;;;
SA04-11SRWA;420;2120;Kingbright ;Светодиодные дисплеи и аксессуары Single Red 640nm Common Anode;;;;;;
SCL-28 (KLS1-216-28-D);13;1443;KLS Electronic;Панелька для микросхемы (ширина 15.24мм, шаг 2.54мм);;;;;;
SDR0403-330KL;2;2224;Bourns ;Силовые индукторы - поверхностный монтаж 33uH 10% SMD 0403 ;;;;;;
SDR1307-391KL;1;2310;Bourns ;Катушки постоянной индуктивности 390uH 10% SMD 1307 ;;;;;;
SDR1307-820KL;0;2139;Bourns ;Катушки постоянной индуктивности 82uH 10% SMD 1307 ;;;;;;
SI2302ADS-Т1-E3;0;2211;;MOSFET N-CH 20V 2.1A SOT23-3;;;;;;
SI2307BDS-T1-E3;0;2113;Vishay ;МОП-транзистор 30V 3.2A 1.25W ;;;;;;
SJK-6B-8.000-16-30-50-B-50-H;0;2129;SJK;Кварцевый резонатор HC-49/S 8MHz 16pF ;;;;;;
SFH4650;0;;Osram Opto Semiconductor ;Инфракрасные излучатели - высокой мощности 850 nm, MIDLED HALF ANGLE +/-15DEG ;;;;;;
SG5032CBN 156.250000M-TJGA3;10;год не марк.;Epson;Стандартные тактовые генераторы 156.25MHz 50ppm -40C +85C ;;;;;;
SG-531P 4.0960M;6;;Epson Timing;Стандартные тактовые генераторы 4.096MHz 100ppm -20C +70C ;;;;;;
SH8.0-M (красный);4;2215;Китай;;;;;;;
SH8.0-M (черный);4;2217;Китай;;;;;;;
SH8.0-M.S.B (черный);3;2235;Китай;Plug, DC supply, male, 1 pin, 125A, 600V, straight black color, for cable (6AWG), life 100 cycles ;;;;;;
SH8.0-F.S.B (черный);3;2228;Китай;Plug, DC supply, female, 1 pin, 125A, 600V, straight black color, for cable (6AWG), life 100 cycles;;;;;;
SK310A-LTP;2;2140;Micro Commercial Co;Диоды и выпрямители Шоттки 3A, 100V, Schottky Rectifier ;;;;;;
SM4005PL-TP;100;;Micro Commercial Components (MCC);Выпрямители Standard 600V 1A;;;;;;
SMA-115-141;180;2129;Китай;SMA-male на кабель RG-402;;;;;;
SMAJ58CA;75;год не марк.;Brightk;Подавители ЭСР / диоды для подавления переходных скачков напряжения 400W 58V 5% Bi-Directional ;;;;;;
SMBZ5927B-E3/52 ;0;год не марк.;Vishay ;Стабилитроны 12 Volt 3.0 Watt 5% ;;;;;;
SMD1200PL-TP;4;1803;MCC;Диоды и выпрямители Шоттки 200V 1A ;;;;;;
SMBJ6.0A;0;2124;;Подавители ЭСР / диоды для подавления переходных скачков напряжения 600W 6V 5% Uni-Directional ;;;;;;
SMF10A;11;год не марк.;Yangjie Technology;Диод защитный 10В 200Вт [SOD-123FL];;;;;;
SMF10A;40;1646;Yangjie Technology;Диод защитный 10В 200Вт [SOD-123FL];;;;;;
SMF10A;57;россыпь;Yangjie Technology;Диод защитный 10В 200Вт [SOD-123FL];;;;;;
SMGS11-TR;440;1733;MACOM;Schottky Diode;;;;;;
SMV1251-004LF;0;1050;Skyworks Solutions, Inc.;Варакторные диоды Ls=1.5nH SOT-23 Common Cathode ;;;;;;
SN74AHCT1G04DCKR;1385;1310;Texas Instruments ;Инвертеры Single;;;;;;
SN74ALVCH162334GR;19;1610;Texas Instruments ;Universal Bus Driver 16-Bit 48-TSSOP;;;;;;
SN74HC688DW;0;1242;Texas Instruments ;Логические компараторы 8bit Identity ;;;;;;
SN74LVC1G125DCK;7;1341;Texas Instruments ;Буферы и линейные аппаратные драйверы SINGLE BUS BUFFER GATE ;;;;;;
SN74LVC02APWR ;12;россыпь;Texas Instruments ;Логические элементы Quad 2-Input ;;;;;;
SN74LVC1G32DCK;1;2107;Texas Instruments ;Логические элементы SNGL 2 Input Pos;;;;;;
SN74LVC1GU04DRYR;0;россыпь;Texas Instruments ;Инвертеры Sgl Inverter Gate ;;;;;;
SN74LVC74AD;0;россыпь;Texas Instruments ;Триггеры Dual Positive-Edge-Triggered D-Type Flip-Flops With Clear And Preset 14-SOIC -40 to 125;;;;;;
SN74LVC86AD;82;;Texas Instruments ;Логические элементы Quad 2 Input ;;;;;;
SN74LVT244BNSR (SO-20);10;;Texas Instruments ;Буферы и линейные аппаратные драйверы 3.3V ABT Octal BµFf/Drv W/3-St Otpt ;;;;;;
SN74LVT245BPW;0;1901;Texas Instruments ;Шинные трансиверы 3.3-V ABT Octal Bus Trncvr W/3-St Otpt ;;;;;;
SOC7-16.000MHz-3.3V;1;2126;;Кварцевый генератор;;;;;;
SP1003-01ETG;6;2331;Littelfuse Inc.;Диоды для защиты от ЭСР / диоды для подавления переходных скачков напряжения 1 Ch 30KV 30pF ;;;;;;
SPM0408LE5H-TB;0;2246;Knowles;100 Hz ~ 10 kHz Analog Microphone MEMS (Silicon) 1.5 V ~ 5.5 V Omnidirectional (-18dB ±3dB @ 94dB SPL) Solder Pads;;;;;;
SPX1117M3-L-3-3/TR;2;2201;MaxLinear ;LDO регуляторы напряжения 800mALOW DROPOUT ;;;;;;
SPX5205M5-2-5/TR;89;2201;Sipex;Fixed Positive LDO Regulator, 2.5V, 0.35V Dropout;;;;;;
SPX5205M5-L-1-8/TR;6;1823;MaxLinear, Inc.;LDO регуляторы напряжения 150mA LOW NOISE LDO ;;;;;;
SPR-079-B;1;2211;RUICHI;"Кабельный ввод  Глубина (C)-18 мм; Диаметр (A)-11;(B)-7, 9;(B1)-8.7 мм; Материал  EPDM, черный";;;;;;
SRP1040-R56M;412;1126;Bourns ;Катушки постоянной индуктивности 0.56uH 20% SMD 1040 ;;;;;;
SRU8043-2R2Y;0;1946;Bourns ;Катушки постоянной индуктивности 2.2uH 30% SMD 8043;;;;;;
SS41;13;2016г.;Honeywell;Датчик Холла;;;;;;
SSC54-E3/57T ;20;лента;Vishay ;Диоды и выпрямители Шоттки ;;;;;;
SSC54-E3/57T ;30;лента;Vishay ;Диоды и выпрямители Шоттки ;;;;;;
ST4ETA101;0;2207;Nidec ;Подстроечные резисторы - для поверхностного монтажа 100 Ohm 4mm SMD single turn J-lead, top adj. ;;;;;;
ST-4ETA (502);244;2233;Nidec ;Подстроечные резисторы - для поверхностного монтажа 5K Ohm (5 kOhm 0.25W, 1/4W J Lead Surface Mount Trimmer Potentiometer Cermet 1.0 Turn Top Adjustment);;;;;;
ST-4ETA (502);1000;2235;Nidec ;Подстроечные резисторы - для поверхностного монтажа 5K Ohm (5 kOhm 0.25W, 1/4W J Lead Surface Mount Trimmer Potentiometer Cermet 1.0 Turn Top Adjustment);;;;;;
STPS20150CR;44;;STMicroelectronics ;Диоды и выпрямители Шоттки Hi Vltg Pwr SCHOTTKY RECTIFIER ;;;;;;
STP21N90K5  ;2;2002;STMicroelectronics ;МОП-транзистор N-Ch 900V 0.25 Ohm 18.5A MDmesh K5 ;;;;;;
STPS4S200B-TR ;5;1901;STMicroelectronics ;Диоды и выпрямители Шоттки DFD THYR TRIAC & RECTIFIER;;;;;;
STPS5H100H;6;россыпь;STMicroelectronics ;Диоды и выпрямители Шоттки High Power Schottky Rectifier ;;;;;;
STZ5.6N;1547;0040;ROhm Semiconductor;Стабилитроны 5.6V ;;;;;;
SWT-9R-GR, (KLS7-TSC12-GRAY);1000;год не марк.;KLS ;колпачок для кнопки  серый круглый 12х12;;;;;;
SYBP-1950+;19;2213;Mini-Circuits;Lumped LC Band Pass Filter, 1700 - 2200 MHz, 50Ω;;;;;;
SYBP-1950+;80;2110, 2133;Mini-Circuits;Lumped LC Band Pass Filter, 1700 - 2200 MHz, 50Ω;;;;;;
SZ1SMA5920BT3G;4999;1942;onsemi;Стабилитроны ZEN SMA REG 1.5W 6.2V TR ;;;;;;
SZ1SMA5920BT3G;60;2112;onsemi;Стабилитроны ZEN SMA REG 1.5W 6.2V TR ;;;;;;
T1-1T-X65+ ;203;2224;Mini-Circuits;1:1 CORE & WIRE Transformer, 0.08 - 200 MHz, 50Ω;;;;;;
T1-1T-X65+ ;410;2224;Mini-Circuits;1:1 CORE & WIRE Transformer, 0.08 - 200 MHz, 50Ω;;;;;;
T1-1T-X65+ ;205;1115, 1113;Mini-Circuits;1:1 CORE & WIRE Transformer, 0.08 - 200 MHz, 50Ω;;;;;;
T68-6;5;2105;Китай;"Феррит: тороидальный; Дл: 4,83мм; Øвнутр: 9,4мм; Øвнешн: 17,53мм";;;;;;
TC16-161T+;6;1036;Mini-Circuits;RF Transformer;;;;;;
TCM1-63AX+ ;20;2114;Mini-Circuits;Трансформаторы звуковой частоты / сигнальные трансформаторы TC XFMR / SURF MOUNT / RoHS ;;;;;;
TDA2003;7;2249;;Усилитель мощности звуковой частоты ;;;;;;
TFML-120-02-L-D-LC;8;;SAMTEC;Проводные клеммы и зажимы Tiger Eye High-Reliability Locking Terminal Strip, 0.050 Pitch;;;;;;
TFML-120-02-L-D-LC;6;1936;SAMTEC;Проводные клеммы и зажимы Tiger Eye High-Reliability Locking Terminal Strip, 0.050 Pitch;;;;;;
TFML-130-02-S-D-LC;1;год не марк.;SAMTEC;Разъем типа провод-плата, 1.27 мм, 60 контакт(-ов), Штыревой Разъем, Серия TFML ;;;;;;
TG1G-E001NYLF;29;2310, 2326;HALO Electronics ;Трансформаторы звуковой частоты / сигнальные трансформаторы GIGABIT ISO MOD SMD 24P 1-Port w/Choke ;;;;;;
TI201209U110;42;2217;Frontier; Ferrite Bead 0805 Multi-Layer High Current Ferrite Chip Bead, 11Ω, ±25%, 6A ;;;;;;
TL16C754BPN ;40;1610, 1630;Texas Instruments ;ИС, интерфейс UART Quad UART With 64-Byte FIFO;;;;;;
TL431IDBZR (SOT23);142;лента;Texas Instruments ;Источники опорного напряжения Adjustable Precision Shunt Regulator ;;;;;;
TLV75801PDBVR;3;2033;Texas Instruments;LDO регуляторы напряжения 500-mA, low-IQ, high-accuracy, adjustable ultra-low-dropout voltage regulator with enable 5-SOT-23 -40 to 125 ;;;;;;
TM21P-88P(16);4;2005;Hirose Electric;Модульные соединители / соединители Ethernet COVER MOD 8 8 GREEN 1=50 ;;;;;;
TO-1608BC-PG;1;1923;Taiwan Oasis Technology Co., Ltd;Светодиод зеленый SMD 1608, 705мКд, 120°, 525нМ (Pure Green);;;;;;
TPD1E10B06DPYR;20;2151;Texas Instruments;14V Clamp 5A (8/20µs) Ipp Tvs Diode Surface Mount 2-X1SON (1x.60);;;;;;
TPD8F003DQDR;4;2247;Texas Instruments;Фильтрующие контуры ЭМП 8Ch EMI Filter for Display Interface ;;;;;;
TPS3823-33DBVT;84;год не марк.;Texas Instruments ;Контрольные цепи w/ Watchdog;;;;;;
TPS51100DGQ;1;2204;Texas Instruments ;Converter, DDR Voltage Regulator IC 1 Output 10-HVSSOP;;;;;;
TPS61222DCKR;7;2249;Texas Instruments ;Boost Switching Regulator IC Positive Fixed 5V 1 Output 200mA (Switch) 6-TSSOP, SC-88, SOT-363;;;;;;
TPS61222DCKR;2;2319;Texas Instruments ;Boost Switching Regulator IC Positive Fixed 5V 1 Output 200mA (Switch) 6-TSSOP, SC-88, SOT-363;;;;;;
TPS70348PWP;1;1650;Texas Instruments ;LDO регуляторы напряжения;;;;;;
TPS73618MDBVREP ;10;год не марк.;Texas Instruments ;LDO регуляторы напряжения Mil Enh Cap-Free NMOS 400-mA LDO Reg ;;;;;;
TPS73633MDBVREP ;10;год не марк.;Texas Instruments ;LDO регуляторы напряжения Mil Enh Cap-Free NMOS 400-mA LDO Reg ;;;;;;
TPS74201RGWR;0;2024;Texas Instruments ;LDO регуляторы напряжения 1.5A LDO w/ Prog Soft-Start ;;;;;;
TPS78401DBVR ;3;2124;Texas Instruments ;LDO регуляторы напряжения 300-mA, low-IQ, high-PSRR, low-dropout (LDO) voltage regulator with high accuracy and enable 5-SOT-23 -40 to 125;;;;;;
TPS7A4700RGWT;0;год не марк.;Texas Instruments ;LDO регуляторы напряжения Low Noise,1A,Hi Vltg LDO Reg ;;;;;;
TPS82085SILR;0;год не марк.;Texas Instruments ;Импульсные регуляторы напряжения 3A, High-Efficiency Step-Down Converter Module with Integrated Inductor 8-uSiP -40 to 125 ;;;;;;
TRI20N-A;55;2118;;Динамик миниатюрный динTRI20N-A 150 Om 0.25 W;;;;;;
TS5A4594DBVR;30;2015;Texas Instruments ;ИС аналогового переключателя Sngl-Ch 8-Ohm SPST Analog Switch ;;;;;;
TSL237T;1;1815;AMS;Light To Frequency & Light To Voltage Light to Frequency High Responsivity ;;;;;;
TSM4YJ101KR05;232;2235;Vishay Sfernice;100 Ohms 0.25W, 1/4W J Lead Surface Mount Trimmer Potentiometer Cermet 11.0 Turn Top Adjustment;;;;;;
TSM4YJ501KR05;49;2322;Vishay Sfernice;"Подстроечные резисторы - для поверхностного монтажа 500ohms 10%  
(500 Ohms 0.25W, 1/4W Gull Wing Surface Mount Trimmer Potentiometer Cermet 13.0 Turn Top Adjustment)";;;;;;
UCC27322D  SOIC-8 ;1;1925;Texas Instruments ;Драйверы для управления затвором Sgl 9-A H-S L-S MOSFET Driver ;;;;;;
U.FL-2LPHF6-068N1T-A-50;2;2228;Hirose Electric ;"Cable Assembly Coaxial U.FL (UMCC) to U.FL (UMCC) 1.13mm OD Coaxial Cable 1.969"" (50.00mm)";;;;;;
UHE1C471MPD6TD;2;2146;Nichicon ;Оксидно-электролитические алюминиевые конденсаторы - С радиальными выводами 470µF 16 Volts 20% ;;;;;;
USBA-FA;88;год не марк.;SZC;разъем;;;;;;
UWT1A102MNL1GS;5;1705;;Алюминиевые электролитические конденсаторы для поверхностного монтажа 10volts 1000µF AEC-Q200 ;;;;;;
V56MLA1206NT ;1;2109;Littelfuse ;Варисторы 56V 180A 180pF ;;;;;;
VCC1-B3B-125M0000 ;10;1722;Vectron ;Стандартные тактовые генераторы 3.3V 50ppm 125MHz 15pF -10C + 70C ;;;;;;
VS-15MQ040M3/5AT;10;;Vishay ;Диоды и выпрямители Шоттки 1.5A 40V Single Die Schottky Rectifier;;;;;;
PWL 06M (W3966-06PSTW00R);312;год не марк.;;;;;;;;
WBC1-1TL;5;1933;Coilcraft ;Трансформаторы звуковой частоты / сигнальные трансформаторы WBC SMT Mini Wdebnd 1:1 0.250-750 MHz ;;;;;;
WP113HDT;10;2129;Kingbright ;Стандартные светодиоды - Сквозного монтажа RED DIFFUSED ;;;;;;
WTL3M85421FO;4;2216;WTL;Кварцевый резонатор 8МГц, 10PPM@25°C, 20PPM@-40°С+85°C, 400Ом, 12пФ;;;;;;
WXD3-12-2W-10K;0;2137;;"Резисторы многооборотные проволочные переменные 2 Вт  5%
Функциональная характеристика: линейная
Количество оборотов: 5 (1800 гр).  Диапазон рабочих температур: -55… 100°С
Максимальное напряжение: 160 В, Способ монтажа проводников: пайка, Способ монтажа: крепление гайкой М8";;;;;;
XAL4030-332MEС;0;1816;Coilcraft ;Катушки постоянной индуктивности 3.3uH 20% 6.6A 28.6mOhms AEC-Q200;;;;;;
XAL6030-102MEB;21;2149;Coilcraft ;Силовые индукторы - поверхностный монтаж 1uH Shld 20% 18A 6.18mOhms AECQ2;;;;;;
XAL6030-332MEC;190;2214;Coilcraft ;Катушки постоянной индуктивности 3.3uH Shld 20% 8A 20.81mOhms AECQ2 ;;;;;;
XB4BА11;2;2109;Schneider;Harmony XB4, Push button, metal, flush, white, Ø22, spring return, unmarked, 1 NO;;;;;;
XB4BW3561;0;2122;Schneider;Illuminated push button, Harmony XB4, Orange flush complete illum pushbutton Ø22 mm, 2.4 W;;;;;;
XB4BW3561;0;;Schneider;Illuminated push button, Harmony XB4, Orange flush complete illum pushbutton Ø22 mm, 2.4 W;;;;;;
XB4BW35B5;3;2025, 2035;Schneider;Illuminated push button, Harmony XB4, metal, orange flush, 22mm, universal LED, plain lens, 1NO + 1NC, 24V AC DC;;;;;;
XC95288XL-10PQG208I;3;2041;Xilinx ;CPLD - Complex Programmable Logic Devices 3.3V 288-mc CPLD ;;;;;;
XD22-10-R-12VDC;40;2103;Daier Electron Co.,ltd;Светодиод с держателем красный 10мм 12VDC IP65;;;;;;
XFL3012-222ME;3;2007;Coilcraft ;Катушки постоянной индуктивности 2.2Uh Shld 1.9A 97mOhms AECQ2 ;;;;;;
XT150-F ;4;2205;Changzhou AMASS Electronics;"Вилка; питания DC; XT150; ""мама""; PIN: 2; на провод; пайка; 60А; 500В";;;;;;
XT150-F.G.B (синяя) ;1;2302;Changzhou AMASS Electronics;Розетка ;;;;;;
XT150-F.G.BL (черная);1;2302;Changzhou AMASS Electronics;Розетка ;;;;;;
XT150-F.G.R (красная);1;2302;Changzhou AMASS Electronics;Розетка ;;;;;;
XT150-M.G.B (синяя);1;2302;Changzhou AMASS Electronics;Вилка;;;;;;
XT150-M.G.R (черная);1;2302;Changzhou AMASS Electronics;Вилка;;;;;;
XT150-M.G.R (красная);1;2302;Changzhou AMASS Electronics;Вилка;;;;;;
YAT-3A+;17;2209;Mini-Circuits ;Аттенюаторы FXD ATTEN/SURF MT/RoHS ;;;;;;
YC124-JR-07100RL;94;2234;YAGEO;Резисторные сборки и массивы 100 Ohm 5% 1/16W 50V;;;;;;
ZB4BZ101;0;2130;Schneider;Corpo contatti Ø22 - 1NO;;;;;;
ZT3243LFEY;16;2008-2015;;Low Power +3V to +5.5V/3D/5R 1000kbps RS232 Transceivers 28-Pin TSSOP;;;;;;
GRM033R71E102KA01D;24799;;Murata Electronics;Многослойные керамические конденсаторы - поверхностного монтажа 0201 1000pF 25V X7R 10% ;;;;;;
GRM0335C1H3R9WA01D;350;2218;Murata Electronics;Многослойные керамические конденсаторы - поверхностного монтажа 0201 3.9pF 50V COG 0.05pF;;;;;;
GRM033R71E472KE14D ;0;2028;Murata Electronics;Многослойные керамические конденсаторы - поверхностного монтажа 0201 4700pF 25V X7R 10% ;;;;;;
GRM0335C1H9R0BA01D;44;2031;Murata Electronics;Многослойные керамические конденсаторы - поверхностного монтажа 0201 9.0pF 50V C0G 0.1pF ;;;;;;
LLL153C80G105ME21D;19;2127;Murata Electronics;Многослойные керамические конденсаторы - поверхностного монтажа 0204 1µF 4V X6S 20%;;;;;;
LLL153C80G105ME21D;80;2218;Murata Electronics;Многослойные керамические конденсаторы - поверхностного монтажа 0204 1µF 4V X6S 20%;;;;;;
CC0402GRNPO9BN101;8 488;2142, 2146;Yageo;Многослойные керамические конденсаторы - поверхностного монтажа 0402 100pF 50V C0G 2% ;;;;;;
CC0402JRX7R9BB102;1046;2116;Yageo;Многослойные керамические конденсаторы - поверхностного монтажа 0402 1000pF 50V X7R 5%;;;;;;
CC0402KRX7R9BB102;2007;2320;Yageo;Многослойные керамические конденсаторы - поверхностного монтажа 0402 1000pF 50V X7R 10%;;;;;;
CC0402KRX7R9BB102;8;2239;Yageo;Многослойные керамические конденсаторы - поверхностного монтажа 0402 1000pF 50V X7R 10%;;;;;;
CC0402JRNPO9BN102;0;2217;Yageo;Многослойные керамические конденсаторы - поверхностного монтажа 0402 1000pF 50V C0G 5%;;;;;;
GRM1555C1H102JA01D;0;год не марк.;Murata Electronics;Многослойные керамические конденсаторы - поверхностного монтажа 0402 1000pF 50V C0G 5%;;;;;;
CC0402KRX7R9BB103;0;2233;Yageo;Многослойные керамические конденсаторы - поверхностного монтажа 0402 0.01µF 50V X7R 10% ;;;;;;
CC0402KRX7R9BB103;0;2206;Yageo;Многослойные керамические конденсаторы - поверхностного монтажа 0402 0.01µF 25V X7R 10% ;;;;;;
CC0402JRX7R7BB104;0;2210;Yageo;Многослойные керамические конденсаторы - поверхностного монтажа 0402 0.1µF 16V X7R 5%;;;;;;
CC0402KRX7R7BB104;1;2209;Yageo;Многослойные керамические конденсаторы - поверхностного монтажа 0402 0.1µF 16V X7R 10%;;;;;;
CC0402KRX7R7BB104;1;2320;Yageo;Многослойные керамические конденсаторы - поверхностного монтажа 0402 0.1µF 16V X7R 10%;;;;;;
CC0402KRX7R8BB104;0;2223;Yageo;Многослойные керамические конденсаторы - поверхностного монтажа 0402 0.1µF 25V X7R 10%;;;;;;
GRM155R61E104KA87D;10 559;1520;Murata Electronics;Многослойные керамические конденсаторы - поверхностного монтажа 0402 0.1µF 25V X5R 10%;;;;;;
CC0402JRX7R9BB104;0;2236;Yageo;Многослойные керамические конденсаторы - поверхностного монтажа 0402 0.1µF 50V X7R 5% ;;;;;;
CC0402KRX7R9BB104;3 715;2138;Yageo;Многослойные керамические конденсаторы - поверхностного монтажа 0402 0.1µF 50V X7R 10% ;;;;;;
GRM155R71H104KE14D;0;год не марк.;Murata Electronics;Многослойные керамические конденсаторы - поверхностного монтажа 0402 0.1µF 50V X7R 10% ;;;;;;
CL05B105KQ5NQNC;0;2139;Samsung Electro-Mechanics;Многослойные керамические конденсаторы - поверхностного монтажа 0402 1µF 6.3V X7R 10%;;;;;;
CL05A105KA5NQNC;0;2232;Samsung Electro-Mechanics;Многослойные керамические конденсаторы - поверхностного монтажа 0402 1µF 25V X5R 10% ;;;;;;
CC0402KRX5R8BB105;922;2129;Yageo;Многослойные керамические конденсаторы - поверхностного монтажа 0402 1µF 25V X5R 10% ;;;;;;
GRM1555C1H120GA01D;0;2138;Murata Electronics;Многослойные керамические конденсаторы - поверхностного монтажа 0402 12pF 50V C0G 2% ;;;;;;
CC0402JRNPO9BN120 ;223;2017;Yageo;Многослойные керамические конденсаторы - поверхностного монтажа 0402 12pF 50V C0G 5% ;;;;;;
GRM155R71E123JA61D;64;2218;Murata Electronics;Многослойные керамические конденсаторы - поверхностного монтажа 0402 0.012µF 25V X7R 5% ;;;;;;
GRM155R71E123JA61D;1 000;2216;Murata Electronics;Многослойные керамические конденсаторы - поверхностного монтажа 0402 0.012µF 25V X7R 5% ;;;;;;
GRM1555C2A1R5CA01D;732;1721;Murata Electronics;Многослойные керамические конденсаторы - поверхностного монтажа 0402 1.5pF 100V C0G 0.25pF ;;;;;;
GRM1555C2A1R5CA01D;501;1721;Murata Electronics;Многослойные керамические конденсаторы - поверхностного монтажа 0402 1.5pF 100V C0G 0.25pF ;;;;;;
CC0402JRNPO0BN150;303;2308;Yageo;Многослойные керамические конденсаторы - поверхностного монтажа 0402 15pF 100V C0G 5% ;;;;;;
CC0402JRNPO9BN151 ;30;2026;Yageo;Многослойные керамические конденсаторы - поверхностного монтажа 0402 150pF 50V C0G 5% ;;;;;;
CC0402JRNPO9BN151;10;2026;Yageo;Многослойные керамические конденсаторы - поверхностного монтажа 0402 150pF 50V C0G 5% ;;;;;;
CL05C151JB5NNNC;33;1836;Samsung Electro-Mechanics ;Многослойные керамические конденсаторы - поверхностного монтажа 0402 150pF 50V C0G 5% ;;;;;;
GCM155R71H183JA55D;0;2016;Murata Electronics;Многослойные керамические конденсаторы - поверхностного монтажа 0402 0.018pF 50V X7R 5% ;;;;;;
GRM155R71H183JA12D;738;2315;Murata Electronics;Многослойные керамические конденсаторы - поверхностного монтажа 0402 0.018µF 50V X7R 5% ;;;;;;
GRM155R71H183KA12D;0;не марк;Murata Electronics;Многослойные керамические конденсаторы - поверхностного монтажа 0402 0.018µF 50V X7R 10% ;;;;;;
GCM155R71H183KA55D;51;2145;Murata Electronics;Многослойные керамические конденсаторы - поверхностного монтажа 0402 0.018µF 50V X7R 10% AEC-Q200 ;;;;;;
CC0402GRNPO9BN180;1 086;2117;Yageo;Многослойные керамические конденсаторы - поверхностного монтажа 0402 18pF 50V C0G 2%;;;;;;
CL05C180JB5NNNC ;0;не марк;Samsung Electro-Mechanics;Многослойные керамические конденсаторы - поверхностного монтажа 0402 18pF 50V C0G 5% ;;;;;;
GJM1555C1H2R2WB01;0;не марк;Murata Electronics;Многослойные керамические конденсаторы - поверхностного монтажа 0402 2.2pF 50V C0G +/-0.05pF ;;;;;;
CC0402KRX7R9BB221;13;2209;Yageo;Многослойные керамические конденсаторы - поверхностного монтажа 0402 220pF 50V X7R 10%;;;;;;
CC0402JRX7R9BB222;5;2036;Yageo;Многослойные керамические конденсаторы - поверхностного монтажа 0402 2200pF 50V X7R 5%;;;;;;
GRM155R72A222KA01D;9;2134;Murata Electronics;Многослойные керамические конденсаторы - поверхностного монтажа 0402 2200pF 100V X7R 10%;;;;;;
GRM155R72A222KA01D;926;2232;Murata Electronics;Многослойные керамические конденсаторы - поверхностного монтажа 0402 2200pF 100V X7R 10%;;;;;;
GRM155R72A222KA01D;500;2217;Murata Electronics;Многослойные керамические конденсаторы - поверхностного монтажа 0402 2200pF 100V X7R 10%;;;;;;
GRM155R71E223JA61D ;582;2150;Murata Electronics;Многослойные керамические конденсаторы - поверхностного монтажа 0402 0.022µF 25V X7R 5% ;;;;;;
CL05B223KA5NNNC;5 859;2210;Samsung Electro-Mechanics;Многослойные керамические конденсаторы - поверхностного монтажа 0402 0.022µF 25V X7R 10%;;;;;;
CC0402JRX7R9BB223;0;2145;Yageo;Многослойные керамические конденсаторы - поверхностного монтажа 0402 0.022µF 50V X7R 5% ;;;;;;
CL05B224KO5NNNC;0;2145;Samsung Electro-Mechanics;Многослойные керамические конденсаторы - поверхностного монтажа 0402 0.22µF 16V X7R 10%;;;;;;
GRM155R61C225KE11D ;0;не марк;Murata Electronics;Многослойные керамические конденсаторы - поверхностного монтажа 0402 2.2µF 16V X5R 10% ;;;;;;
GRM155R61E225KE11D;5;2131;Murata Electronics;Многослойные керамические конденсаторы - поверхностного монтажа 0402 2.2µF 25V X5R 10%;;;;;;
CC0402KRX5R8BB225;449;2234;Yageo;Многослойные керамические конденсаторы - поверхностного монтажа 0402 2.2uF 25V X5R 10% HI CV;;;;;;
CC0402GRNPO9BN360;187;2134;Yageo;Многослойные керамические конденсаторы - поверхностного монтажа 0402 36pF 50V C0G 2% ;;;;;;
CC0402GRNPO9BN360;2 012;2315;Yageo;Многослойные керамические конденсаторы - поверхностного монтажа 0402 36pF 50V C0G 2% ;;;;;;
CC0402JRX7R9BB331;0;2207;Yageo;Многослойные керамические конденсаторы - поверхностного монтажа 0402 330pF 50V X7R 5% ;;;;;;
GRM155R71H331JA01D;0;2032;Murata Electronics;Многослойные керамические конденсаторы - поверхностного монтажа 0402 330pF 50V X7R 5% ;;;;;;
CC0402JRX7R9BB332;0;1922;Yageo;Многослойные керамические конденсаторы - поверхностного монтажа 0402 3300pF 50V X7R 5% ;;;;;;
GRM155R71H332KA01D;39 150;1533;Murata Electronics;Многослойные керамические конденсаторы - поверхностного монтажа 0402 3300pF 50V X7R 10% ;;;;;;
CC0402JRX7R9BB392;95;2415;Yageo;Многослойные керамические конденсаторы - поверхностного монтажа 0402 3900pF 50V X7R 5% ;;;;;;
CC0402BRNPO9BN4R3;617;2220;Yageo;Многослойные керамические конденсаторы - поверхностного монтажа 0402 4.3pF 50V C0G ±0.1pF;;;;;;
GRM1555C2A4R7WA01;608;2203;Murata Electronics;Многослойные керамические конденсаторы - поверхностного монтажа 0402 4.7pF 100V C0G 5%;;;;;;
GRM1555C1H470FA01D;32;2123;Murata Electronics;Многослойные керамические конденсаторы - поверхностного монтажа 0402 47pF 50V C0G 1% ;;;;;;
GRM1555C2A470JA01D;50;2236;Murata Electronics;Многослойные керамические конденсаторы - поверхностного монтажа 0402 47pF 100V C0G 5% ;;;;;;
GRM1555C1H471FA01D;1 500;не марк;Murata Electronics;Многослойные керамические конденсаторы - поверхностного монтажа 0402 470pF 50V C0G 1% ;;;;;;
CC0402JRX7R9BB472;3 397;2018;Yageo;Многослойные керамические конденсаторы - поверхностного монтажа 0402 4700pF 50V X7R 5% ;;;;;;
GRM155R71H472JA01D;0;не марк;Murata Electronics;Многослойные керамические конденсаторы - поверхностного монтажа 0402 4700pF 50V X7R +/-5%;;;;;;
CC0402KRX7R6BB473;480;2030;Yageo;Многослойные керамические конденсаторы - поверхностного монтажа 0402 0.047µF 10V X7R 10% ;;;;;;
CC0402KRX7R7BB473 ;3;не марк;Yageo;Многослойные керамические конденсаторы - поверхностного монтажа 0402 0.047µF 16V X7R 10% ;;;;;;
GRM155R71E473JA88D;0;2140;Murata Electronics;Многослойные керамические конденсаторы - поверхностного монтажа 0402 0.047µF 25V X7R 5%;;;;;;
CC0402JRX7R9BB473;133;2147;Yageo;Многослойные керамические конденсаторы - поверхностного монтажа 0402 0.047µF 50V X7R 5% ;;;;;;
CC0402JRX7R9BB473;8;2147;Yageo;Многослойные керамические конденсаторы - поверхностного монтажа 0402 0.047µF 50V X7R 5% ;;;;;;
CC0402JRX7R9BB473;3 927;2335;Yageo;Многослойные керамические конденсаторы - поверхностного монтажа 0402 0.047µF 50V X7R 5% ;;;;;;
GRM155R71A474KE01D;1 016;2126;Murata Electronics;Многослойные керамические конденсаторы - поверхностного монтажа 0.47UF 10V X7R 0402;;;;;;
CL05A475MQ5NRNC;0;не марк;Samsung Electro-Mechanics;Многослойные керамические конденсаторы - поверхностного монтажа 0402 4.7µF 6.3V X5R 20% ;;;;;;
CC0402CRNPO0BN4R7;300;2139;Yageo;Многослойные керамические конденсаторы - поверхностного монтажа 0402 4.7µF 100V C0G ±0.25pF;;;;;;
CC0402CRNPO0BN4R7;160;2139;Yageo;Многослойные керамические конденсаторы - поверхностного монтажа 0402 4.7µF 100V C0G ±0.25pF;;;;;;
GRM1555C1H5R6CA01D;9 975;1541;Murata Electronics;Многослойные керамические конденсаторы - поверхностного монтажа 0402 5.6pF 50V C0G +/-0.25pF;;;;;;
GRM155R71C563JA88D;2 310;2206;Murata Electronics;Многослойные керамические конденсаторы - поверхностного монтажа 0402 0.056µF 16V X7R +/-5%;;;;;;
GRM155R71H563KE14D;0;2030;Murata Electronics;Многослойные керамические конденсаторы - поверхностного монтажа 0402 0.056µF 50V X7R 10 %;;;;;;
GRM1555C1HR60WA01D;150;год не марк.;Murata Electronics;Многослойные керамические конденсаторы - поверхностного монтажа 0402 0.6pF 50V C0G +/-0.05pF;;;;;;
GRM155R71H681KA01D ;0;не марк;Murata Electronics;Многослойные керамические конденсаторы - поверхностного монтажа 0402 680pF 50V X7R 10%;;;;;;
CC0402BRNPO9BN7R5;934;2316;Yageo;Многослойные керамические конденсаторы - поверхностного монтажа 0402 7.5pF 50V C0G ±0.1pF;;;;;;
GRM1555C1H750GA01D;0;не марк;Murata Electronics;Многослойные керамические конденсаторы - поверхностного монтажа 0402 75pF 50V C0G 1% ;;;;;;
GRM1555C1H750GA01D;115;не марк;Murata Electronics;Многослойные керамические конденсаторы - поверхностного монтажа 0402 75pF 50V C0G 1% ;;;;;;
GCQ1555C1H8R5WB01D;45;не марк;Murata Electronics;Многослойные керамические конденсаторы - поверхностного монтажа 0402 8.5pF 50V C0G +/-0.05pF AEC-Q200;;;;;;
800A1R0BT250XT;28;не марк;American Technical Ceramics;Многослойные керамические конденсаторы - поверхностного монтажа 0505 1pF 250V NP0 ±0.1pF;;;;;;
VJ0505D101JXCAJ;1;2136;Vishay ;Многослойные керамические конденсаторы - поверхностного монтажа 0505 100pF 250V C0G 5% HI FREQ ;;;;;;
SQCAEM101AJME;1;2101;Kyocera AVX ;Многослойные керамические конденсаторы - поверхностного монтажа 0505 (A Case) 100pF 150V  0+-30ppm/oC 5% Tol ;;;;;;
SQCB7M101JAJME;0;1411;Kyocera AVX ;Многослойные керамические конденсаторы - поверхностного монтажа 0505 (B Case) 100pF 500V  +90+-20ppm/oC 5% Tol ;;;;;;
800A220JT250XT5;500;2141;Kyocera AVX ;Многослойные керамические конденсаторы - поверхностного монтажа 0505 22pF  250V C0G 5% Las Mkg ;;;;;;
VJ0505D220JXPAJ;4867;2047;Vishay;Многослойные керамические конденсаторы - поверхностного монтажа 0505 22pF 250V C0G 5% HI FREQ ;;;;;;
C11CF3R0B-9ZN-X0T;25;2316;Knowles ;Многослойные керамические конденсаторы - поверхностного монтажа 0505 3pF 250V COG  ±0.1pF;;;;;;
VJ0505D560JXPAJ;28;не марк;Vishay ;Многослойные керамические конденсаторы - поверхностного монтажа 0505 56pF 250V C0G 5% HI FREQ ;;;;;;
CC0603CRNPO0BN1R0 ;30;год не марк.;Yageo ;Многослойные керамические конденсаторы - поверхностного монтажа 0603 1pF 100V C0G 0.25pF;;;;;;
GCG1885G1H100JA01D;11;2217;Murata Electronics;Многослойные керамические конденсаторы - поверхностного монтажа 0603 10pF 50V X8G 5% ;;;;;;
600S100GT250XT;0;год не марк.;American Technical Ceramics (ATC) ;Многослойные керамические конденсаторы - поверхностного монтажа 0603 10pF 250V C0G 2% ;;;;;;
GRM1882C1H101JA01D;3 362;;Murata Electronics;Многослойные керамические конденсаторы - поверхностного монтажа 0603 100pF 50V CH 5% ;;;;;;
C0603C101J1HACAUTO;20;2215;KEMET ;Многослойные керамические конденсаторы - поверхностного монтажа 0603 100pF 100V X8R 5% AEC-Q200 ;;;;;;
C0603C101K5GACTU;2;2017;KEMET ;Многослойные керамические конденсаторы - поверхностного монтажа 0603 100pF 50V C0G 10% ;;;;;;
CC0603JRX7R9BB102 ;0;2036;Yageo;Многослойные керамические конденсаторы - поверхностного монтажа 0603 1000pF 50V X7R 5% ;;;;;;
CL10C102JB8NNNC;0;2149;Samsung Electro-Mechanics;Многослойные керамические конденсаторы - поверхностного монтажа 0603 1000pF 50V COG 5% ;;;;;;
CC0603JRX7R9BB103;5 591;2146;Yageo;Многослойные керамические конденсаторы - поверхностного монтажа 0603 0.01µF 50V X7R 5%;;;;;;
GRM188R71H103KA01D ;0;2018г.;Murata Electronics;Многослойные керамические конденсаторы - поверхностного монтажа 0603 0.01µF 50V X7R 10%;;;;;;
GRM188R71H103KA01D ;0;2234;Murata Electronics;Многослойные керамические конденсаторы - поверхностного монтажа 0603 0.01µF 50V X7R 10%;;;;;;
GRM188R71H103KA01D ;1 665;2339;Murata Electronics;Многослойные керамические конденсаторы - поверхностного монтажа 0603 0.01µF 50V X7R 10%;;;;;;
C0603C104K4RACAUTO;24;1919;KEMET ;Многослойные керамические конденсаторы - поверхностного монтажа 0603 0.1µF 16V X7R 10% AEC-Q200;;;;;;
CC0603KRX7R7BB104;11 952;1808;Yageo;Многослойные керамические конденсаторы - поверхностного монтажа 0603 0.1µF 16V X7R 10%;;;;;;
CL10B104JB8NNNC;0;2129;Samsung Electro-Mechanics;Многослойные керамические конденсаторы - поверхностного монтажа 0603 0.1µF 50V X7R 5%;;;;;;
CC0603JRX7R9BB104;0;2233;Yageo;Многослойные керамические конденсаторы - поверхностного монтажа 0603 0.1µF 50V X7R 5%;;;;;;
CC0603KRX7R9BB104;0;2110, 2118;Yageo;Многослойные керамические конденсаторы - поверхностного монтажа 0603 0.1µF 50V X7R 10%;;;;;;
CC0603KRX7R9BB104;53 894;2110, 2118;Yageo;Многослойные керамические конденсаторы - поверхностного монтажа 0603 0.1µF 50V X7R 10%;;;;;;
CC0603KRX7R9BB104;0;2118;Yageo;Многослойные керамические конденсаторы - поверхностного монтажа 0603 0.1µF 50V X7R 10%;;;;;;
CC0603KRX7R0BB104 ;0;2213;Yageo;Многослойные керамические конденсаторы - поверхностного монтажа 0603 0.1µF 100V X7R 10%;;;;;;
GRM188R72A104KA35D;0;не марк;Murata Electronics;Многослойные керамические конденсаторы - поверхностного монтажа 0603 0.1µF 100V X7R 10% ;;;;;;
CC0603KRX7R6BB105;1 104;2045;Yageo;Многослойные керамические конденсаторы - поверхностного монтажа 0603 1µF 10V X7R 10%;;;;;;
CL10B105KO8NNNC;0;2133;Samsung Electro-Mechanics;Многослойные керамические конденсаторы - поверхностного монтажа 0603 1µF 16V X7R 10% ;;;;;;
CL10B105KA8NNNC;0;2240;Samsung Electro-Mechanics;Многослойные керамические конденсаторы - поверхностного монтажа 0603 1µF 25V X7R 10%;;;;;;
GRM188R71E105KA12D;0;не марк;Murata Electronics;Многослойные керамические конденсаторы - поверхностного монтажа 0603 1µF 25V X7R 10%;;;;;;
CC0603KRX5R9BB105;3 329;2116;Yageo;Многослойные керамические конденсаторы - поверхностного монтажа 0603 1µF 50V X5R 10%;;;;;;
CC0603KRX5R6BB106;97;2146;Yageo;Многослойные керамические конденсаторы - поверхностного монтажа 0603 10µF 10V X5R 10%;;;;;;
GRM188D71A106KA73D;0;год не марк.;Murata Electronics;Многослойные керамические конденсаторы - поверхностного монтажа 0603 10µF 10V X7T 10%;;;;;;
CL10A106MQ8NNNC ;60;не марк;Samsung Electro-Mechanics;Многослойные керамические конденсаторы - поверхностного монтажа 0603 10µF 6.3V X5R 20%;;;;;;
GRM188R61A106ME69;83;2146;Murata Electronics;Многослойные керамические конденсаторы - поверхностного монтажа 0603 10µF 10V X5R 20%;;;;;;
GRM1885C2E120FW07D;20;2324;Murata Electronics;Многослойные керамические конденсаторы - поверхностного монтажа 0603 12pF 250V COG 1% ;;;;;;
CC0603KRX7R9BB123 ;1 400;год не марк.;Yageo;Многослойные керамические конденсаторы - поверхностного монтажа 0603 1200pF 50V X7R 10% ;;;;;;
CC0603JRX7R9BB122;1 894;2118;Yageo;Многослойные керамические конденсаторы - поверхностного монтажа 0603 1200pF 50V X7R 5% ;;;;;;
CC0603JRNPO9BN131;800;2145;Yageo;Многослойные керамические конденсаторы - поверхностного монтажа 0603 130pF 50V COG 5% ;;;;;;
GRM1885C1H151JA01D;15 994;2015г.;Murata Electronics;Многослойные керамические конденсаторы - поверхностного монтажа 0603 150pF 50V C0G 5% ;;;;;;
GRM188R71H154KAC4D ;90;год не марк.;Murata Electronics;Многослойные керамические конденсаторы - поверхностного монтажа 0603 0.15µF 50V X7R 10% ;;;;;;
CC0603FRNPO9BN180;34;2241;Yageo;Многослойные керамические конденсаторы - поверхностного монтажа 0603 18pF 50V C0G 1% ;;;;;;
GRM1885C2A180JA1D;82;2236;Murata Electronics;Многослойные керамические конденсаторы - поверхностного монтажа 0603 18pF 100V C0G 5% ;;;;;;
600S180GT250XT;34;год не марк.;American Technical Ceramics (ATC) ;Многослойные керамические конденсаторы - поверхностного монтажа 0603 18pF 250V C0G 2% ;;;;;;
GRM1885C1H181JA01D;345;год не марк.;Murata Electronics;Многослойные керамические конденсаторы - поверхностного монтажа 0603 180pF 50V C0G 5% ;;;;;;
CC0603KRX7R9BB183;30;год не марк.;Yageo;Многослойные керамические конденсаторы - поверхностного монтажа 0603 0.018µF 50V X7R 10% ;;;;;;
CC0603KRX7R9BB202 ;9;год не марк.;Yageo;Многослойные керамические конденсаторы - поверхностного монтажа 0603 2000pF 50V X7R 10% ;;;;;;
C0603C220K5GACTU;2;2024;KEMET ;Многослойные керамические конденсаторы - поверхностного монтажа 0603 22pF 50V C0G 10% ;;;;;;
CC0603KRX7R6BB224;0;2022;Yageo;Многослойные керамические конденсаторы - поверхностного монтажа 0603 0.22µF 10V X7R 10% ;;;;;;
CL10C3R3BB8NNNC;0;1827;Samsung Electro-Mechanics;Многослойные керамические конденсаторы - поверхностного монтажа 0603 3.3pF 50V C0G +/-0.1pF ;;;;;;
CC0603JRNPO9BN330;92;год не марк.;Yageo ;Многослойные керамические конденсаторы - поверхностного монтажа 0603 33pF 50V C0G 5%;;;;;;
GRM188R71E333KA01D;3483;2002;Murata Electronics;Многослойные керамические конденсаторы - поверхностного монтажа 0603 0.033µF 25volts X7R 10% ;;;;;;
GRM1885C1H3R6CZ01D;3500;1323;Murata Electronics;Многослойные керамические конденсаторы - поверхностного монтажа 0603 3.6pF 50V C0G +/-0.25pF;;;;;;
GRM1885C1H3R9BZ01D;3500;1315;Murata Electronics;Многослойные керамические конденсаторы - поверхностного монтажа 0603 3.9pF 50V C0G +/-0.1pF;;;;;;
GRM1885C1H472JA01D;20;2005;Murata Electronics;Многослойные керамические конденсаторы - поверхностного монтажа 0603 4700pF 50V C0G +/-5%;;;;;;
CC0603JRX7R9BB473;0;2216;Yageo ;Многослойные керамические конденсаторы - поверхностного монтажа 0603 0.047µF 50V X7R 5% ;;;;;;
CC0603KRX7R7BB474;6680;2116, 2140;Yageo ;Многослойные керамические конденсаторы - поверхностного монтажа 0603 0.47µF 16V X7R 10% ;;;;;;
CL10A475KP8NNNC;45;2132;Samsung Electro-Mechanics;Многослойные керамические конденсаторы - поверхностного монтажа 0603 4.7µF 10V X5R 10%;;;;;;
GRM188D71A475KE11D ;0;2149;Murata Electronics;Многослойные керамические конденсаторы - поверхностного монтажа 0603 4.7µF 10V X7T 10%;;;;;;
CC0603KRX5R7BB475;9;2214;Yageo ;Многослойные керамические конденсаторы - поверхностного монтажа 0603 4.7µF 16V X5R 10%;;;;;;
GRM1885C1H5R0BA01D ;50;год не марк.;Murata Electronics;Многослойные керамические конденсаторы - поверхностного монтажа 0603 5pF 50V C0G +0.1 pF ;;;;;;
06035J5R6BBSTR;1;2217;KYOCERA AVX;РЧ-конденсаторы / тонкопленочные конденсаторы 0603 5.6pF 50V 0.1pF  Tol Thin Film;;;;;;
CC0603JRNPO9BN560;0;2239;Yageo ;Многослойные керамические конденсаторы - поверхностного монтажа 0603 56pF 50V C0G 5%;;;;;;
GRM1885C1H560JA01D;0;год не марк.;Murata Electronics;Многослойные керамические конденсаторы - поверхностного монтажа 0603 56pF 50V C0G 5%;;;;;;
GRM1885C2A560JA01D;28;2224;Murata Electronics;Многослойные керамические конденсаторы - поверхностного монтажа 0603 56pF 100V C0G 5%;;;;;;
CC0603JRNPO9BN561;72;2230;Yageo ;Многослойные керамические конденсаторы - поверхностного монтажа 0603 560pF 50V C0G 5%;;;;;;
GRM1885C1H6R2CZ01D;3400;год не марк.;Murata Electronics;Многослойные керамические конденсаторы - поверхностного монтажа 0603 6.2pF 50volts C0G +/-0.25pF;;;;;;
CC0603FRNPO0BN680;84;2316;Yageo ;Многослойные керамические конденсаторы - поверхностного монтажа 0603 680pF 100V C0G 1%;;;;;;
GRM1885C1H7R5BZ01D;3000;1341;Murata Electronics;Многослойные керамические конденсаторы - поверхностного монтажа 0603 7.5pF 50volts C0G +/-0.1pF;;;;;;
CC0603KRX7R9BB822;2605;год не марк.;Yageo;Многослойные керамические конденсаторы - поверхностного монтажа 0603 8200pF 50V X7R 10% ;;;;;;
CC0805CRNPO9BN1R0;1257;2139;Yageo;Многослойные керамические конденсаторы - поверхностного монтажа 0805 1pF 50V COG 0.25pF;;;;;;
CC0805JRNPO9BN100;1723;2222;Yageo;Многослойные керамические конденсаторы - поверхностного монтажа 0805 10pF 50V COG 5%;;;;;;
GRM2165C1H101JA01D;4000;2316;Murata Electronics;Многослойные керамические конденсаторы - поверхностного монтажа 0805 100pF 50V 5% C0G;;;;;;
600F101JT250XT4K;28;2225;KYOCERA AVX;100 pF ±5% 250V Ceramic Capacitor C0G, NP0 0805 (2012 Metric);;;;;;
CL21C102JBCNNNC;327;2207;Samsung Electro-Mechanics ;Многослойные керамические конденсаторы - поверхностного монтажа 0805 1000pF 50V COG 5% ;;;;;;
CL21C102JBCNNNC;13;2206;Samsung Electro-Mechanics ;Многослойные керамические конденсаторы - поверхностного монтажа 0805 1000pF 50V COG 5% ;;;;;;
CC0805KRX7R9BB102;23;2338;Yageo;Многослойные керамические конденсаторы - поверхностного монтажа 0805 1000pF 50V X7R 10% ;;;;;;
CC0805KRX7RABB102 ;2;год не марк.;Yageo;Многослойные керамические конденсаторы - поверхностного монтажа 0805 1000pF 200V X7R 10% ;;;;;;
GRM2195C1H103JA01D;370;2233;Murata Electronics;Многослойные керамические конденсаторы - поверхностного монтажа 0805 0.01µF 50V C0G 5%;;;;;;
CC0805KRX7R9BB103;2546;2101;Yageo;Многослойные керамические конденсаторы - поверхностного монтажа 0805 0.01µF 50V X7R 10% ;;;;;;
GRM21BR72A103KA01L;2680;1802;Murata Electronics;Многослойные керамические конденсаторы - поверхностного монтажа 0805 0.01µF 100V X7R 10% ;;;;;;
CC0805KKX7RYBB103;176;2143;Yageo;Многослойные керамические конденсаторы - поверхностного монтажа 0805 0.01µF 250V X7R 10%;;;;;;
CL21B104JBCNNNC;3236;2110;Samsung Electro-Mechanics;Многослойные керамические конденсаторы - поверхностного монтажа 0805 0.1µF 50V X7R 5%;;;;;;
08055C104KAT2A;0;год не марк.;AVX;Многослойные керамические конденсаторы - поверхностного монтажа 0805 0.1µF 50V X7R 10%;;;;;;
CC0805KPX7R9BB104;6576;2019;Yageo;Многослойные керамические конденсаторы - поверхностного монтажа 0805 0.1µF 50V X7R 10%;;;;;;
CL21B105KBFNNNE;0;2124;Samsung Electro-Mechanics;Многослойные керамические конденсаторы - поверхностного монтажа 0805 1µF 50V X7R 10%;;;;;;
CL21B106KPQNNNE;0;2135;Samsung Electro-Mechanics;Многослойные керамические конденсаторы - поверхностного монтажа 0805 10µF 10V X7R 10%;;;;;;
CC0805JRNPO9BN120;1484;2123;Yageo;Многослойные керамические конденсаторы - поверхностного монтажа 0805 12pF 50V C0G 5%;;;;;;
GRM2195C1H123JA01D ;107;год не марк.;Murata Electronics;Многослойные керамические конденсаторы - поверхностного монтажа 0805 0.012µF 50V C0G 5% ;;;;;;
CC0805JRNPO9BN131;446;год не марк.;Yageo;Многослойные керамические конденсаторы - поверхностного монтажа 0805 130pF 50V C0G 5%;;;;;;
C0805C150J5GAC7800;12000;1629;Kemet;Многослойные керамические конденсаторы - поверхностного монтажа 0805 15pF 50V C0G 5%;;;;;;
CC0805JRNPO9BN150;1456;2144;Yageo;Многослойные керамические конденсаторы - поверхностного монтажа 0805 15pF 50V C0G 5%;;;;;;
GRM2165C1H151JA01D;1184;2215;Murata Electronics;Многослойные керамические конденсаторы - поверхностного монтажа 0805 150pF 50V C0G 5%;;;;;;
GRM2195C1H153JA01D;500;2127;Murata Electronics;Многослойные керамические конденсаторы - поверхностного монтажа 0805 0.015µF 50V C0G 5%;;;;;;
GRM2165C1H161JA01D;541;2108;Murata Electronics;Многослойные керамические конденсаторы - поверхностного монтажа 0805 160pF 50V C0G 5%;;;;;;
0805N162J500NT;40;2023;Hitano ;Многослойные керамические конденсаторы - поверхностного монтажа 0805 1600pF 50V C0G 5% ;;;;;;
0805N162J500NT;50;2023;Hitano ;Многослойные керамические конденсаторы - поверхностного монтажа 0805 1600pF 50V C0G 5% ;;;;;;
CC0805JRNPO9BN180;1337;2132;Yageo;Многослойные керамические конденсаторы - поверхностного монтажа 0805 18pF 50V C0G 5%;;;;;;
GRM2165C1H182JA01D;291;2135;Murata Electronics;Многослойные керамические конденсаторы - поверхностного монтажа 0805 1800pF 50V C0G 5%;;;;;;
CC0805JRNPO9BN200;668;2142;Yageo;Многослойные керамические конденсаторы - поверхностного монтажа 0805 20pF 50V COG 5%;;;;;;
CC0805JRNPO9BN200;1670;2144;Yageo;Многослойные керамические конденсаторы - поверхностного монтажа 0805 20pF 50V COG 5%;;;;;;
CC0805JRNPO9BN201;756;2131;Yageo;Многослойные керамические конденсаторы - поверхностного монтажа 0805 200pF 50V COG 5%;;;;;;
C0805C202KDRAC7800;965;год не марк.;Kemet;Многослойные керамические конденсаторы - поверхностного монтажа 0805 2000pF 1kV COG 5%;;;;;;
08055A220JAT2A;7 965;1530;AVX;Многослойные керамические конденсаторы - поверхностного монтажа 0805 22pF 50V C0G 5%;;;;;;
CC0805JRNPO9BN220;1356;2214;Yageo;Многослойные керамические конденсаторы - поверхностного монтажа 0805 22pF 50V COG 5%;;;;;;
CC0805JRNPO9BN221;1043;2201;Yageo;Многослойные керамические конденсаторы - поверхностного монтажа 0805 220pF 50V COG 5%;;;;;;
CC0805KKX7R9BB224;5890;2318;Yageo;Многослойные керамические конденсаторы - поверхностного монтажа 0805 0.22µF 50V X7R 10%;;;;;;
CL21B224KBFNNNE;0;2232;Samsung Electro-Mechanics;Многослойные керамические конденсаторы - поверхностного монтажа 0805 0.22µF 50V X7R 10%;;;;;;
CL21B225KAFNNNE;268;2235;Samsung Electro-Mechanics;Многослойные керамические конденсаторы - поверхностного монтажа 0805 2.2µF 25V X7R 10% ;;;;;;
CC0805JRNPO9BN241 ;612;год не марк.;Yageo;Многослойные керамические конденсаторы - поверхностного монтажа 0805 240pF 50V NPO 5% ;;;;;;
CC0805CRNPO9BN2R7;5;год не марк.;Yageo;Многослойные керамические конденсаторы - поверхностного монтажа 0805 2.7pF  50V C0G +/- 0.25pF ;;;;;;
CL21C270JBANNNC;1237;2202;Samsung Electro-Mechanics;Многослойные керамические конденсаторы - поверхностного монтажа 0805 27pF 50V C0G 5%;;;;;;
GRM2165C1H272JA01D;171;2105;Murata Electronics;Многослойные керамические конденсаторы - поверхностного монтажа 0805 2700pF 50V C0G 5%;;;;;;
GRM219R71E274KA01D;50;год не марк.;Murata Electronics;Многослойные керамические конденсаторы - поверхностного монтажа 0805 0.27µF 25V X7R 10% ;;;;;;
CC0805CRNPO9BN3R0;949;2015;Yageo;Многослойные керамические конденсаторы - поверхностного монтажа 0805 3pF 50V COG 0.25pF ;;;;;;
CC0805CRNPO9BN3R3;1250;2044;Yageo;Многослойные керамические конденсаторы - поверхностного монтажа 0805 3.3pF 50V COG 0.25pF ;;;;;;
CC0805JRNPO9BN300;1337;2133;Yageo;Многослойные керамические конденсаторы - поверхностного монтажа 0805 30pF 50V COG 5%;;;;;;
CC0805JRNPO9BN330;1427;2214;Yageo;Многослойные керамические конденсаторы - поверхностного монтажа 0805 33pF 50V COG 5%;;;;;;
CC0805JRNPOBBN330;11;2216;Yageo;Многослойные керамические конденсаторы - поверхностного монтажа 0805 33pF 500V C0G 5% ;;;;;;
CC0805KRX7R0BB332;292;2147;Yageo;Многослойные керамические конденсаторы - поверхностного монтажа 0805 3300pF 50V X7R 10%;;;;;;
CC0805JRX7R9BB333;160;2136;Yageo;Многослойные керамические конденсаторы - поверхностного монтажа 0805 0.033µF 50V X7R 5%;;;;;;
CC0805BRNPO9BN3R6;1 193;2126;Yageo;Многослойные керамические конденсаторы - поверхностного монтажа 0805 3.6pF  50V C0G +/-0.1pF ;;;;;;
CC0805JRNPO9BN360;1 430;2135;Yageo;Многослойные керамические конденсаторы - поверхностного монтажа 0805 36pF 50V COG 5%;;;;;;
GQM2195C2E3R9CB12D;0;2143;Murata Electronics;Многослойные керамические конденсаторы - поверхностного монтажа 0805 3.9 pF 250V 0.25pF C0G ;;;;;;
CC0805JRNPO9BN390;1 429;2052;Yageo;Многослойные керамические конденсаторы - поверхностного монтажа 0805 39pF 50V COG 5%;;;;;;
CC0805CRNPO9BN4R3;1 243;2216;Yageo;Многослойные керамические конденсаторы - поверхностного монтажа 0805 4.3pF 50V COG 0.25pF ;;;;;;
CC0805CRNPO9BN4R7;1 343;2217;Yageo;Многослойные керамические конденсаторы - поверхностного монтажа 0805 4.7pF 50V COG 0.25pF ;;;;;;
CC0805JRNPO9BN470;342;2217;Yageo;Многослойные керамические конденсаторы - поверхностного монтажа 0805 47pF 50V COG 5%;;;;;;
CC0805KRX7RBBB471;70;год не марк.;Yageo;Многослойные керамические конденсаторы - поверхностного монтажа 0805 470pF 500V X7R 10%;;;;;;
GRM21AR72E472KW01D;2;год не марк.;Murata Electronics;Многослойные керамические конденсаторы - поверхностного монтажа 0805 4700pF 250Volts X7R 10% ;;;;;;
CC0805JRX7R9BB473;293;2147;Yageo;Многослойные керамические конденсаторы - поверхностного монтажа 0805 0.047µF 50V X7R 5% ;;;;;;
CC0805KRX7R9BB473;822;2231;Yageo;Многослойные керамические конденсаторы - поверхностного монтажа 0805 0.047µF 50V X7R 10% ;;;;;;
GRM219R71C474KA01D;0;не марк;Murata Electronics;Многослойные керамические конденсаторы - поверхностного монтажа 0805 0.47µF 16V X7R 10% ;;;;;;
CL21B474KBFNNNE;200;2135;Samsung Electro-Mechanics;Многослойные керамические конденсаторы - поверхностного монтажа 0805 0.47µF 50V X7R 10% ;;;;;;
CL21B474KBFNNNE;333;2235;Samsung Electro-Mechanics;Многослойные керамические конденсаторы - поверхностного монтажа 0805 0.47µF 50V X7R 10% ;;;;;;
CC0805KKX7R9BB474;40;2306;YAGEO;Многослойные керамические конденсаторы - поверхностного монтажа 0805 0.47µF 50V X7R 10%;;;;;;
CM21X5R475K06AT;2378;mar 2002;Kyocera;Многослойные керамические конденсаторы - поверхностного монтажа 0805 4.7µF 6.3V X5R 10% ;;;;;;
GRM21BR71A475KA73L ;592;2135;Murata Electronics;Многослойные керамические конденсаторы - поверхностного монтажа 0805 4.7µF 10V X7R 10% ;;;;;;
TCC0805X7R475K100FT;550;2138;CCTC;Многослойные керамические конденсаторы - поверхностного монтажа 0805 4.7µF 10V X7R 10% ;;;;;;
CL21A475KBQNNNE;178;2312;Samsung Electro-Mechanics;Многослойные керамические конденсаторы - поверхностного монтажа 0805 4.7uF 50V X5R 10%;;;;;;
CL21C5R1CBANNNC;42;2113;Samsung Electro-Mechanics;Многослойные керамические конденсаторы - поверхностного монтажа 0805 5.1pF 50V C0G ±0.25pF;;;;;;
CC0805CRNPO9BN5R6;1243;2134;Yageo;Многослойные керамические конденсаторы - поверхностного монтажа 0805 5.6pF 50V C0G ±0.25pF;;;;;;
CC0805JRNPO9BN560;30;2145;Yageo;Многослойные керамические конденсаторы - поверхностного монтажа 0805 56pF 50V COG 5%;;;;;;
CC0805JRNPOABN560;592;2304;Yageo;Многослойные керамические конденсаторы - поверхностного монтажа 0805 56pF 200V COG 5%;;;;;;
CC0805JRNPO9BN561;1126;2210;Yageo;Многослойные керамические конденсаторы - поверхностного монтажа 0805 560pF 50V COG 5%;;;;;;
GRM2195C1H562JA01D;356;2218;Yageo;Многослойные керамические конденсаторы - поверхностного монтажа 0805 5600pF 50V COG 5%;;;;;;
CC0805JRNPO9BN681;0;2202;Yageo;Многослойные керамические конденсаторы - поверхностного монтажа 0805 680pF 50V COG 5%;;;;;;
GRM2195C1H682JA01D;7;2145;Yageo;Многослойные керамические конденсаторы - поверхностного монтажа 0805 6800pF 50V COG 5%;;;;;;
GRM2195C1H682JA01D;2500;2128;Yageo;Многослойные керамические конденсаторы - поверхностного монтажа 0805 6800pF 50V COG 5%;;;;;;
GRM21BR71H683KA01L;0;2151;Murata Electronics;Многослойные керамические конденсаторы - поверхностного монтажа 0805 0.068µF 50V X7R 10%  ;;;;;;
CC0805KRX7R9BB683;714;2145;Yageo;Многослойные керамические конденсаторы - поверхностного монтажа 0805 0.068µF 50V X7R 10%;;;;;;
CC0805CRNPO9BN8R2;434;2148;Yageo;Многослойные керамические конденсаторы - поверхностного монтажа 0805 8.2pF 50V C0G ±0.25pF;;;;;;
CC0805JRNPO9BN820;996;2151;Yageo;Многослойные керамические конденсаторы - поверхностного монтажа 0805 82pF 50V C0G 5%;;;;;;
ATC800B2R0BT500X;4;1819;American Technical Ceramics;Многослойные керамические конденсаторы - поверхностного монтажа 1111 2pF 500V NP0 ±0.1pF;;;;;;
ATC800B2R4BT500XT;5;1830;American Technical Ceramics;Многослойные керамические конденсаторы - поверхностного монтажа 1111 2.4pF 500V NP0 ±0.1pF;;;;;;
GQM22M5C2H3R9CB01L;601;2220;Murata Electronics;Многослойные керамические конденсаторы - поверхностного монтажа 1111 3.9pF 500V +/-0.25pF C0G;;;;;;
GQM22M5C2H3R9CB01L;302;2220;Murata Electronics;Многослойные керамические конденсаторы - поверхностного монтажа 1111 3.9pF 500V +/-0.25pF C0G;;;;;;
GRM31BR73A102KW01;0;2013;Murata Electronics;Многослойные керамические конденсаторы - поверхностного монтажа 1206 1000pF 1000V X7R 10%;;;;;;
GRM31MR71C105KA01K;1000;не марк;Murata Electronics;Многослойные керамические конденсаторы - поверхностного монтажа 1206 1µF 16V X7R 10%;;;;;;
CL31B106KBHNNNE;0;2217;Samsung Electro-Mechanics;Многослойные керамические конденсаторы - поверхностного монтажа 1206 10µF 50V X7R 10%;;;;;;
GRM31CR61H106KA12L ;0;год не марк.;Murata Electronics;Многослойные керамические конденсаторы - поверхностного монтажа 1206 10µF 50V X5R 10% ;;;;;;
GRM31CR61A107ME05L;112;2149;TDK Corporation;Многослойные керамические конденсаторы - поверхностного монтажа 1206 100µF 10V X5R 20%  ;;;;;;
GRM31CR61A107ME05L;112;2149;TDK Corporation;Многослойные керамические конденсаторы - поверхностного монтажа 1206 100µF 10V X5R 20%  ;;;;;;
CC1206KKX7R0BB154;17;2313;Yageo;Многослойные керамические конденсаторы - поверхностного монтажа 1206 0.15uF 100V X7R 10%;;;;;;
CL31A226KAHNNNE;0;2128;Samsung Electro-Mechanics ;Многослойные керамические конденсаторы - поверхностного монтажа 1206 22µF 25V X5R 10%  ;;;;;;
CC1206KRX7R9BB334;1492;2212;Yageo;Многослойные керамические конденсаторы - поверхностного монтажа 1206 0.32µF 50V X7R 10% ;;;;;;
CC1206JRNPO9BN392;300;2128;Yageo;Многослойные керамические конденсаторы - поверхностного монтажа 1206 3900pF 50V COG 5% ;;;;;;
CC1206JRNPO9BN392;496;2150;Yageo;Многослойные керамические конденсаторы - поверхностного монтажа 1206 3900pF 50V COG 5% ;;;;;;
GRM31CC72A475ME11L‎ ;0;год не марк.;Murata Electronics;Многослойные керамические конденсаторы - поверхностного монтажа 1206 4.7µF 100Volts X7S ±20% ;;;;;;
C3216X5R0J476M160AC;1;не марк;TDK;Многослойные керамические конденсаторы - поверхностного монтажа 1206 47µF 6.3volts X5R 20% ;;;;;;
CL31A476MQHNNNE;39;2227;Samsung Electro-Mechanics ;Многослойные керамические конденсаторы - поверхностного монтажа 1206 47µF 6.3V X5R 20%;;;;;;
CC1210KKX7RDBB102 ;5;2032;YAGEO ;Многослойные керамические конденсаторы - поверхностного монтажа 1210 1000pF 2kV X7R 10% ;;;;;;
C1210X103J5GAC7800;2500;2212;KEMET ;Многослойные керамические конденсаторы - поверхностного монтажа 1210 0.01µF 50V C0G 5%;;;;;;
TMK325BJ106MM-T;7;2051;Taiyo Yuden;Многослойные керамические конденсаторы - поверхностного монтажа 1210 10µF 25V X5R 20%;;;;;;
GRM32DR71C106KA01L;2184;2144;Murata Electronics;Многослойные керамические конденсаторы - поверхностного монтажа 1210 10µF 16V X7R 10%;;;;;;
CL32B106KOJNNNE;3424;2213;Samsung Electro-Mechanics ;Многослойные керамические конденсаторы - поверхностного монтажа 1210 10µF 16V X7R 10%;;;;;;
CL32B106KAJNNNE;1;2214;Samsung Electro-Mechanics ;Многослойные керамические конденсаторы - поверхностного монтажа 1210 10µF 25V X7R 10%;;;;;;
CL32B106KAJNNNE;675;2240;Samsung Electro-Mechanics ;Многослойные керамические конденсаторы - поверхностного монтажа 1210 10µF 25V X7R 10%;;;;;;
C1210C106M6PAC;3;2321;KEMET;Многослойные керамические конденсаторы - поверхностного монтажа 1210 10uF 35V X5R 20% ;;;;;;
CC1210MKX5R5BB107;0;2131;YAGEO ;Многослойные керамические конденсаторы - поверхностного монтажа 1210 100µF 6.3V X5R 20% ;;;;;;
CL32A107MQVNNNE ;52;лента;Samsung Electro-Mechanics ;Многослойные керамические конденсаторы - поверхностного монтажа 1210 100µF 6.3V X5R 20%  ;;;;;;
CL32A107MQVNNNE ;225;лента;Samsung Electro-Mechanics ;Многослойные керамические конденсаторы - поверхностного монтажа 1210 100µF 6.3V X5R 20%  ;;;;;;
CL32A107MPVNNNE;0;2147;Samsung Electro-Mechanics ;Многослойные керамические конденсаторы - поверхностного монтажа 1210 100µF 10V X5R 20%  ;;;;;;
GRM32ER71E226KE15L ;0;2229;Murata Electronics;Многослойные керамические конденсаторы - поверхностного монтажа 1210 22µF 25V X7R 10% ;;;;;;
GRM32DR72J333KW01L;2;2218;Murata Electronics;Многослойные керамические конденсаторы - поверхностного монтажа 1210 0.033µF 630V X7R 10% ;;;;;;
C1210C684K3RACTU;702;1933;KEMET ;Многослойные керамические конденсаторы - поверхностного монтажа 1210 0.68µF 25V X7R 10% ;;;;;;
C1210C684K5RACAUTO;5;2151;KEMET ;Многослойные керамические конденсаторы - поверхностного монтажа 1210 0.68µF 50V X7R 10% AEC-Q200 ;;;;;;
C1210C684K5RACAUTO;4;2147;KEMET ;Многослойные керамические конденсаторы - поверхностного монтажа 1210 0.68µF 50V X7R 10% AEC-Q200 ;;;;;;
1210GC821KAT2A;2;год не марк.;Murata Electronics;Многослойные керамические конденсаторы - поверхностного монтажа 1210 820pF 2KV X7R 10% Tol HI VOLT ;;;;;;
GRM42A5C3F220JW01L;4;2019;Murata Electronics;Многослойные керамические конденсаторы - поверхностного монтажа 1808 22pF 3.1KV C0G 5%;;;;;;
CC1812KKX7R9BB105;1000;2244;Yageo;Многослойные керамические конденсаторы - поверхностного монтажа 1812 1µF 50V X7R 10%;;;;;;
GRM43ER72A225KA01L;1000;2252;Murata Electronics;Многослойные керамические конденсаторы - поверхностного монтажа 1812 2.2µF 100V X7R 10% ;;;;;;
GRM43DR73A473KW01L;401;2236;Murata Electronics;Многослойные керамические конденсаторы - поверхностного монтажа 1812 0.047µF 1kV X7R 10% ;;;;;;
C1812C681JDGAC7800;8;1938;KEMET;Многослойные керамические конденсаторы - поверхностного монтажа 1812 680pF 1000V C0G 5% ;;;;;;
CGA9Q4C0G2W104J280KA;0;2219;TDK ;Многослойные керамические конденсаторы - поверхностного монтажа 2220 0.1µF 450V C0G 5% AEC-Q200 ;;;;;;
GRM55DR72E105KW01L;16;2229;Murata Electronics;Многослойные керамические конденсаторы - поверхностного монтажа 2220 1.0µF 250V 10%;;;;;;
KTS501B105M76N0T00;0;2148;United Chemi-Con (UCC) ;Многослойные керамические конденсаторы - поверхностного монтажа 3025 2.2µF 250V  X7R 20% ;;;;;;
KTS251B225M76N0T00;0;2137;United Chemi-Con (UCC) ;Многослойные керамические конденсаторы - поверхностного монтажа 3025 1µF 500V  X7R 20% ;;;;;;
KTS251B225M76N0T00;0;2222;United Chemi-Con (UCC) ;Многослойные керамические конденсаторы - поверхностного монтажа 3025 2.2µF 250V  X7R 20% ;;;;;;
111TG101M100TT;117;год не марк.;American Technical Ceramics (ATC) ;Многослойные керамические конденсаторы - поверхностного монтажа case T 100pF 100V 20% Single Layer Cap ;;;;;;
2R5TPE470M7;150;2204;Panasonic ;Полимерные танталовые конденсаторы 470µF 2.5volts ESR 7mohm case D2E;;;;;;
4609M-901-104LF;0;1551;Bourns;Конденсаторные массивы и сети 9Pin 0.1µF 20% Bussed X7R;;;;;;
715P10396KA3;6;2212;Cornell Dubilier Electronics (CDE);"Пленочные конденсаторы 10nF 600V 10% Orange Drop 
10000 pF Film Capacitor 200V 600V Polypropylene (PP), Metallized Radial";;;;;;
A-V331VZ1H-12013M;2764;2209;APAQ Technology;Алюминиевые электролитические конденсаторы для поверхностного монтажа 330µF 50V ;;;;;;
B32520C3104K ;3;год не марк.;EPCOS / TDK ;Пленочные конденсаторы 0.1µF 250V 10% ;;;;;;
B32520C3683K000;5;2213;EPCOS / TDK ;Пленочные конденсаторы 0.068uF 250volt 10% ;;;;;;
C340C225K5R5TA;8;2205;KEMET;Radial  Многослойные керамические конденсаторы - покрытие с содержанием свинца 50V 2.2µF X7R 10% LS=5.08mm;;;;;;
CKG57NX7R2E225M500JJ;98;;TDK Corporation;"Специальные керамические конденсаторы 1812 250V 2.2uF X7T 20% T: 5mm 
(2.2 µF ±20% 250V Ceramic Capacitor X7T Stacked SMD, 2 J-Lead)";;;;;;
ECW-F4105JL ;64;;Panasonic ;Пленочные конденсаторы 1µF 400V 5% MPP L/S=20mm ;;;;;;
EEUFC1H4R7B;30;росс;Panasonic ;Оксидно-электролитические алюминиевые конденсаторы - С радиальными выводами 4.7µF 50volts AEC-Q200 ;;;;;;
ESMQ451VSN471MR45S;10;2306;Chemi-Con;"Алюминиевые электролитические конденсаторы с жесткими выводами 470µF 450V
470µF 450V Aluminum Electrolytic Capacitors Radial, Can - Snap-In 2000 Hrs @ 85°C";;;;;;
MKT1813447405;64;1813;Vishay ;Пленочные конденсаторы 0.47µF 400V 10% ;;;;;;
RDER73A222K2K1H03B;2;2019;Murata ;Многослойные керамические конденсаторы - покрытие с содержанием свинца Radial 2200pF 1kVDC X7R ;;;;;;
ST150-60T2KI;8;;Vishay ;Танталовые конденсаторы - жидкостные ST150-60T2KI ;;;;;;
UUD1C471MNL1GS;10;1707;;Алюминиевые электролитические конденсаторы для поверхностного монтажа 16V 470µF 8mm×10mm ;;;;;;
TAJR105K020RNJ;5;2305;AVX;Танталовые конденсаторы - твердые, для поверхностного монтажа 0805 1µF 20V 10% R case   ;;;;;;
TAJR225K010RNJ ;1400;2018;AVX;Танталовые конденсаторы - твердые, для поверхностного монтажа 0805 2.2µF 10V 10% R case   ;;;;;;
293D105X9016A2TE3;15;1921;Vishay / Sprague;Танталовые конденсаторы - твердые, для поверхностного монтажа 1206 1µF 16V 10% A case ;;;;;;
TAJA106K006RNJ;0;"2105, 2106, 
2108, 2412";AVX;Танталовые конденсаторы - твердые, для поверхностного монтажа 1206 10µF 6.3V 10% A case;;;;;;
TAJA106K010TNJ ;0;2213;AVX;Танталовые конденсаторы - твердые, для поверхностного монтажа 1206 10µF 10V 10% A case;;;;;;
TAJA106K016RNJ;2;2124;AVX;Танталовые конденсаторы - твердые, для поверхностного монтажа 1206 10µF 16V 10% A case;;;;;;
293D225X9010A2TE3;2000;1048;Vishay / Sprague;Танталовые конденсаторы - твердые, для поверхностного монтажа 1206 2.2µF 10V 10% A case;;;;;;
T491A225K016AH;300;1338;Kemet;Танталовые конденсаторы - твердые, для поверхностного монтажа 1206 2.2µF 16V 10% A case;;;;;;
TAJA225K016RNJ ;5;2020;AVX;Танталовые конденсаторы - твердые, для поверхностного монтажа 1206 2.2µF 16V 10% A case;;;;;;
TAJA225K020RNJ ;0;1807;AVX;Танталовые конденсаторы - твердые, для поверхностного монтажа 1206 2.2µF 20V 10% A case;;;;;;
TAJA476K006RNJ;2000;1533;AVX;Танталовые конденсаторы - твердые, для поверхностного монтажа 1206 47µF 6.3V 10% A case;;;;;;
TAJB106K010RNJ;11;2113;AVX;Танталовые конденсаторы - твердые, для поверхностного монтажа 1210 10µF 10V 10%  B Case ;;;;;;
TAJB106K016RNJ;16;2035;AVX;Танталовые конденсаторы - твердые, для поверхностного монтажа 1210 10µF 16V 10%  B Case ;;;;;;
TAJB106K025RNJ;3;;AVX;Танталовые конденсаторы - твердые, для поверхностного монтажа 1210 10µF 25V 10%  B Case ;;;;;;
TAJB157M006RNJ;190;2231;AVX;Танталовые конденсаторы - твердые, для поверхностного монтажа 1210 150µF 6.3V 20%  B Case ;;;;;;
T491B225K020AT;109;2144;KEMET;Танталовые конденсаторы - твердые, для поверхностного монтажа 1210 2.2µF 20V 10%  B Case ;;;;;;
T491B225K020AT;25;2149;KEMET;Танталовые конденсаторы - твердые, для поверхностного монтажа 1210 2.2µF 20V 10%  B Case ;;;;;;
T491B225M020AT;2;2207;KEMET;Танталовые конденсаторы - твердые, для поверхностного монтажа 1210 2.2µF 20V 20%  B Case ;;;;;;
TAJB226K016RNJ;21;2333;AVX;Танталовые конденсаторы - твердые, для поверхностного монтажа 1210 22µF 16V 10%  B Case ;;;;;;
TAJB685K016RNJ ;8;;AVX;Танталовые конденсаторы - твердые, для поверхностного монтажа 1210 6.8µF 16V 10%  B Case ;;;;;;
TAJB685K025RNJ;65;2104;AVX;Танталовые конденсаторы - твердые, для поверхностного монтажа 1210 6.8µF 25V 10%  B Case ;;;;;;
T491C226K010AT;4;2207;KEMET ;Танталовые конденсаторы - твердые для поверхностного монтажа 2312 22µF 10V 10% C case;;;;;;
293D336X9020C2TE3;210;год не марк.;Vishay / Sprague;Танталовые конденсаторы - твердые для поверхностного монтажа 2312 33µF 20V 10% C Case;;;;;;
TAJC476K016RNJ;0;2427 - 2434;AVX;Танталовые конденсаторы - твердые для поверхностного монтажа 2312 47µF 16V 10% C case;;;;;;
TAJC476M016RNJ ;0;1951;AVX;Танталовые конденсаторы - твердые для поверхностного монтажа 2312 47µF 16V 20% C case;;;;;;
TPSC686M016R0200;5;;AVX;Танталовые конденсаторы - твердые для поверхностного монтажа 2312 68µF 16V 20% C case;;;;;;
T491C107K010AT;1;2130;KEMET ;Танталовые конденсаторы - твердые для поверхностного монтажа 2312 100µF 10V 10% C case;;;;;;
594D127X9020R2T ;2;2111;Vishay ;Танталовые конденсаторы - твердые для поверхностного монтажа 2824 120µF 20V 10% R case;;;;;;
T491D106K035AT;6;2235;KEMET;Танталовые конденсаторы - твердые для поверхностного монтажа 2917 10µF 35V 10%  D case  ;;;;;;
T491D106K050AT;889;2310;KEMET;Танталовые конденсаторы - твердые для поверхностного монтажа 2917 10µF 50V 10%  D case  ;;;;;;
TAJD107K010RNJ;3;2322;AVX;Танталовые конденсаторы - твердые для поверхностного монтажа 2917 100µF 10V 10% D case  ;;;;;;
TAJD107K016RNJ;0;2150;AVX;Танталовые конденсаторы - твердые для поверхностного монтажа 2917 100µF 16V 10% D case  ;;;;;;
T491D156K020AT;171;2218;KEMET ;Танталовые конденсаторы - твердые для поверхностного монтажа 2917 15µF 20V 10% D case;;;;;;
T491D156K025AT;200;2137;KEMET ;Танталовые конденсаторы - твердые для поверхностного монтажа 2917 15µF 25V 10% D case;;;;;;
TAJD156K050RNJ;20;2217;AVX;Танталовые конденсаторы - твердые для поверхностного монтажа 2917 15µF 25V 10% D case;;;;;;
T491X156K050AT;3;2236;KEMET ;Танталовые конденсаторы - твердые для поверхностного монтажа 2917 15µF 50V 10% X case;;;;;;
TAJD226K020RNJ;1;2027;AVX;Танталовые конденсаторы - твердые для поверхностного монтажа 2917 22µF 20V 10% D case;;;;;;
TAJD226K020RNJ;1;2204;AVX;Танталовые конденсаторы - твердые для поверхностного монтажа 2917 22µF 20V 10% D case;;;;;;
T491D686K006AT7280;8;2247;KEMET;Танталовые конденсаторы - твердые для поверхностного монтажа 2917 68µF 6.3V 10% D case;;;;;;
TPSD686K020R0300 ;8;;AVX;Танталовые конденсаторы - твердые для поверхностного монтажа 2917 68µF 20V 10% D case;;;;;;
T495D686K020ATE150;49;2134;KEMET ;Танталовые конденсаторы - твердые для поверхностного монтажа 2917 68µF 20V 10% D case;;;;;;
T495D686K020ATE150;100;2134;KEMET ;Танталовые конденсаторы - твердые для поверхностного монтажа 2917 68µF 20V 10% D case;;;;;;
TAJE227K016RNJ;1;;AVX;Танталовые конденсаторы - твердые для поверхностного монтажа 2917 220µF 16V 10% E case;;;;;;
TPSE227M016R0150;0;2136;Texas Instruments ;Танталовые конденсаторы - твердые для поверхностного монтажа 2917 220µF 16V 20% E Case;;;;;;
3296W-1-103;10;2111;Bochen;"Подстроечные резисторы - сквозное отверстие 3/8"" 10KOhms Sealed Vertical Adjust ";;;;;;
3296W-334I-LF (3296W-1-334);298;год не марк.;Bourns;Резистор подстроечный 330кОм;;;;;;
3296W-1-502LF;1;2107;Bourns;"Подстроечные резисторы - сквозное отверстие 3/8"" 5KOhms Sealed Vertical Adjust ";;;;;;
4309R-101-222;22;1818;Bourns;Резисторные сборки и массивы 10pin 2.2KOhms Bussed Low Profile ;;;;;;
4309R-101-222;4;;Bourns;Резисторные сборки и массивы 10pin 2.2KOhms Bussed Low Profile ;;;;;;
CF-25 (C1-4) 0.25Вт 220 Ом;500;лента;Тайвань;Резистор   углеродистый   ;;;;;;
EXB-28V103JX;12;2017;Panasonic;Резисторные сборки и массивы 10K Ohm 5%;;;;;;
SQP25 RX27-1 ;10;1803;;SQP (25W 91kOHM 5%);;;;;;
SQP5-4R7JB5;4;2023;;Резисторы с проволочной обмоткой – сквозное отверстие  (SQP 5 Вт 4,7Ом, 5%);;;;;;
SQP10AJB-1R5;2;россыпь;Yageo ;Резисторы с проволочной обмоткой – сквозное отверстие 1.5Ohms  ±5% 10W;;;;;;
SQP10AJB-2R2;2;россыпь;Yageo;Резисторы с проволочной обмоткой – сквозное отверстие 2.2Ohms  ±5% 10W;;;;;;
SQP10AJB-0R27;2;россыпь;Yageo ;Резисторы с проволочной обмоткой – сквозное отверстие 270mOhms  ±5% 10W;;;;;;
SQP-20W-3K9J (SQP20AJB-3K9);10;россыпь;Yageo ;Резисторы с проволочной обмоткой – сквозное отверстие 3.9K Ohms  ±5% 20W;;;;;;
SQP20AJB-9R1;4;2146;Yageo ;Резисторы с проволочной обмоткой – сквозное отверстие 9.1Ohm 5%  20W ;;;;;;
SQP500JB-1R1;4;2137;Yageo ;Резисторы с проволочной обмоткой – сквозное отверстие 1.1Ohm 5%  5W ;;;;;;
SQP500JB-4R7;9;2145;Yageo ;Резисторы с проволочной обмоткой – сквозное отверстие 4.7Ohm 5%  5W ;;;;;;
SQP500JB-9R1 (5W);10;2146;Yageo ;Резисторы с проволочной обмоткой – сквозное отверстие 9.1Ohm 5% 5W ;;;;;;
CRCW0100100RFREL;4;2236;Vishay Dale;Толстопленочные резисторы – для поверхностного монтажа 01005 100 Ohm 250ppm 0.031watts ;;;;;;
CR01005-FW-1000GLF;6;2118;Bourns;Толстопленочные резисторы – для поверхностного монтажа 01005 100R 1% 31mW TC200 ;;;;;;
RC0201FR-072K4L;114;2142;Yageo;Толстопленочные резисторы – для поверхностного монтажа 0201 2.4k Ohms 1% ;;;;;;
TNPW0201249RBEED;28;2044;Vishay ;Тонкопленочные резисторы – для поверхностного монтажа  0201 249 Ohms ±0.1%;;;;;;
RC0201FR-07300RL;93;2201;Yageo;Толстопленочные резисторы – для поверхностного монтажа 0201 300 Ohms 1% ;;;;;;
RC0201FR-0747RL;112;2210;Yageo;Толстопленочные резисторы – для поверхностного монтажа 0201 47 Ohms 1% ;;;;;;
CRCW0201560RJNED;116;2127;Vishay ;Толстопленочные резисторы – для поверхностного монтажа 0201 560 Ohms 5% ;;;;;;
RC0402FR-070RL;1673;2121;Yageo;Толстопленочные резисторы – для поверхностного монтажа 0402 0 Ohm Jumper 1% ;;;;;;
RC0402JR-070RL;5;2329;Yageo;Толстопленочные резисторы – для поверхностного монтажа 0402 0 Ohm Jumper 5% ;;;;;;
PE0402FRF070R02L;1;2223;Yageo;Токочувствительные резисторы – для поверхностного монтажа 0402 20 mOhms 62.5mW 1% 100ppm;;;;;;
RC0402JR-071RL;9897;1649;Yageo;Толстопленочные резисторы – для поверхностного монтажа 0402 1 Ohm 5% ;;;;;;
RC0402FR-071KL;8708;2243;Yageo;Толстопленочные резисторы – для поверхностного монтажа 0402 1K Ohm 1% ;;;;;;
RC0402JR-071KL;6000;2218;Yageo;Толстопленочные резисторы – для поверхностного монтажа 0402 1K Ohm 5% ;;;;;;
RC0402JR-071KL;1075;2218;Yageo;Толстопленочные резисторы – для поверхностного монтажа 0402 1K Ohm 5% ;;;;;;
RC0402JR-071K5L;100;2103;Yageo;Толстопленочные резисторы – для поверхностного монтажа 0402 1.5K Ohm 5% ;;;;;;
RC0402FR-071K87L;1;1850;Yageo;Толстопленочные резисторы – для поверхностного монтажа 0402 1.87K Ohm 1% ;;;;;;
RC0402FR-0710RL;14393;1519;Yageo;Толстопленочные резисторы – для поверхностного монтажа 0402 10 Ohm 1% ;;;;;;
RK73H1ETTP10R0F;5;2215;KOA Speer;Толстопленочные резисторы – для поверхностного монтажа 0402 10 Ohm 1%  0.1W;;;;;;
RC0402FR-0710KL;4 120;2249;Yageo;Толстопленочные резисторы – для поверхностного монтажа 0402 10K Ohm 1% ;;;;;;
RC0402JR-07100RL;13632;1623;Yageo;Толстопленочные резисторы – для поверхностного монтажа 0402 100 Ohm 5% ;;;;;;
ERJ-XGNF1003Y;1;2233;Panasonic ;Толстопленочные резисторы – для поверхностного монтажа 0402 100K Ohm 1% Halogen-free ;;;;;;
RC0402FR-07100KL;59427;1628;Yageo;Толстопленочные резисторы – для поверхностного монтажа 0402 100K Ohm 1% ;;;;;;
RC0402JR-07100KL;79826;1603;Yageo;Толстопленочные резисторы – для поверхностного монтажа 0402 100K Ohm 5% ;;;;;;
RC0402FR-0718KL;5;2247;Yageo;Толстопленочные резисторы – для поверхностного монтажа 0402 18K Ohm 1% ;;;;;;
RC0402FR-07182RL;70;2114;Yageo;Толстопленочные резисторы – для поверхностного монтажа 0402 182 Ohm 1% ;;;;;;
RC0402FR-072KL;8 506;1519;Yageo;Толстопленочные резисторы – для поверхностного монтажа 0402 2K Ohm 1% ;;;;;;
RC0402FR-0720KL;99 650;1642;Yageo;Толстопленочные резисторы – для поверхностного монтажа 0402 20K Ohm 1% ;;;;;;
RC0402JR-0722RL ;1 387;не марк;Yageo;Толстопленочные резисторы – для поверхностного монтажа 0402 22 Ohm 5% ;;;;;;
RC0402FR-07220RL;4;2241;Yageo;Толстопленочные резисторы – для поверхностного монтажа 0402 220 Ohm 1% ;;;;;;
RC0402JR-0724RL ;553;не марк;Yageo;Толстопленочные резисторы – для поверхностного монтажа 0402 24 Ohm 5% ;;;;;;
CRCW040224R0FKED;20000;1521;Vishay / Dale;Толстопленочные резисторы – для поверхностного монтажа 0402 24 Ohm 1%;;;;;;
RC0402FR-07274KL;0;2006;Yageo;Толстопленочные резисторы – для поверхностного монтажа 0402 274K Ohm 1% ;;;;;;
RC0402FR-073RL;10;2220;Yageo;Толстопленочные резисторы – для поверхностного монтажа 0402 3 Ohm 1% ;;;;;;
RC0402JR-073R3L;38;2109;Yageo;Толстопленочные резисторы – для поверхностного монтажа 0402 3.3 Ohm 5% ;;;;;;
RC0402FR-073K3L;0;2016г.;Yageo;Толстопленочные резисторы – для поверхностного монтажа 0402 3.3K Ohm 1% ;;;;;;
RC0402FR-0733KL;89 900;1515;Yageo;Толстопленочные резисторы – для поверхностного монтажа 0402 33K Ohm 1%;;;;;;
RC0402FR-07330RL;61297;1528;Yageo;Толстопленочные резисторы – для поверхностного монтажа 0402 330 Ohm 1%;;;;;;
RK73H1ETTP4701F;2;2219;KOA Speer;Толстопленочные резисторы – для поверхностного монтажа 0402 4.7K Ohm 1%  0.1W ;;;;;;
RC0402FR-074K7L;8 532;1550;Yageo;Толстопленочные резисторы – для поверхностного монтажа 0402 4.7K Ohm 1%;;;;;;
RC0402FR-074M75L;9 000;2308;Yageo;Толстопленочные резисторы – для поверхностного монтажа 0402 4.75M Ohm 1%;;;;;;
ERJ-2RKF43R2X;10;не марк;Panasonic ;Толстопленочные резисторы – для поверхностного монтажа 0402 43.2 Ohms 1% AEC-Q200;;;;;;
RC0402FR-07453RL;17;1407;Yageo;Толстопленочные резисторы – для поверхностного монтажа 0402 453 Ohm 1%;;;;;;
ERJ-XGNF49R9Y;1;2228;Panasonic ;Толстопленочные резисторы – для поверхностного монтажа 0402 49.9 Ohm 1% Halogen-free ;;;;;;
RC0402JR-075K1L;9 886;1649;Yageo;Толстопленочные резисторы – для поверхностного монтажа 0402 5.1K Ohm 5%;;;;;;
RC0402FR-0751R1L;4 756;2018г.;Yageo;Толстопленочные резисторы – для поверхностного монтажа 0402 51.1 Ohm 1%;;;;;;
RC0402FR-0753R6L;94;2331;Yageo;Толстопленочные резисторы – для поверхностного монтажа 0402 53.6 Ohm 1%;;;;;;
RC0402FR-0768RL;1;2237;Yageo;Толстопленочные резисторы – для поверхностного монтажа 0402 68 Ohm 1%;;;;;;
RC0402FR-0769R8L;83;2016г.;Yageo;Толстопленочные резисторы – для поверхностного монтажа 0402 69.8 Ohm 1%;;;;;;
CRCW040275K0FKED;9906;1552;Vishay / Dale;Толстопленочные резисторы – для поверхностного монтажа 0402 75KOhms 1%;;;;;;
RC0402JR-078R2L;9 906;1451;Yageo;Толстопленочные резисторы – для поверхностного монтажа 0402 8.2 Ohm 5%;;;;;;
RC0402JR-07820RL;9 836;1711;Yageo;Толстопленочные резисторы – для поверхностного монтажа 0402 820 Ohm 5%;;;;;;
RC0402FR-079R1L;1 203;2008;Yageo;Толстопленочные резисторы – для поверхностного монтажа 0402 9.1 Ohm 1%;;;;;;
RC0603FR-070RL;2 660;2126;Yageo;Толстопленочные резисторы – для поверхностного монтажа 0603 0 Ohm JUMPER 1%;;;;;;
RC0603JR-070RL;2 521;1720;Yageo;Толстопленочные резисторы – для поверхностного монтажа 0603 0 Ohm JUMPER 5%;;;;;;
RC0603JR-070RL;20 000;2420, 2503;Yageo;Толстопленочные резисторы – для поверхностного монтажа 0603 0 Ohm JUMPER 5%;;;;;;
RC0603FR-071KL;6 226;2145;Yageo;Толстопленочные резисторы – для поверхностного монтажа 0603 1K Ohm 1% ;;;;;;
RC0603FR-071K02L;4 000;18+;Yageo;Толстопленочные резисторы – для поверхностного монтажа 0603 1.02K Ohm 1% ;;;;;;
CRCW06031K05FKEA;10000;1414;Vishay / Dale;Толстопленочные резисторы – для поверхностного монтажа 0603 1.05KOhms 1%;;;;;;
RC0603FR-071K15L;4 000;18+;Yageo;Толстопленочные резисторы – для поверхностного монтажа 0603 1.15K Ohm 1% ;;;;;;
RC0603FR-071K2L;3 363;1630;Yageo;Толстопленочные резисторы – для поверхностного монтажа 0603 1.2K Ohm 1% ;;;;;;
CRCW06031K24FKEA;29955;1405;Vishay / Dale;Толстопленочные резисторы – для поверхностного монтажа 0603 1.24KOhms 1%;;;;;;
RC0603FR-071K27L;4 000;18+;Yageo;Толстопленочные резисторы – для поверхностного монтажа 0603 1.27K Ohm 1% ;;;;;;
RC0603FR-071K5L;39 865;2144;Yageo;Толстопленочные резисторы – для поверхностного монтажа 0603 1.5K Ohm 1%;;;;;;
RC0603FR-071K65L;4 500;1505;Yageo;Толстопленочные резисторы – для поверхностного монтажа 0603 1.65K Ohm 1%;;;;;;
RT0603BRD071K78L;24;2231;Yageo;Тонкопленочные резисторы – для поверхностного монтажа 0603 1.78K Ohm 0.1% 25ppm 1/10W;;;;;;
RT0603BRD071K78L;36;2338;Yageo;Тонкопленочные резисторы – для поверхностного монтажа 0603 1.78K Ohm 0.1% 25ppm 1/10W;;;;;;
RN73C1J1K78B;2;год не марк.;TE Connectivity;Тонкопленочные резисторы – для поверхностного монтажа 0603 1.78K Ohm 0.1% 10PPM CUT LENGTH ;;;;;;
CPF0603B1K8E;5;2017;TE Connectivity;Тонкопленочные резисторы – для поверхностного монтажа 0603 1.8K Ohm 0.1% ;;;;;;
ERA-3APB182V;5;2016;Panasonic;Тонкопленочные резисторы – для поверхностного монтажа 0603 1.8K Ohm 0.1% 15ppm AEC-Q200 ;;;;;;
CRCW06031K87FKEA;15000;1346;Vishay / Dale;Толстопленочные резисторы – для поверхностного монтажа 0603 1.87K Ohms 1% ;;;;;;
RN73C1J19K6B;200;;TE Connectivity;Тонкопленочные резисторы – для поверхностного монтажа 0603 19K6 0.1% 10PPM CUT LENGTH ;;;;;;
RC0603FR-0710RL;7;1724;Yageo;Толстопленочные резисторы – для поверхностного монтажа 0603 10 Ohm 1% ;;;;;;
RC0603FR-0710RL;6 336;2207;Yageo;Толстопленочные резисторы – для поверхностного монтажа 0603 10 Ohm 1% ;;;;;;
RT0603BRE0710KL;0;2211;Yageo;Тонкопленочные резисторы – для поверхностного монтажа  0603 10K Ohm 0.1% 1/10W 75V 50ppm ;;;;;;
RT0603BRD0710KL;0;2228;Yageo;Тонкопленочные резисторы – для поверхностного монтажа  0603 10K Ohm 0.1% 1/10W ;;;;;;
ERA-3AEB103V;19;2229;Panasonic;Тонкопленочные резисторы – для поверхностного монтажа  0603 10K Ohms 0.1% 25ppm 1/10W;;;;;;
RC0603FR-0710KL;34;2137;Yageo;Толстопленочные резисторы – для поверхностного монтажа 0603 10K Ohms 1% ;;;;;;
RC0603FR-0710KL;1 403;2221;Yageo;Толстопленочные резисторы – для поверхностного монтажа 0603 10K Ohms 1% ;;;;;;
RC0603FR-0710KL;0;2309;Yageo;Толстопленочные резисторы – для поверхностного монтажа 0603 10K Ohms 1% ;;;;;;
CRCW020110K0FKED;7;2227;Vishay Dale;Толстопленочные резисторы – для поверхностного монтажа 0603 10K Ohm 1% 100ppm 1/20w;;;;;;
RC0603FR-0710ML;0;1419;Yageo;Толстопленочные резисторы – для поверхностного монтажа 0603 10M Ohms 1% ;;;;;;
RC0603FR-0710K7L;5 000;1623;Yageo;Толстопленочные резисторы – для поверхностного монтажа 0603 10.7K Ohm 1% ;;;;;;
RC0603FR-07100RL;4 021;;Yageo;Толстопленочные резисторы – для поверхностного монтажа 0603 100 Ohm 1% ;;;;;;
RC0603FR-07100RL;0;2150;Yageo;Толстопленочные резисторы – для поверхностного монтажа 0603 100 Ohm 1% ;;;;;;
RC0603JR-07100RL;1 935;1747;Yageo;Толстопленочные резисторы – для поверхностного монтажа 0603 100 Ohm 5% ;;;;;;
RC0603JR-07100RL;50;2324;Yageo;Толстопленочные резисторы – для поверхностного монтажа 0603 100 Ohm 5% ;;;;;;
RC0603FR-07100KL;4 265;2141;Yageo;Толстопленочные резисторы – для поверхностного монтажа 0603 100K Ohm 1% ;;;;;;
RC0603FR-07100KL;0;2208;Yageo;Толстопленочные резисторы – для поверхностного монтажа 0603 100K Ohm 1% ;;;;;;
RC0603FR-0711KL;0;2025;Yageo;Толстопленочные резисторы – для поверхностного монтажа 0603 11K Ohm 1% ;;;;;;
CRCW0603120RFKEA;31;2014;Vishay / Dale;Толстопленочные резисторы – для поверхностного монтажа 0603 120 Ohms 1% ;;;;;;
RC0603FR-07120RL;7 760;1632;Yageo;Толстопленочные резисторы – для поверхностного монтажа 0603 120 Ohm 1%;;;;;;
RC0603JR-07120KL;0;1908;Yageo;Толстопленочные резисторы – для поверхностного монтажа 0603 120K Ohm 5%;;;;;;
RT0603BRE07121RL;0;2140;Yageo;Тонкопленочные резисторы – для поверхностного монтажа 0603 121 Ohm 0.1% 1/10W;;;;;;
RC0603JR-0713KL;0;1628;Yageo;Толстопленочные резисторы – для поверхностного монтажа 0603 13K Ohm 5%;;;;;;
CRCW060314K0FKEA;10000;1418;Vishay / Dale;Толстопленочные резисторы – для поверхностного монтажа 0603 14K Ohms 1% ;;;;;;
RT0603BRD0714K3L;130;2230;Yageo;Тонкопленочные резисторы – для поверхностного монтажа  0603 14.3K Ohm 0.1% 25ppm 1/10W ;;;;;;
RC0603FR-0715RL;0;1348;Yageo;Толстопленочные резисторы – для поверхностного монтажа 0603 15 Ohm 1%;;;;;;
RC0603JR-0715KL;8969;1602;Yageo;Толстопленочные резисторы – для поверхностного монтажа 0603 15K Ohm 5%;;;;;;
RC0603FR-07150RL;4 051;1541;Yageo;Толстопленочные резисторы – для поверхностного монтажа 0603 150 Ohm 1%;;;;;;
RT0603BRD0715K4L;0;2222;Yageo;Тонкопленочные резисторы – для поверхностного монтажа  0603 15.4K Оhm 0.1% 25ppm 1/10W ;;;;;;
RC0603FR-07154KL;13;2138;Yageo;Толстопленочные резисторы – для поверхностного монтажа 0603 154K Ohm 1%;;;;;;
RT0603BRD0715K8L;41;2230;Yageo;Тонкопленочные резисторы – для поверхностного монтажа  0603 15.8K Оhm 0.1% 25ppm 1/10W ;;;;;;
RC0603FR-0716K9L;69950;1537;Yageo;Толстопленочные резисторы – для поверхностного монтажа 0603 16.9K Ohm 1%;;;;;;
RC0603FR-07162KL;4 800;1939;Yageo;Толстопленочные резисторы – для поверхностного монтажа 0603 162K Ohm 1%;;;;;;
RC0603FR-07169RL;74831;1429;Yageo;Толстопленочные резисторы – для поверхностного монтажа 0603 169 Ohm 1%;;;;;;
RC0603FR-0718KL;9 783;1524;Yageo;Толстопленочные резисторы – для поверхностного монтажа 0603 18K Ohm 1%;;;;;;
RC0603JR-072RL;34 500;;Yageo;Толстопленочные резисторы – для поверхностного монтажа 0603 2 Ohm 5%;;;;;;
RC0603FR-072KL;0;2225;Yageo;Толстопленочные резисторы – для поверхностного монтажа 0603 2K Ohm 1%;;;;;;
RC0603FR-072KL;4 646;2205;Yageo;Толстопленочные резисторы – для поверхностного монтажа 0603 2K Ohm 1%;;;;;;
RC0603FR-072KL;10;2143;Yageo;Толстопленочные резисторы – для поверхностного монтажа 0603 2K Ohm 1%;;;;;;
RC0603FR-0720RL;0;1848;Yageo;Толстопленочные резисторы – для поверхностного монтажа 0603 20 Ohm 1%;;;;;;
RC0603JR-0720RL;30;2249;Yageo;Толстопленочные резисторы – для поверхностного монтажа 0603 20 Ohm 5%;;;;;;
RN73C1J20KB;50;1940;TE Connectivity;Тонкопленочные резисторы – для поверхностного монтажа 0603 20K Ohm 0.1% 10PPM CUT LENGTH;;;;;;
RC0603FR-0720KL;64 468;1720;Yageo;Толстопленочные резисторы – для поверхностного монтажа 0603 20K Ohm 1%;;;;;;
RN73C1J200RBTG;8;2031;TE Connectivity ;Тонкопленочные резисторы – для поверхностного монтажа  0603 200 Ohm 0,1% 10ppm 1/16W ;;;;;;
ERA-3AEB201V;0;2203;Panasonic;Тонкопленочные резисторы – для поверхностного монтажа  0603 200 Ohm 0.1% 25ppm 1/10W ;;;;;;
RT0603BRD07200RL;0;2230;Yageo;Тонкопленочные резисторы – для поверхностного монтажа  0603 200 Оhm 0.1% 25ppm 1/10W ;;;;;;
RC0603FR-07200RL;0;2137;Yageo;Толстопленочные резисторы – для поверхностного монтажа 0603 200 Ohm 1%;;;;;;
RC0603FR-07200RL;969;2144;Yageo;Толстопленочные резисторы – для поверхностного монтажа 0603 200 Ohm 1%;;;;;;
RT0603BRD07205RL;32;2325;Yageo;Тонкопленочные резисторы – для поверхностного монтажа 0603 205 Оhm 0.1% 25ppm 1/10W ;;;;;;
RT0603BRD07210RL;15;2215;Yageo;Тонкопленочные резисторы – для поверхностного монтажа 0603 210 Ohm 0.1% 25ppm 1/10W ;;;;;;
RC0603FR-072K2L;4746;1812;Yageo;Толстопленочные резисторы – для поверхностного монтажа 0603 2.2K Ohm 1%;;;;;;
RC0603FR-072M2L;9988;2034;Yageo;Толстопленочные резисторы – для поверхностного монтажа 0603 2.2M Ohm 1%;;;;;;
RT0603BRD072K26L;1;2215;Yageo;Тонкопленочные резисторы – для поверхностного монтажа  0603 2.26K Оhm 0.1% 25ppm 1/10W ;;;;;;
RT0603BRD072K26L;1;2231;Yageo;Тонкопленочные резисторы – для поверхностного монтажа  0603 2.26K Оhm 0.1% 25ppm 1/10W ;;;;;;
RT0603BRE072K26L ;120;2238;Yageo;Тонкопленочные резисторы – для поверхностного монтажа  0603 2.26K Оhm 0.1% 50ppm 1/10W ;;;;;;
RT0603BRD072K26L;137;2231;Yageo;Тонкопленочные резисторы – для поверхностного монтажа  0603 2.26K Оhm 0.1% 50ppm 1/10W ;;;;;;
CRCW06032K26FKEA;20000;1442, 1503;Vishay / Dale;Толстопленочные резисторы – для поверхностного монтажа 0603 2.26K Ohms 1% ;;;;;;
RC0603FR-0722RL;0;1705;Yageo;Толстопленочные резисторы – для поверхностного монтажа 0603 22 Ohm 1%;;;;;;
RC0603FR-0722KL;3 046;1620;Yageo;Толстопленочные резисторы – для поверхностного монтажа 0603 22K Ohm 1%;;;;;;
RC0603JR-07220RL;54;2312;Yageo;Толстопленочные резисторы – для поверхностного монтажа 0603 220 Ohm 5%;;;;;;
RC0603JR-07220KL;0;1904;Yageo;Толстопленочные резисторы – для поверхностного монтажа 0603 220K Ohm 5%;;;;;;
RC0603FR-0723K2L;0;1505;Yageo;Толстопленочные резисторы – для поверхностного монтажа 0603 23.2K Ohm 1%;;;;;;
RT0603BRD072K37L;30;2215;Yageo;Тонкопленочные резисторы – для поверхностного монтажа  0603 2.37K Оhm 0.1% 25ppm 1/10W ;;;;;;
RT0603BRD0724K3L;37;2150;Yageo;Тонкопленочные резисторы – для поверхностного монтажа 0603 24.3K Ohm 0 .1% 25ppm 1/10W;;;;;;
RT0603BRD0724R9L;1500;2215;Yageo;Тонкопленочные резисторы – для поверхностного монтажа 0603 24.9 Ohm 0.1% 25ppm 1/10W ;;;;;;
RT0603BRD0724R9L;3;2225;Yageo;Тонкопленочные резисторы – для поверхностного монтажа 0603 24.9 Ohm 0.1% 25ppm 1/10W ;;;;;;
RT0603BRD0724R9L;1;2231;Yageo;Тонкопленочные резисторы – для поверхностного монтажа 0603 24.9 Ohm 0.1% 25ppm 1/10W ;;;;;;
RT0603BRD0724R9L;135;2231;Yageo;Тонкопленочные резисторы – для поверхностного монтажа 0603 24.9 Ohm 0.1% 25ppm 1/10W ;;;;;;
RT0603BRD0724R9L;9;2343;Yageo;Тонкопленочные резисторы – для поверхностного монтажа 0603 24.9 Ohm 0.1% 25ppm 1/10W  ;;;;;;
RT0603BRE0724R9L;365;2227;Yageo;Тонкопленочные резисторы – для поверхностного монтажа 0603 24.9 Ohm 0.1% 50ppm 1/10W  ;;;;;;
CR-03FL7---24K (RC0603FR-0724KL);12;год не марк.;Viking;Толстопленочные резисторы – для поверхностного монтажа 0603 24K Ohm 1%;;;;;;
RC0603JR-072K7L;0;1642;Yageo;Толстопленочные резисторы – для поверхностного монтажа 0603 2.7K Ohm 5%;;;;;;
ERA-3APB272V;5;2016;Panasonic;Тонкопленочные резисторы – для поверхностного монтажа 0603 2.7K Ohm 0.1% 15ppm AEC-Q201;;;;;;
RC0603FR-0727RL;0;2043;Yageo;Толстопленочные резисторы – для поверхностного монтажа 0603 27 Ohm 1%;;;;;;
CRCW06032K80FKEA;20000;1351;Vishay / Dale;Толстопленочные резисторы – для поверхностного монтажа 0603 2.8K Ohms 1% ;;;;;;
CRCW060328K7FKEA;19955;1440;Vishay / Dale;Толстопленочные резисторы – для поверхностного монтажа 0603 28.7K Ohms 1% ;;;;;;
RC0603FR-073KL;4834;2106;Yageo;Толстопленочные резисторы – для поверхностного монтажа 0603 3K Ohm 1%;;;;;;
RC0603JR-0730RL;4996;2242;Yageo;Толстопленочные резисторы – для поверхностного монтажа 0603 30 Ohm 5%;;;;;;
RC0603JR-07300RL;37;2311;Yageo;Толстопленочные резисторы – для поверхностного монтажа 0603 300 Ohm 5%;;;;;;
RC0603FR-07300KL;0;2112;Yageo;Толстопленочные резисторы – для поверхностного монтажа 0603 300K Ohm 1%;;;;;;
ERJ-3EKF3011V;101;1206;Panasonic;Толстопленочные резисторы – для поверхностного монтажа 0603 3.01KOhms 1% Tol ;;;;;;
RC0603FR-073K3L;3186;2217;Yageo;Толстопленочные резисторы – для поверхностного монтажа 0603 3.3K Ohm 1%;;;;;;
RC0603FR-0733KL;0;2017г.;Yageo;Толстопленочные резисторы – для поверхностного монтажа 0603 33K Ohm 1%;;;;;;
RC0603FR-0733R2L;25;год не марк.;Yageo;Толстопленочные резисторы – для поверхностного монтажа 0603 33.2 Ohm 1%;;;;;;
RC0603FR-07330RL;72128;1724;Yageo;Толстопленочные резисторы – для поверхностного монтажа 0603 330 Ohm 1% ;;;;;;
CRCW06033K48FKEA;15000;1415;Vishay / Dale;Толстопленочные резисторы – для поверхностного монтажа 0603 3.48K Ohms 1%;;;;;;
CRCW060336R0FKEA;15000;1314;Vishay / Dale;Толстопленочные резисторы – для поверхностного монтажа 0603 36 Ohms 1%;;;;;;
RC0603FR-07360KL;5000;1509;Yageo;Толстопленочные резисторы – для поверхностного монтажа 0603 360K Ohm 1% ;;;;;;
RT0603BRD07365RL;100;2119;Yageo;Тонкопленочные резисторы – для поверхностного монтажа 0603 365 Ohm 0.1% 25ppm 1/10W 10% ;;;;;;
RC0603FR-0738K3L;589;2017г.;Yageo;Толстопленочные резисторы – для поверхностного монтажа 0603 38.3K Ohm 1%;;;;;;
RC0603JR-0739RL;79877;1442;Yageo;Толстопленочные резисторы – для поверхностного монтажа 0603 39 Ohm 5% ;;;;;;
CRCW060339K2FKEA;20000;1450;Vishay / Dale;Толстопленочные резисторы – для поверхностного монтажа 0603 39.2K Ohms 1%;;;;;;
RC0603FR-07309RL;900;2017г.;Yageo;Толстопленочные резисторы – для поверхностного монтажа 0603 309 Ohm 1%;;;;;;
RC0603FR-07390RL;4837;2136;Yageo;Толстопленочные резисторы – для поверхностного монтажа 0603 390 Ohm 1% ;;;;;;
RT0603BRD074K02L;0;2329;Yageo;Тонкопленочные резисторы – для поверхностного монтажа 0603 4.02K Ohm 0.1% 25ppm 1/10W ;;;;;;
RC0603FR-074K02L;14 900;1526;Yageo;Толстопленочные резисторы – для поверхностного монтажа 0603 4.02K Ohm 1% ;;;;;;
RT0603BRD07422RL;10;2232;Yageo;Тонкопленочные резисторы – для поверхностного монтажа 0603 422 Ohm 0.1% 25ppm 1/10W ;;;;;;
RT0603BRD07422RL;15;2230;Yageo;Тонкопленочные резисторы – для поверхностного монтажа 0603 422 Ohm 0.1% 25ppm 1/10W ;;;;;;
RT0603BRD07422RL;80;2347;Yageo;Тонкопленочные резисторы – для поверхностного монтажа 0603 422 Ohm 0.1% 25ppm 1/10W ;;;;;;
RC0603JR-07430RL;134;1532;Yageo;Толстопленочные резисторы – для поверхностного монтажа 0603 430 Ohm 5% ;;;;;;
RC0603FR-074K7L;34 547;1535;Yageo;Толстопленочные резисторы – для поверхностного монтажа 0603 4.7K Ohm 1% ;;;;;;
RC0603JR-074K7L;13 727;1834;Yageo;Толстопленочные резисторы – для поверхностного монтажа 0603 4.7K Ohm 5% ;;;;;;
ERA3AEB4751V ;840;2226;Panasonic;Тонкопленочные резисторы – для поверхностного монтажа  0603 4.75K Ohm 0.1% 25ppm ;;;;;;
RT0603BRD074K75L;64;2232;Yageo;Тонкопленочные резисторы – для поверхностного монтажа  0603 4.75K Ohm 0.1% 25ppm ;;;;;;
RT0603BRD074K75L;103;2335;Yageo;Тонкопленочные резисторы – для поверхностного монтажа  0603 4.75K Ohm 0.1% 25ppm ;;;;;;
RC0603FR-0747RL;4 837;2139;Yageo;Толстопленочные резисторы – для поверхностного монтажа 0603 47 Ohm 1% ;;;;;;
RC0603FR-0747KL;9 884;2233;Yageo;Толстопленочные резисторы – для поверхностного монтажа 0603 47K Ohm 1% ;;;;;;
RC0603JR-07470RL;5 000;2421;Yageo;Толстопленочные резисторы – для поверхностного монтажа 0603 470 Ohm 5% ;;;;;;
RT0603BRD074K99L;202;2232;Yageo;Тонкопленочные резисторы – для поверхностного монтажа  0603 4.99K Ohm 0.1% 25ppm ;;;;;;
RT0603BRD074K99L;247;2235;Yageo;Тонкопленочные резисторы – для поверхностного монтажа  0603 4.99K Ohm 0.1% 25ppm ;;;;;;
RN73C1J49R9B;14;1937;TE Connectivity;Тонкопленочные резисторы – для поверхностного монтажа 0603 49.9 Ohm 0.1% 10ppm CUT LENGTH;;;;;;
RT0603BRD0749R9L;0;2115;Yageo;Тонкопленочные резисторы – для поверхностного монтажа 0603 49.9 Ohm 0.1% 25ppm 1/10W;;;;;;
TNPW020149R9BEED;2;2235;Vishay Dale;Тонкопленочные резисторы – для поверхностного монтажа 0603 49.9 Ohm 0.1% 25ppm ;;;;;;
RT0603BRD07499RL;0;2234;Yageo;Тонкопленочные резисторы – для поверхностного монтажа  0603 499 Ohm 0.1% 25ppm ;;;;;;
ERA3AEB4990V;0;2025;Panasonic;Тонкопленочные резисторы – для поверхностного монтажа  0603 499 Ohm 0.1% 25ppm ;;;;;;
RT0603BRD07499KL;150;2240;Yageo;Тонкопленочные резисторы – для поверхностного монтажа  0603 499K Ohm 0.1% 25ppm ;;;;;;
CRCW060350R0FKEA;10000;1544;Vishay;Толстопленочные резисторы – для поверхностного монтажа 0603 50 Ohms 1%;;;;;;
RC0603FR-075K1L;29298;1628;Yageo;Толстопленочные резисторы – для поверхностного монтажа 0603 5.1K Ohm 1% ;;;;;;
RC0603FR-0751RL;146;1707;Yageo;Толстопленочные резисторы – для поверхностного монтажа 0603 51 Ohm 1%;;;;;;
RC0603FR-0751KL;0;2126;Yageo;Толстопленочные резисторы – для поверхностного монтажа 0603 51K Ohm 1%;;;;;;
RC0603JR-0751KL;1327;1729;Yageo;Толстопленочные резисторы – для поверхностного монтажа 0603 51K Ohm 5%;;;;;;
RC0603FR-07510RL;4506;2135;Yageo;Толстопленочные резисторы – для поверхностного монтажа 0603 510 Ohm 1%;;;;;;
RC0603FR-07510KL;0;2135;Yageo;Толстопленочные резисторы – для поверхностного монтажа 0603 510K Ohm 1%;;;;;;
RT0603BRD07511RL;58;2237;Yageo;Тонкопленочные резисторы – для поверхностного монтажа 0603  511 Ohm 0.1% 25ppm 1/10W 10% ;;;;;;
RT0603BRD07511RL;732;2236;Yageo;Тонкопленочные резисторы – для поверхностного монтажа 0603  511 Ohm 0.1% 25ppm 1/10W 10% ;;;;;;
CRCW060353K6FKEA;20000;1422;Vishay / Dale;Толстопленочные резисторы – для поверхностного монтажа 0603 53.6K Ohms 1%;;;;;;
RC0603FR-0754K9L;35;2141;Yageo;Толстопленочные резисторы – для поверхностного монтажа 0603 54.9K Ohm 1%;;;;;;
RT0603BRD0756R2L;50;2016;Yageo;Тонкопленочные резисторы – для поверхностного монтажа  0603 56.2 Ohm 0.1%;;;;;;
RT0603BRD0756R2L;10;2215;Yageo;Тонкопленочные резисторы – для поверхностного монтажа  0603 56.2 Ohm 0.1%;;;;;;
RC0603JR-0756KL;25 000;1616;Yageo;Толстопленочные резисторы – для поверхностного монтажа 0603 56K Ohm 5%;;;;;;
RC0603FR-07560RL;9 811;1824;Yageo;Толстопленочные резисторы – для поверхностного монтажа 0603 560 Ohm 1%;;;;;;
RC0603FR-07560KL;25000;1525;Yageo;Толстопленочные резисторы – для поверхностного монтажа 0603 560K Ohm 1%;;;;;;
CRCW06035K90FKEA;20000;1343;Vishay / Dale;Толстопленочные резисторы – для поверхностного монтажа 0603 5.9K Ohms 1%;;;;;;
RC0603FR-076K19L;49990;1615;Yageo;Толстопленочные резисторы – для поверхностного монтажа 0603 6.19K Ohm 1% ;;;;;;
CRCW060361K9FKEA;20000;1426;Vishay / Dale;Толстопленочные резисторы – для поверхностного монтажа 0603 61.9K Ohms 1%;;;;;;
RC0603FR-07619RL;4500;год не марк.;Yageo;Толстопленочные резисторы – для поверхностного монтажа 0603 619 Ohm 1% ;;;;;;
RC0603FR-076K2L;0;2128;Yageo;Толстопленочные резисторы – для поверхностного монтажа 0603 6.2K Ohm 1% ;;;;;;
RT0603BRD076K34L;300;2133;Yageo;Тонкопленочные резисторы – для поверхностного монтажа 0603 6.34K Ohm 0.1%;;;;;;
RT0603BRD076K34L;120;2233;Yageo;Тонкопленочные резисторы – для поверхностного монтажа 0603 6.34K Ohm 0.1%;;;;;;
RT0603BRD076K34L;60;2238;Yageo;Тонкопленочные резисторы – для поверхностного монтажа 0603 6.34K Ohm 0.1%;;;;;;
RC0603FR-076K34L;4 000;18+;Yageo;Толстопленочные резисторы – для поверхностного монтажа 0603 6.34K Ohm 1% ;;;;;;
RC0603FR-0768KL;64978;1637;Yageo;Толстопленочные резисторы – для поверхностного монтажа 0603 68K Ohm 1% ;;;;;;
RC0603JR-07680RL;4778;1322;Yageo;Толстопленочные резисторы – для поверхностного монтажа 0603 680 Ohm 5% ;;;;;;
RC0603FR-076K81L;5000;1645;Yageo;Толстопленочные резисторы – для поверхностного монтажа 0603 6.81K Ohm 1% ;;;;;;
RC0603FR-07681RL;500;2019;Yageo;Толстопленочные резисторы – для поверхностного монтажа 0603 681 Ohm 1% ;;;;;;
RT0603BRD07698RL;60;2215;Yageo;Тонкопленочные резисторы – для поверхностного монтажа  0603 698 Ohm 0.1% 25ppm 1/10W ;;;;;;
RT0603BRE07698RL;120;2236;Yageo;Тонкопленочные резисторы – для поверхностного монтажа  0603 698 Ohm 0.1% 50ppm 1/10W ;;;;;;
CRCW06037K32FKEA;10000;1416;Vishay / Dale;Толстопленочные резисторы – для поверхностного монтажа 0603 7.32K Ohms 1% ;;;;;;
RC0603FR-077R5L;20;2202;Yageo;Толстопленочные резисторы – для поверхностного монтажа 0603 7.5 Ohm 1% ;;;;;;
RC0603FR-077K5L;4 690;1633;Yageo;Толстопленочные резисторы – для поверхностного монтажа 0603 7.5K Ohm 1% ;;;;;;
RC0603JR-078R2L;0;1620;Yageo;Толстопленочные резисторы – для поверхностного монтажа 0603 8.2 Ohm 5% ;;;;;;
RC0603JR-078K2L;4 900;1715;Yageo;Толстопленочные резисторы – для поверхностного монтажа 0603 8.2K Ohm 5% ;;;;;;
RC0603FR-0782KL;0;1843;Yageo;Толстопленочные резисторы – для поверхностного монтажа 0603 82K Ohm 1%;;;;;;
RC0603JR-07820RL;2452;1539;Yageo;Толстопленочные резисторы – для поверхностного монтажа 0603 820 Ohm 5%;;;;;;
CR-03JL7-820K;1000;1912;VIKING ;Толстопленочные резисторы – для поверхностного монтажа 0603 820K Ohm 5%;;;;;;
RC0603FR-078K25L;5 000;1618;Yageo;Толстопленочные резисторы – для поверхностного монтажа 0603 8.25K Ohm 1% ;;;;;;
RC0603FR-078K45L;5 000;1435;Yageo;Толстопленочные резисторы – для поверхностного монтажа 0603 8.45K Ohm 1% ;;;;;;
CRCW060384K5FKEA;15000;1427;Vishay / Dale;Толстопленочные резисторы – для поверхностного монтажа 0603 84.5K Ohms 1%;;;;;;
RC0603FR-078K66L;5000;1505;Yageo;Толстопленочные резисторы – для поверхностного монтажа 0603 8.66K Ohm 1% ;;;;;;
RT0603BRD078K87L;120;2234;Yageo;Тонкопленочные резисторы – для поверхностного монтажа  0603 8.87K Ohm 0.1% 25ppm 1/10W ;;;;;;
RC0603FR-079K09L;70 000;1515;Yageo;Толстопленочные резисторы – для поверхностного монтажа 0603 9.09K Ohm 1%;;;;;;
RC0603FR-079K1L;4770;1429;Yageo;Толстопленочные резисторы – для поверхностного монтажа 0603 9.1K Ohm 1% ;;;;;;
RC0603FR-0791RL;20000;2207;Yageo;Толстопленочные резисторы – для поверхностного монтажа 0603 91 Ohm 1%;;;;;;
RC0603FR-0791KL;50 000;1706;Yageo;Толстопленочные резисторы – для поверхностного монтажа 0603 91K Ohm 1%;;;;;;
CRCW060393K1FKEA;20000;1419;Vishay / Dale;Толстопленочные резисторы – для поверхностного монтажа 0603 93.1K Ohms 1%;;;;;;
CRCW06039K53FKEA;20000;1443;Vishay / Dale;Толстопленочные резисторы – для поверхностного монтажа 0603 9.53K Ohms 1%;;;;;;
RC0603FR-079K76L;4 950;1505;Yageo;Толстопленочные резисторы – для поверхностного монтажа 0603 9.76K Ohm 1% ;;;;;;
RC0805FR-070RL;0;2212;Yageo;Толстопленочные резисторы – для поверхностного монтажа 0805 0 Ohm JUMPER 1%;;;;;;
RC0805JR-070RL;2 299;1724;Yageo;Толстопленочные резисторы – для поверхностного монтажа 0805 0 Ohm JUMPER 5%;;;;;;
ERJ-6BWFR010V;18;год не марк.;Panasonic;Токочувствительные резисторы – для поверхностного монтажа 0805 0.010 Ohm 1% Curr Sense AEC-Q200 ;;;;;;
RC0805FR-071RL;19 701;1636;Yageo;Толстопленочные резисторы – для поверхностного монтажа 0805 1 Ohm 1% ;;;;;;
RC0805FR-071KL;5 990;1637;Yageo;Толстопленочные резисторы – для поверхностного монтажа 0805 1K Ohm 1% ;;;;;;
RC0805FR-071K1L;5 000;1839;Yageo;Толстопленочные резисторы – для поверхностного монтажа 0805 1.1K Ohm 1% ;;;;;;
RC0805JR-071K1L;4 900;1631;Yageo;Толстопленочные резисторы – для поверхностного монтажа 0805 1.1K Ohm 5% ;;;;;;
CRCW08051R24FKEA;15000;1523;Vishay / Dale;Толстопленочные резисторы – для поверхностного монтажа 0805 1.24 Ohms 1% ;;;;;;
RC0805FR-071R3L;0;2303, 2306;Yageo;Толстопленочные резисторы – для поверхностного монтажа 0805 1.3 Ohm 1% ;;;;;;
CRCW08051K30JNEA;4960;2014;Vishay / Dale;Толстопленочные резисторы – для поверхностного монтажа 0805 1.3K Ohms 5%;;;;;;
RC0805FR-071K37L;10000;2225;Yageo;Толстопленочные резисторы – для поверхностного монтажа 0805 1.37K Ohm 1% ;;;;;;
RC0805FR-071M37L;5 000;1605;Yageo;Толстопленочные резисторы – для поверхностного монтажа 0805 1.37M Ohm 1% ;;;;;;
RC0805FR-071K78L;0;1815;Yageo;Толстопленочные резисторы – для поверхностного монтажа 0805 1.78K Ohm 1%;;;;;;
RC0805FR-0710RL;4 631;2221;Yageo;Толстопленочные резисторы – для поверхностного монтажа 0805 10 Ohm 1% ;;;;;;
RC0805JR-0710RL;0;1724;Yageo;Толстопленочные резисторы – для поверхностного монтажа 0805 10 Ohm 5% ;;;;;;
RC0805FR-0710KL;506;1722;Yageo;Толстопленочные резисторы – для поверхностного монтажа 0805 10K Ohm 1% ;;;;;;
RC0805FR-0710KL;5 000;2136;Yageo;Толстопленочные резисторы – для поверхностного монтажа 0805 10K Ohm 1% ;;;;;;
RC0805JR-0710KL;4 530;1837;Yageo;Толстопленочные резисторы – для поверхностного монтажа 0805 10K Ohm 5% ;;;;;;
RC0805FR-07100RL ;586;2113;Yageo;Толстопленочные резисторы – для поверхностного монтажа 0805 100 Ohm 1% ;;;;;;
RC0805JR-07100RL;4 441;1546;Yageo;Толстопленочные резисторы – для поверхностного монтажа 0805 100 Ohm 5% ;;;;;;
RC0805FR-07100KL;4 620;2217, 2226;Yageo;Толстопленочные резисторы – для поверхностного монтажа 0805 100K Ohm 1% ;;;;;;
RC0805FR-07107RL;201;2015;Yageo;Толстопленочные резисторы – для поверхностного монтажа 0805 107 Ohm 1%;;;;;;
RC0805FR-07120RL;29 761;1550;Yageo;Толстопленочные резисторы – для поверхностного монтажа 0805 120 Ohm 1%;;;;;;
RC0805FR-07127KL;4 000;1932;Yageo;Толстопленочные резисторы – для поверхностного монтажа 0805 127K Ohm 1%;;;;;;
RC0805FR-07130RL;4 410;1729;Yageo;Толстопленочные резисторы – для поверхностного монтажа 0805 130 Ohm 1%;;;;;;
RC0805FR-07147KL;2 000;1620;Yageo;Толстопленочные резисторы – для поверхностного монтажа 0805 147K Ohm 1%;;;;;;
RC0805FR-07150KL;34 000;1515;Yageo;Толстопленочные резисторы – для поверхностного монтажа 0805 150K Ohm 1%;;;;;;
CR-05JL7--150K;25;1932;Viking;Толстопленочные резисторы – для поверхностного монтажа 0805 150K Ohm 5%;;;;;;
RC0805FR-0718KL;5 000;1705;Yageo;Толстопленочные резисторы – для поверхностного монтажа 0805 18K Ohm 1% ;;;;;;
RC0805JR-0718KL;4 366;1537;Yageo;Толстопленочные резисторы – для поверхностного монтажа 0805 18K Ohm 5%;;;;;;
RC0805JR-07180RL;22;2136;Yageo;Толстопленочные резисторы – для поверхностного монтажа 0805 180 Ohm 5%;;;;;;
RN73C2A19K6BTDF;0;;TE Connectivity;Тонкопленочные резисторы – для поверхностного монтажа  0805 19.6KOhm 0.1% 10ppm 0.1W;;;;;;
ERA-6AEB1962V;7;2203;Panasonic;Тонкопленочные резисторы – для поверхностного монтажа  0805 19.6KOhm 0.1% 25ppm ;;;;;;
RC0805JR-072RL;4 859;1613;Yageo;Толстопленочные резисторы – для поверхностного монтажа 0805 2 Ohm 5% ;;;;;;
RC0805JR-0720RL;0;1807;Yageo;Толстопленочные резисторы – для поверхностного монтажа 0805 20 Ohm 5% ;;;;;;
RT0805BRD0720KL;492;2320;Yageo;Тонкопленочные резисторы – для поверхностного монтажа  0805 20K Ohm 0.1% 25ppm 1/8W;;;;;;
RC0805FR-07200RL;14 348;1528;Yageo;Толстопленочные резисторы – для поверхностного монтажа 0805 200 Ohm 1% ;;;;;;
CRCW0805200RFKEA;37;2016;Vishay / Dale;Толстопленочные резисторы – для поверхностного монтажа 0805 200 Ohms 1% ;;;;;;
RC0805JR-07220RL;0;1630;Yageo;Толстопленочные резисторы – для поверхностного монтажа 0805 220 Ohm 5% ;;;;;;
RC0805JR-072K2L;4 964;1633;Yageo;Толстопленочные резисторы – для поверхностного монтажа 0805 2.2K Ohm 5% ;;;;;;
RC0805FR-072K26L;5 000;1839;Yageo;Толстопленочные резисторы – для поверхностного монтажа 0805 2.26K Ohm 1% ;;;;;;
ERA-6AEB2371V;130;2231;Panasonic ;Тонкопленочные резисторы – для поверхностного монтажа  0805 2.37K Оhm 0.1% 150V 25ppm 1/8W ;;;;;;
ERA-6AEB2371V;0;2231;Panasonic ;Тонкопленочные резисторы – для поверхностного монтажа  0805 2.37K Оhm 0.1% 150V 25ppm 1/8W ;;;;;;
RC0805JR-072R4L;36;2150;Yageo;Толстопленочные резисторы – для поверхностного монтажа 0805 2.4 Ohm 5% ;;;;;;
RC0805JR-072K4L;90;2233;Yageo;Толстопленочные резисторы – для поверхностного монтажа 0805 2.4K Ohm 5% ;;;;;;
RC0805FR-0724KL;4 400;1116;Yageo;Толстопленочные резисторы – для поверхностного монтажа 0805 24K Ohm 1% ;;;;;;
RT0805BRD0724R9L;20;2250;Yageo;Тонкопленочные резисторы – для поверхностного монтажа  0805 24.9 Оhm 0.1% 150V 25ppm 1/8W ;;;;;;
RC0805FR-072K55L;4 000;18+;Yageo;Толстопленочные резисторы – для поверхностного монтажа 0805 2.55K Ohm 1% ;;;;;;
RN73C2A2K67B;1;2047;TE Connectivity ;Тонкопленочные резисторы – для поверхностного монтажа  0805 2.67K Ohm 0.1% 200V 10PPM 0.1W ;;;;;;
RT0805BRD072K67L;1 000;2152;Yageo;Тонкопленочные резисторы – для поверхностного монтажа  0805 2.67K Оhm 0.1% 150V 25ppm 1/8W ;;;;;;
RT0805BRD072K67L;484;2152;Yageo;Тонкопленочные резисторы – для поверхностного монтажа  0805 2.67K Оhm 0.1% 150V 25ppm 1/8W ;;;;;;
RT0805BRD072K67L;80;2229;Yageo;Тонкопленочные резисторы – для поверхностного монтажа  0805 2.67K Оhm 0.1% 150V 25ppm 1/8W ;;;;;;
RC0805JR-072K7L;4 649;1638;Yageo;Толстопленочные резисторы – для поверхностного монтажа 0805 2.7K Ohm 5% ;;;;;;
RC0805FR-07287KL;3 500;1844;Yageo;Толстопленочные резисторы – для поверхностного монтажа 0805 287K Ohms 1% ;;;;;;
RC0805FR-073RL;14 998;17+;Yageo;Толстопленочные резисторы – для поверхностного монтажа 0805 3 Ohm 1% ;;;;;;
RC0805JR-073RL;70 000;1602;Yageo;Толстопленочные резисторы – для поверхностного монтажа 0805 3 Ohm 5% ;;;;;;
RC0805FR-073KL;5000;1450;Yageo;Толстопленочные резисторы – для поверхностного монтажа 0805 3K Ohm 1% ;;;;;;
CRCW08053R30FKEA;0;1417;Vishay / Dale;Толстопленочные резисторы – для поверхностного монтажа 0805 3.3 Ohm 1% ;;;;;;
RC0805FR-073K6L;4973;1620;Yageo;Толстопленочные резисторы – для поверхностного монтажа 0805 3.6K Ohm 1%;;;;;;
RC0805FR-073K74L;3000;1743;Yageo;Толстопленочные резисторы – для поверхностного монтажа 0805 3.74K Ohm 1%;;;;;;
RC0805FR-073K83L;0;1810;Yageo;Толстопленочные резисторы – для поверхностного монтажа 0805 3.83K Ohm 1% ;;;;;;
RC0805FR-0733K2L;5000;1803;Yageo;Толстопленочные резисторы – для поверхностного монтажа 0805 33.2K Ohm 1% ;;;;;;
RC0805FR-0738K3L;10000;1827;Yageo;Толстопленочные резисторы – для поверхностного монтажа 0805 38.3K Ohm 1% ;;;;;;
RC0805FR-07301KL;35000;1528;Yageo;Толстопленочные резисторы – для поверхностного монтажа 0805 301K Ohm 1% ;;;;;;
RC0805FR-07330RL;54321;1637;Yageo;Толстопленочные резисторы – для поверхностного монтажа 0805 330 Ohm 1%;;;;;;
RC0805FR-07360RL;39 851;1415;Yageo;Толстопленочные резисторы – для поверхностного монтажа 0805 360 Ohm 1%;;;;;;
RC0805FR-07360KL;40000;1526;Yageo;Толстопленочные резисторы – для поверхностного монтажа 0805 360K Ohm 1% ;;;;;;
RC0805JR-07390KL;5000;1243;Yageo;Толстопленочные резисторы – для поверхностного монтажа 0805 390K Ohm 5% ;;;;;;
RT0805BRD074K02L;400;2128;Yageo;Тонкопленочные резисторы – для поверхностного монтажа 0805  4.02K Ohm 0.1% 25ppm 1/8W ;;;;;;
RT0805BRD074K02L;388;2238;Yageo;Тонкопленочные резисторы – для поверхностного монтажа 0805  4.02K Ohm 0.1% 25ppm 1/8W ;;;;;;
RC0805FR-074K22L ;1000;1817;Yageo;Толстопленочные резисторы – для поверхностного монтажа 0805 4.22K Ohm 1% ;;;;;;
RC0805JR-074K3L;4 996;2212;Yageo;Толстопленочные резисторы – для поверхностного монтажа 0805 4.3K Ohm 5%;;;;;;
RC0805JR-0743KL;59 400;1442;Yageo;Толстопленочные резисторы – для поверхностного монтажа 0805 43K Ohm 5%;;;;;;
RC0805FR-074K53L;0;2031;Yageo;Толстопленочные резисторы – для поверхностного монтажа 0805 4.53К Ohm 1% ;;;;;;
RT0805BRD074K53L;84;2215;Yageo;Тонкопленочные резисторы – для поверхностного монтажа 0805  4.53K Оhm 0.1% 150V 25ppm 1/8W ;;;;;;
RC0805FR-074R7L;495;год не марк.;Yageo;Толстопленочные резисторы – для поверхностного монтажа 0805 4.7 Ohm 1%;;;;;;
RC0805FR-074R7L;0;2133;Yageo;Толстопленочные резисторы – для поверхностного монтажа 0805 4.7 Ohm 1%;;;;;;
RC0805FR-074K7L;46;1807;Yageo;Толстопленочные резисторы – для поверхностного монтажа 0805 4.7K Ohm 1%;;;;;;
RC0805FR-0747K5L;5000;1810;Yageo;Толстопленочные резисторы – для поверхностного монтажа 0805 47.5K Ohm 1% ;;;;;;
RC0805JR-07470RL;4 771;1615;Yageo;Толстопленочные резисторы – для поверхностного монтажа 0805 470 Ohm 5%;;;;;;
ERJ-6ENF4870V;16;2012;Panasonic ;Толстопленочные резисторы – для поверхностного монтажа 0805 487 Ohms 1% AEC-Q200 ;;;;;;
RC0805JR-075K1L;77;год не марк.;Yageo;Толстопленочные резисторы – для поверхностного монтажа 0805 5.1K Ohm 5%;;;;;;
RC0805FR-0751RL;0;1746;Yageo;Толстопленочные резисторы – для поверхностного монтажа 0805 51 Ohm 1%;;;;;;
RC0805FR-0751KL;2822;2129;Yageo;Толстопленочные резисторы – для поверхностного монтажа 0805 51K Ohm 1%;;;;;;
RC0805FR-07510RL;11 298;1546;Yageo;Толстопленочные резисторы – для поверхностного монтажа 0805 510 Ohm 1%;;;;;;
RC0805FR-07510KL;34 889;1710;Yageo;Толстопленочные резисторы – для поверхностного монтажа 0805 510K Ohm 1%;;;;;;
RC0805FR-075K23L;1 000;год не марк.;Yageo;Толстопленочные резисторы – для поверхностного монтажа 0805 5.23K Ohm 1%;;;;;;
RC0805FR-075K36L;0;1721;Yageo;Толстопленочные резисторы – для поверхностного монтажа 0805 5.36K Ohm 1%;;;;;;
RC0805JR-07560KL;4 950;1237;Yageo;Толстопленочные резисторы – для поверхностного монтажа 0805 560K Ohm 5%;;;;;;
RC0805FR-075K62L;0;год не марк.;Yageo;Толстопленочные резисторы – для поверхностного монтажа 0805 5.62K Ohm 1%;;;;;;
RC0805FR-075K76L;500;год не марк.;Yageo;Толстопленочные резисторы – для поверхностного монтажа 0805 5.76K Ohm 1%;;;;;;
RC0805FR-075K9L;500;год не марк.;Yageo;Толстопленочные резисторы – для поверхностного монтажа 0805 5.9K Ohm 1%;;;;;;
RC0805FR-076K04L;500;год не марк.;Yageo;Толстопленочные резисторы – для поверхностного монтажа 0805 6.04K Ohm 1%;;;;;;
RC0805FR-076K19L;500;год не марк.;Yageo;Толстопленочные резисторы – для поверхностного монтажа 0805 6.19K Ohm 1%;;;;;;
RC0805JR-07620RL;4 699;1645;Yageo;Толстопленочные резисторы – для поверхностного монтажа 0805 620 Ohm 5%;;;;;;
RC0805FR-076R2L;20000;2123, 2128;Yageo;Толстопленочные резисторы – для поверхностного монтажа 0805 6.2 Ohm 1% ;;;;;;
RC0805FR-076K34L;500;год не марк.;Yageo;Толстопленочные резисторы – для поверхностного монтажа 0805 6.34K Ohm 1%;;;;;;
RC0805FR-076K49L;500;год не марк.;Yageo;Толстопленочные резисторы – для поверхностного монтажа 0805 6.49K Ohm 1%;;;;;;
RC0805FR-076K65L;500;год не марк.;Yageo;Толстопленочные резисторы – для поверхностного монтажа 0805 6.65K Ohm 1%;;;;;;
RC0805FR-076R8L;14903;1420;Yageo;Толстопленочные резисторы – для поверхностного монтажа 0805 6.8 Ohm 1%;;;;;;
RCS08056R80FKEA;4760;1950;Vishay ;Толстопленочные резисторы – для поверхностного монтажа 0805 6.8 Ohm 1% 500mW 100ppm AEC-Q200 ;;;;;;
RC0805JR-0768RL;15;2250;Yageo;Толстопленочные резисторы – для поверхностного монтажа 0805 68 Ohm 5%;;;;;;
RC0805FR-07680RL;39 657;1511;Yageo;Толстопленочные резисторы – для поверхностного монтажа 0805 680 Ohm 1%;;;;;;
RC0805FR-076K81L;4500;1644;Yageo;Толстопленочные резисторы – для поверхностного монтажа 0805 6.81K Ohm 1%;;;;;;
RC0805FR-076K98L;500;год не марк.;Yageo;Толстопленочные резисторы – для поверхностного монтажа 0805 6.98K Ohm 1%;;;;;;
RC0805FR-0761K9L;10000;1837;Yageo;Толстопленочные резисторы – для поверхностного монтажа 0805 61.9K Ohm 1% ;;;;;;
RC0805FR-077K15L;501;год не марк.;Yageo;Толстопленочные резисторы – для поверхностного монтажа 0805 7.15K Ohm 1%;;;;;;
RC0805FR-077K32L;500;год не марк.;Yageo;Толстопленочные резисторы – для поверхностного монтажа 0805 7.32K Ohm 1%;;;;;;
RC0805JR-077K5L;30;2241;Yageo;Толстопленочные резисторы – для поверхностного монтажа 0805 7.5K Ohm 5%;;;;;;
RC0805JR-0775KL;500;;Yageo;Толстопленочные резисторы – для поверхностного монтажа 0805 75K Ohm 5%;;;;;;
RC0805JR-07750RL;4 847;1505;Yageo;Толстопленочные резисторы – для поверхностного монтажа 0805 750 Ohm 5%;;;;;;
RC0805FR-077K68L;500;год не марк.;Yageo;Толстопленочные резисторы – для поверхностного монтажа 0805 7.68K Ohm 1%;;;;;;
RC0805FR-077K87L;0;год не марк.;Yageo;Толстопленочные резисторы – для поверхностного монтажа 0805 7.87K Ohm 1%;;;;;;
RC0805FR-078K06L;500;год не марк.;Yageo;Толстопленочные резисторы – для поверхностного монтажа 0805 8.06K Ohm 1%;;;;;;
RC0805FR-078K66L;20 000;1811;Yageo;Толстопленочные резисторы – для поверхностного монтажа 0805 8.66K Ohm 1%;;;;;;
RC0805FR-0782RL;4913;1803;Yageo;Толстопленочные резисторы – для поверхностного монтажа 0805 82 Ohm 1% ;;;;;;
RC0805FR-0786K6L;10000;1636;Yageo;Толстопленочные резисторы – для поверхностного монтажа 0805 86.6K Ohm 1% ;;;;;;
RC0805FR-0791RL;4 500;1811;Yageo;Толстопленочные резисторы – для поверхностного монтажа 0805 91 OhmM 1%;;;;;;
RC0805FR-079K76L ;70;2033;Yageo;Толстопленочные резисторы – для поверхностного монтажа 0805 9.76K Ohm 1%;;;;;;
RC1206JR-070RL;43 366;1645;Yageo;Толстопленочные резисторы – для поверхностного монтажа 1206 0 Ohm JUMPER 5%;;;;;;
RC1206FR-071KL;4 720;1631;Yageo;Толстопленочные резисторы – для поверхностного монтажа 1206 1K Ohm 1%;;;;;;
RC1206JR-071K2L;4 800;1645;Yageo;Толстопленочные резисторы – для поверхностного монтажа 1206 1.2K Ohm 5%;;;;;;
CRCW12063R01FKEAHP;500;год не марк.;Vishay / Dale;Толстопленочные резисторы – для поверхностного монтажа 1206 3.01Ohms 1% High Power AEC-Q200 ;;;;;;
RC1206JR-074K3L;4 750;1545;Yageo;Толстопленочные резисторы – для поверхностного монтажа 1206 4.3K Ohm 5%;;;;;;
CR1206-JW-432ELF;5000;2139;Bourns;Толстопленочные резисторы – для поверхностного монтажа 1206 4.3K Ohm 0.25W, 1/4W 5%  ;;;;;;
RMCF1210FT33R2 ;75;год не марк.;Stackpole Electronics Inc;Толстопленочные резисторы – для поверхностного монтажа 1210 33.2 Ohm 1% ;;;;;;
RC1210JR-0751RL;10;год не марк.;Yageo;Толстопленочные резисторы – для поверхностного монтажа 1210 51 Ohm 5%;;;;;;
RC2010JK-076K2L;217;2217;Yageo;Толстопленочные резисторы – для поверхностного монтажа 2010 6.2K Ohm 5% 3/4W;;;;;;
RC2512JR-070RL;7;1902;Yageo;Толстопленочные резисторы – для поверхностного монтажа 2512 0 Ohm 5%;;;;;;
RC2512FK-07215RL;77;2349;Yageo;Толстопленочные резисторы – для поверхностного монтажа 2512 215 Ohm ±1% 1W ;;;;;;
KS 310  Pin 1,2,3,4,5 (p/n 50953800);0;2027;Neosid;;;;;;;
KS 3070 5 pins (p/n 71953100);0;07.12.2020;Neosid;;;;;;;
screw core Gw-FK 3 x 0,3 x 3,3 F100b  (p/n 15041830);0;21/05/21, 30/06/21;Neosid;;;;;;;
Sd75/100 (purt number 00612212);2;L0;Neosid;;;;;;;
Sd75/470 (purt number 00612220);5;M1;Neosid;;;;;;;
Sreening can b7k  (p/n 94454700);0;1933;Neosid;;;;;;;
Sreening can B 55 A  fire-tinned sn 100 f (p/n 94450511);0;18/08/21, 04/09/20;Neosid;;;;;;;
133ТМ2, Au;2;14.14;Интеграл;проверены в Детесте, годные;;;;;;
"2Д212А, ""5"", металл";5;0909;Фотон;диод;;;;;;
2Д522Б, стекло;55;год не марк.;Орбита;диод;;;;;;
2Т396А-2 бескорпусные;1;год не марк.;Светлана;транзистор;;;;;;
2Т610А, Au;1;0904;Транзистор;транзистор;;;;;;
2Т982А-2;2;8901;Пульсар;транзистор. проверены в Детесте, годные;;;;;;
542НД1, Au;5;0946;Тор;микросхема;;;;;;
544УД2А, (Au);3;09.45;Восток;лазерная маркировка, короткие выводы. проверены в Детесте, годные;;;;;;
544УД2А, (Au);2;12.35;Восток;маркировка краской, длинные выводы. проверены в Детесте, годные;;;;;;
564КТ3В, Au;1;2015;Экситон;микросхема, проверены в Детесте, годные;;;;;;
АЛ307БМ;13;год не марк.;;светодиод;;;;;;
"Д815Г, ""5""";11;0812;НЭВЗ-Союз;стабилитрон кремниевый большой мощности;;;;;;
"Д816A, ""5""";10;0311;НЭВЗ-Союз;стабилитрон кремниевый большой мощности;;;;;;
"К10-73-16М47, ""5"", вскрытая з.у.";698;сен 2007;;конденсатор;;;;;;
К73-17 0,01мкф 630В 20%;485;;;конденсатор;;;;;;
К155ЛА4;1;;;микросхема;;;;;;
КР1162ЕН5Б;12;13.10;Кремний;микросхема;;;;;;
КР556РТ7, Ni;4;9006;;микросхема;;;;;;
КС596В;0;8906;;стабилитрон;;;;;;
КТ644А, мет;50;0801;Кремний;транзистор;;;;;;
РПИ-М 1.5-3-08;82;год не марк.;;Разъемы плоские изолированные «мама» с ПВХ манжетой;;;;;;
Т132-50-10;1;1505;;тиристор;;;;;;
CC0402JRX7R9BB103 (аналог GRM155R71H103JA88);100;2146;;;;;;;;
DS1025-06-2*3 (PLD2-6R);1;;;;;;;;;
43645-0300;0;;Molex;;;;;;;
RS207L;2;;Rectron Semiconductor;;;;;;;
HSMH-C190;50;;;;;;;;;
SMA-KHD;2;;;;;;;;;
DS1073-02F;2;;Connfly;;;;;;;
AM3GH-4805Z;90;2029;Aimtec;;;;;;;
33-03402;928;2406;SM Contact;контакт пин (D=0,8+0,01/0 L=14,9);;;;;;
AMPMGFA-8.0000;183;;Abracon;;;;;;;
ABM3B-25.000MHz-10-D-1-U;10;;Abracon;;;;;;;
ASFL1-16.000MHz-L;3;;Abracon;;;;;;;
ABL-16.0000MHz-B4Y;5;;Abracon;;;;;;;
AIML-0603-47NK;2;;Abracon;;;;;;;
CA6XV5-1KA2020 SNP;7;;ACP Technologies;;;;;;;
AT25DF321A-SH;23;;Adesto Technologies;;;;;;;
PCI-6208V-GL;1;;Adlink Technology;;;;;;;
ADAM-6052;1;;Advantech;;;;;;;
AM1L-1205D-NZ;145;;Aimtec;;;;;;;
AM6G-2412SZ;13;;Aimtec;;;;;;;
AM1/4L-0512S-NZ;18;;Aimtec;;;;;;;
AM2G-2415DZ;12;;Aimtec;;;;;;;
AM2G-1212SZ;1;;Aimtec;;;;;;;
AM1LS-0512S-NZ;3;;Aimtec;;;;;;;
AM1DS-0505SH30JZ;1;;Aimtec;;;;;;;
TX32-33010S-32.000-X;10;;Aker Technology;;;;;;;
CPA-SMA-G10-S23;124;;Alfa'r Connectors;;;;;;;
AXP100;1;;Alinx Electronic Technology (Shanghai);;;;;;;
ACS756KCB-050B-PFF-T;22;;Allegro MicroSystems;;;;;;;
AOD2610;4;;Alpha and Omega Semiconductor;;;;;;;
EP1S25F1020I6;17;;Altera;;;;;;;
EPF10K50RI240-4;32;;Altera;;;;;;;
EP3C40F780I7;11;;Altera;;;;;;;
EP4CGX22CF19I7N;3;;Altera;;;;;;;
EPC8QI100;47;;Altera;;;;;;;
EPF10K10QI208-4;47;;Altera;;;;;;;
EP4CGX22CF19I7;19;;Altera;;;;;;;
EP3C40F484I7;1;;Altera;;;;;;;
EPCS1SI8N;22;;Altera;;;;;;;
EP4CE15F17I;1;;Altera;;;;;;;
AM486DX4-100V16BHI;33;;AMD;;;;;;;
AM29F400BT-90SI;28;;AMD;;;;;;;
AM29LV040B-90EI;3;;AMD;;;;;;;
MCX1181A1-3GT30G-11-50;497;;Amphenol;;;;;;;
132360;58;;Amphenol;;;;;;;
RJFTVB2G ISO NI;1;;Amphenol;;;;;;;
L17DM537425;12;;Amphenol;;;;;;;
242130RP;8;;Amphenol;;;;;;;
RJFTVC2G;2;;Amphenol;;;;;;;
RJF TV 6MG;1;;Amphenol;;;;;;;
RJFTVC6G;1;;Amphenol;;;;;;;
L17DTZK25K;4;;Amphenol;;;;;;;
D38999/26WA98S;1;;Amphenol;;;;;;;
2M805-002-16M19-85PA;1;;Amphenol Aerospace;;;;;;;
2M805-002-16NF12-26PA;1;;Amphenol Aerospace;;;;;;;
10051922-1510EHLF;4490;;Amphenol FCi;;;;;;;
BNC 112778;4;;Amphenol RF;;;;;;;
AD9058AKD;41;;Analog Devices;;;;;;;
AD9858BSV;71;;Analog Devices;;;;;;;
AD843AQ;128;;Analog Devices;;;;;;;
HMC440QS16G;16;;Analog Devices;;;;;;;
HMC917LP3E;104;;Analog Devices;;;;;;;
HMC758LP3E;33;;Analog Devices;;;;;;;
AD654JRZ;40;;Analog Devices;;;;;;;
ADuM1301CRW;227;;Analog Devices;;;;;;;
HMC478SC70;192;;Analog Devices;;;;;;;
AD8009ARZ;190;;Analog Devices;;;;;;;
HMC516;17;;Analog Devices;;;;;;;
ADG452BRZ;28;;Analog Devices;;;;;;;
AD9218BST-40;33;;Analog Devices;;;;;;;
ADA4841-2YRZ;145;;Analog Devices;;;;;;;
HMC453ST89;14;;Analog Devices;;;;;;;
AD9912ABCPZ;6;;Analog Devices;;;;;;;
ADG409BN;44;;Analog Devices;;;;;;;
AD7893AR-10;18;;Analog Devices;;;;;;;
HMC441LC3B;4;;Analog Devices;;;;;;;
HMC346LC3B;2;;Analog Devices;;;;;;;
HMC553LC3B;2;;Analog Devices;;;;;;;
AD843BQ;18;;Analog Devices;;;;;;;
ADCMP604BKSZ;32;;Analog Devices;;;;;;;
HMC838LP6C;11;;Analog Devices;;;;;;;
ADF4350BCPZ;4;;Analog Devices;;;;;;;
LTC2986ILX-1#PBF;3;;Analog Devices;;;;;;;
ADM232AAN;95;;Analog Devices;;;;;;;
LTC4359IS8#PBF;15;;Analog Devices;;;;;;;
AD7475BRMZ;4;;Analog Devices;;;;;;;
AD712AQ;5;;Analog Devices;;;;;;;
LTC4357HMS8#PBF;20;;Analog Devices;;;;;;;
ADR431BRZ;4;;Analog Devices;;;;;;;
ADA4950-1YCPZ;7;;Analog Devices;;;;;;;
ADA4938-2ACPZ;4;;Analog Devices;;;;;;;
AD588AQ;2;;Analog Devices;;;;;;;
HMC860LP3;25;;Analog Devices;;;;;;;
ADP3339AKCZ-2.5;13;;Analog Devices;;;;;;;
AD8347ARU;2;;Analog Devices;;;;;;;
AD8009AR;24;;Analog Devices;;;;;;;
AD5689BRUZ;3;;Analog Devices;;;;;;;
ADR01BRZ;8;;Analog Devices;;;;;;;
AD8057ARZ;6;;Analog Devices;;;;;;;
AD8185ARUZ;9;;Analog Devices;;;;;;;
ADM3202ARW;6;;Analog Devices;;;;;;;
AD812AN;5;;Analog Devices;;;;;;;
AD780AR;6;;Analog Devices;;;;;;;
HMC433;3;;Analog Devices;;;;;;;
ADP7183ACPZN2.5;5;;Analog Devices;;;;;;;
ADM3101EARQZ;15;;Analog Devices;;;;;;;
AD8009ARZ;15;;Analog Devices;;;;;;;
ADM2682EBRIZ;2;;Analog Devices;;;;;;;
AD8065AR;9;;Analog Devices;;;;;;;
ADP3303AR-3.3;5;;Analog Devices;;;;;;;
ADR4520BRZ;2;;Analog Devices;;;;;;;
OP284FS;2;;Analog Devices;;;;;;;
MAX3221EAE;6;;Analog Devices;;;;;;;
AD8361ARMZ;2;;Analog Devices;;;;;;;
AD8130AR;6;;Analog Devices;;;;;;;
ADL5531ACPZ;18;;Analog Devices;;;;;;;
ADL5501AKSZ;2;;Analog Devices;;;;;;;
LT1117IST-3.3;2;;Analog Devices;;;;;;;
ADP3335ARMZ-3.3;4;;Analog Devices;;;;;;;
ADP3334AR;3;;Analog Devices;;;;;;;
ADM3076EARZ;2;;Analog Devices;;;;;;;
ADG619BRM;3;;Analog Devices;;;;;;;
AD822AR;2;;Analog Devices;;;;;;;
AD712JN;2;;Analog Devices;;;;;;;
AD680AR;2;;Analog Devices;;;;;;;
AD815AYS;1;;Analog Devices;;;;;;;
ADM3483EARZ;1;;Analog Devices;;;;;;;
ADA4860-1YRJZ;3;;Analog Devices;;;;;;;
AD8541ARTZ;30;;Analog Devices;;;;;;;
AD825ARZ;1;;Analog Devices;;;;;;;
ADG751ART;1;;Analog Devices;;;;;;;
LS38-C3S-TI-N-DD;608;;APAC Opto Electronics;;;;;;;
HS200 1K5 F;3;;Arcol;;;;;;;
Mega 2560 R3;3;;Arduino;;;;;;;
ARL-5213UWC-30cd;5000;;Arlight;;;;;;;
LDS100-24-H00;1;;Artesyn Embedded Technologies;;;;;;;
AX88178A QF;1;;Asix Electronics;;;;;;;
AK-1394-18;1;;Assmann WSW Components;;;;;;;
A-USBPB-N;68;;Assmann WSW Components;;;;;;;
A-USBPB-HOOD-N;3;;Assmann WSW Components;;;;;;;
A-DC 09 S W;2;;Assmann WSW Components;;;;;;;
600F241JT250;92;;ATC;;;;;;;
600F390JT250;97;;ATC;;;;;;;
600L8R2BT200;15;;ATC;;;;;;;
600F680JT250;92;;ATC;;;;;;;
600S0R8BT250;98;;ATC;;;;;;;
600S0R6BT250;34;;ATC;;;;;;;
600F300FT250;4;;ATC;;;;;;;
600F6R8JT250;8;;ATC;;;;;;;
600F3R3CT250;6;;ATC;;;;;;;
600F1R5BT250;6;;ATC;;;;;;;
600F2R7CT250;6;;ATC;;;;;;;
600F101JT250;4;;ATC;;;;;;;
0402HC-5N6ECTS;45;;ATC;;;;;;;
600F1R5CT250;3;;ATC;;;;;;;
600F2R2CT250;2;;ATC;;;;;;;
600S1R6BT250;1;;ATC;;;;;;;
AM2005;15;;Atlanta Micro;;;;;;;
AM6002;15;;Atlanta Micro;;;;;;;
ATWILC1000B-MU;113;;Atmel;;;;;;;
AT89C51ED2-RDTUM;10;;Atmel;;;;;;;
AT24CM01-SHM;4;;Atmel;;;;;;;
ATxmega128A1-AU;4;;Atmel;;;;;;;
ATmega8-16AI;8;;Atmel;;;;;;;
AT89C51ED2-RLTUM;3;;Atmel;;;;;;;
ATmega324PA-AU;2;;Atmel;;;;;;;
DPM-R7K-H;5;;Auk Contractors;;;;;;;
MSA-0835;6;;Avago Technologies;;;;;;;
MSA-0635;5;;Avago Technologies;;;;;;;
HSMS-2822;12;;Avago Technologies;;;;;;;
MGB8-04G-ST;30;;AVC Industrial;;;;;;;
D/MG12A-H4-02;50;;AVC Industrial;;;;;;;
TAJD226K020RNJ;3202;;AVX;;;;;;;
CM105CG220J50A;3883;;AVX;;;;;;;
CM21CG103K16A;165;;AVX;;;;;;;
TAJD335K050RNJ;129;;AVX;;;;;;;
CM21X7R105K10A;2059;;AVX;;;;;;;
CM105X7R105K16A;658;;AVX;;;;;;;
CM105X7R103J50A;66;;AVX;;;;;;;
18125C335KAT2A;91;;AVX;;;;;;;
TAJB226K020RNJ;61;;AVX;;;;;;;
TAJB475M016RNJ;586;;AVX;;;;;;;
CM105X7R102K50A;5000;;AVX;;;;;;;
TAJD156M050RNJ;29;;AVX;;;;;;;
1210PC333KAT1A;347;;AVX;;;;;;;
TAJE336K025RNJ;20;;AVX;;;;;;;
TPSB106K020R1000;100;;AVX;;;;;;;
TAJD476K016RNJ;96;;AVX;;;;;;;
TLCR105M035RTA;18;;AVX;;;;;;;
TAJB106K016RNJ;184;;AVX;;;;;;;
TAJE477K010RNJ;26;;AVX;;;;;;;
04023A680FAT2A;25;;AVX;;;;;;;
0402YA681GAT2A;20;;AVX;;;;;;;
06033C474JAT2A;90;;AVX;;;;;;;
CM316X7R105K25A;584;;AVX;;;;;;;
TAJE226K035RNJ;10;;AVX;;;;;;;
TAJD156K050RNJ;80;;AVX;;;;;;;
TAJA475K010RNJ;42;;AVX;;;;;;;
TAJD476K010RNJ;20;;AVX;;;;;;;
TAJB107M010RNJ;26;;AVX;;;;;;;
0402ZC6R8KAT2A;50;;AVX;;;;;;;
0402ZC473KAT2A;34;;AVX;;;;;;;
04025C103JAT2A;80;;AVX;;;;;;;
08051A102JAT2A;50;;AVX;;;;;;;
CM105CG120J100A;172;;AVX;;;;;;;
CM105CG180J100A;171;;AVX;;;;;;;
CM105CG561J50A;161;;AVX;;;;;;;
18125C474KAT2A;118;;AVX;;;;;;;
CM105CG270J100A;150;;AVX;;;;;;;
TLCR105M020RTA;18;;AVX;;;;;;;
TAJA225K006RNJ;10;;AVX;;;;;;;
CM105CG391J50A;65;;AVX;;;;;;;
06031A331JAT2A;980;;AVX;;;;;;;
1206YC103KAT2A;44;;AVX;;;;;;;
04025C222JAT2A;65;;AVX;;;;;;;
TAJA104K035RNJ;55;;AVX;;;;;;;
06035C104KAT2A;150;;AVX;;;;;;;
1210ZD226KAT2A;12;;AVX;;;;;;;
06035A300JAT2A;46;;AVX;;;;;;;
CM105CG330J100A;97;;AVX;;;;;;;
0805YD105KAT2A;53;;AVX;;;;;;;
CM21X7R105K25A;145;;AVX;;;;;;;
CM105X7R104K50A;86;;AVX;;;;;;;
TAJE157M016RNJ;10;;AVX;;;;;;;
CM105CG560J100A;60;;AVX;;;;;;;
CM05CG100J50A;549;;AVX;;;;;;;
TAJB335K016RNJ;44;;AVX;;;;;;;
F981E105MMA;6;;AVX;;;;;;;
CM105X7R104K25A;54;;AVX;;;;;;;
12061A221KAT2A;12;;AVX;;;;;;;
06031A5R1CAT2A;10;;AVX;;;;;;;
0402ZC472KAT2A;41;;AVX;;;;;;;
06036D106MAT2A;3920;;AVX;;;;;;;
F981A475MUALZT;2;;AVX;;;;;;;
06031A4R7CAT2A;27;;AVX;;;;;;;
06031A100FAT2A;35;;AVX;;;;;;;
CM05X7R221K50A;296;;AVX;;;;;;;
TAJA106K010TNJ;22;;AVX;;;;;;;
06035C333JAT2A;99;;AVX;;;;;;;
TPSB336K010R0500;8;;AVX;;;;;;;
22201C106MAT2A;5;;AVX;;;;;;;
TAJB107K006RNJ;50;;AVX;;;;;;;
CM316X7R225K10A;30;;AVX;;;;;;;
06033C330KAT2A;93;;AVX;;;;;;;
0402YA560GAT2A;20;;AVX;;;;;;;
06031A8R0CAT2A;29;;AVX;;;;;;;
TAJB227M004RNJ;4;;AVX;;;;;;;
TAJB106M006RNJ;24;;AVX;;;;;;;
0603YD225KAT2A;25;;AVX;;;;;;;
06031A220JAT2A;100;;AVX;;;;;;;
TAJD226M035RNJ;2;;AVX;;;;;;;
08055A681JAT2A;15;;AVX;;;;;;;
CM105CG8R0F100A;30;;AVX;;;;;;;
CM105CG220J100A;50;;AVX;;;;;;;
1206ZC684JAT2A;40;;AVX;;;;;;;
12101C335K4T2A;16;;AVX;;;;;;;
TAJD336K020RNJ;9;;AVX;;;;;;;
TAJB106K025RNJ;32;;AVX;;;;;;;
TAJC105K050RNJ;5;;AVX;;;;;;;
CM32X7R105K50A;32;;AVX;;;;;;;
0402ZC683KAT2A;5;;AVX;;;;;;;
04023A270FAT2A;3;;AVX;;;;;;;
TAJB226K016RNJ;15;;AVX;;;;;;;
1206GC102KAT2A;45;;AVX;;;;;;;
04026C105JAT2A;5;;AVX;;;;;;;
0603YA272KAT2A;20;;AVX;;;;;;;
CM105CG150J50A;72;;AVX;;;;;;;
0805YC475KAT2A;40;;AVX;;;;;;;
TAJC106M025RNJ;4;;AVX;;;;;;;
TAJD157M016RNJ;2;;AVX;;;;;;;
CM105CG471J50A;40;;AVX;;;;;;;
0402ZC223KAT2A;29;;AVX;;;;;;;
06035C101KAT2A;43;;AVX;;;;;;;
CM105X7R473K25A;112;;AVX;;;;;;;
CM105X5R474K16A;60;;AVX;;;;;;;
04023A220FAT2A;21;;AVX;;;;;;;
CM21CG182J50A;20;;AVX;;;;;;;
0603YC105JAT2A;39;;AVX;;;;;;;
CM105X7R103K16A;39;;AVX;;;;;;;
TAJC336K010RNJ;4;;AVX;;;;;;;
1206PC103KAZ1A;17;;AVX;;;;;;;
0402ZD474KAT2A;48;;AVX;;;;;;;
1210ZD107KAT2A;2;;AVX;;;;;;;
CM105CG470J100A;91;;AVX;;;;;;;
CM21CG152J50A;14;;AVX;;;;;;;
08055A101KAT2A;4;;AVX;;;;;;;
04023A471FAT2A;41;;AVX;;;;;;;
04025A2R2JAT2A;32;;AVX;;;;;;;
04023A271FAT2A;44;;AVX;;;;;;;
0603ZD475KAT2A;15;;AVX;;;;;;;
CM105CG221J50A;20;;AVX;;;;;;;
CM105CG121J50A;44;;AVX;;;;;;;
0402YA100GAT2A;50;;AVX;;;;;;;
CM105X7R103K25A;7;;AVX;;;;;;;
08055C224K4T2A;20;;AVX;;;;;;;
TLCL105M025RTA;28;;AVX;;;;;;;
04023A1R8BAT2A;33;;AVX;;;;;;;
04023A120JAT2A;1;;AVX;;;;;;;
08055D104KAT2A;13;;AVX;;;;;;;
0402ZC224KAT2A;38;;AVX;;;;;;;
0603ZC104KAT2A;4;;AVX;;;;;;;
04023A470FAT2A;1;;AVX;;;;;;;
0402YA120GAT2A;20;;AVX;;;;;;;
0805YA103JAT2A;1;;AVX;;;;;;;
04025A102JAT2A;13;;AVX;;;;;;;
0402YA120KAT2A;15;;AVX;;;;;;;
0402YA220KAT2A;18;;AVX;;;;;;;
CM21X7R104K50A;30;;AVX;;;;;;;
04023C103KAT2A;48;;AVX;;;;;;;
04023C103JAT2A;24;;AVX;;;;;;;
CM105X7R103K50A;42;;AVX;;;;;;;
CM05X7R103K16A;4;;AVX;;;;;;;
04025A8R2JAT2A;2;;AVX;;;;;;;
0402YC104KAT2A;6;;AVX;;;;;;;
06035A561JAT2A;7;;AVX;;;;;;;
PLP2-500;4;;Bivar;;;;;;;
3313J-1-502E;821;;Bourns;;;;;;;
3313J-1-101E;636;;Bourns;;;;;;;
3540S-1-202L;10;;Bourns;;;;;;;
SRU5028-680Y;210;;Bourns;;;;;;;
SRP1770TA-150M;30;;Bourns;;;;;;;
CR0402-JW-221GLF;64406;;Bourns;;;;;;;
4816P-1-103;97;;Bourns;;;;;;;
3313J-1-221E;15;;Bourns;;;;;;;
3339H-1-102LF;5;;Bourns;;;;;;;
CR0402-J/-000GLF;10510;;Bourns;;;;;;;
CR0402-JW-331GLF;2241;;Bourns;;;;;;;
3296W-1-253LF;25;;Bourns;;;;;;;
SRR4018-100Y;10;;Bourns;;;;;;;
3296W-1-102LF;15;;Bourns;;;;;;;
CW100505-2N2D;30;;Bourns;;;;;;;
CRS2512-FW-1R00ELF;35;;Bourns;;;;;;;
CG0603MLU-3.3;90;;Bourns;;;;;;;
TBU-CA065-300-WH;5;;Bourns;;;;;;;
CR0603-FX-1005ELF;87;;Bourns;;;;;;;
MF-MSMF075/24;64;;Bourns;;;;;;;
CR1206-JW-106ELF;130;;Bourns;;;;;;;
SRP1265A-330M;4;;Bourns;;;;;;;
CR0805-JW-122ELF;26;;Bourns;;;;;;;
SMAJ15CA;164;;Bourns;;;;;;;
CR1206-FX-45R3ELF;13;;Bourns;;;;;;;
CR0603-FW-1204ELF;34;;Bourns;;;;;;;
RLB0914-102KL;8;;Bourns;;;;;;;
TC42X-2-103;7;;Bourns;;;;;;;
CR1206-JW-510ELF;56;;Bourns;;;;;;;
CR0805-FX-75R0ELF;81;;Bourns;;;;;;;
CR0805-JW-513ELF;100;;Bourns;;;;;;;
CR0201-JW-121GLF;12;;Bourns;;;;;;;
CR1206-JW-122ELF;72;;Bourns;;;;;;;
CR0402-FX-2671GLF;95;;Bourns;;;;;;;
CR2512-JW-751ELF;20;;Bourns;;;;;;;
CR0603-FX-9101ELF;86;;Bourns;;;;;;;
CR0805-JW-270ELF;82;;Bourns;;;;;;;
CR0805-JW-183ELF;88;;Bourns;;;;;;;
CR0603-FX-3831ELF;72;;Bourns;;;;;;;
MF-USMF075;12;;Bourns;;;;;;;
SRU5028-100Y;6;;Bourns;;;;;;;
CR0603-FX-5491ELF;98;;Bourns;;;;;;;
CR0201-JW-180GLF;9;;Bourns;;;;;;;
CR0402-FX-4750GLF;80;;Bourns;;;;;;;
CR0603-FX-6490ELF;70;;Bourns;;;;;;;
CR0805-FX-20R0ELF;100;;Bourns;;;;;;;
CR1206-JW-431ELF;89;;Bourns;;;;;;;
SDR1307-271KL;4;;Bourns;;;;;;;
CR0805-JW-303ELF;83;;Bourns;;;;;;;
CR0603-FX-1963ELF;90;;Bourns;;;;;;;
CR0805-JW-912ELF;48;;Bourns;;;;;;;
CR0603-FX-1432ELF;90;;Bourns;;;;;;;
CR0805-JW-622ELF;72;;Bourns;;;;;;;
CR0201-JW-750GLF;7;;Bourns;;;;;;;
SDR1307-560KL;2;;Bourns;;;;;;;
CR0402-FX-1182GLF;60;;Bourns;;;;;;;
CR1206-JW-121ELF;50;;Bourns;;;;;;;
CR0805-FX-2001ELF;63;;Bourns;;;;;;;
MF-PSMF010X-2;35;;Bourns;;;;;;;
CR0402-FX-1581GLF;60;;Bourns;;;;;;;
CR0402-FX-4871GLF;60;;Bourns;;;;;;;
CR0805-JW-112ELF;44;;Bourns;;;;;;;
CR0603-FX-1472ELF;90;;Bourns;;;;;;;
CR0805-JW-621ELF;35;;Bourns;;;;;;;
CR0603-FX-2400ELF;40;;Bourns;;;;;;;
CR0402-FX-1433GLF;46;;Bourns;;;;;;;
CR0402-FX-2262GLF;30;;Bourns;;;;;;;
CR0603-FX-5761ELF;30;;Bourns;;;;;;;
CR0402-FX-5901GLF;16;;Bourns;;;;;;;
CR0603-JW-180ELF;45;;Bourns;;;;;;;
SRN6028-6R0M;4;;Bourns;;;;;;;
CR0603-FX-3571ELF;39;;Bourns;;;;;;;
CR0603-JW-391ELF;70;;Bourns;;;;;;;
CR0603-FX-1210ELF;27;;Bourns;;;;;;;
CR0402-JW-561GLF;507;;Bourns;;;;;;;
CR0402-FX-2201GLF;54;;Bourns;;;;;;;
CR0603-FX-2740ELF;35;;Bourns;;;;;;;
CR0603-FX-9761ELF;46;;Bourns;;;;;;;
CR0805-JW-272ELF;31;;Bourns;;;;;;;
CRL0603-FW-2R20ELF;14;;Bourns;;;;;;;
CR0805-JW-472ELF;34;;Bourns;;;;;;;
CR0402-JW-150GLF;60;;Bourns;;;;;;;
CR0402-JW-100GLF;99;;Bourns;;;;;;;
CR0402-FX-3900GLF;380;;Bourns;;;;;;;
CR0603-JW-104ELF;49;;Bourns;;;;;;;
CR0402-FX-1213GLF;36;;Bourns;;;;;;;
CR0402-FX-91R0GLF;11;;Bourns;;;;;;;
CR0603-FX-16R9ELF;57;;Bourns;;;;;;;
CR0603-JW-621ELF;39;;Bourns;;;;;;;
CR0603-FX-3012ELF;36;;Bourns;;;;;;;
CR0603-FX-47R0ELF;55;;Bourns;;;;;;;
CR0805-FX-2263ELF;6;;Bourns;;;;;;;
CR0402-FX-4992GLF;46;;Bourns;;;;;;;
CR0603-FX-5111ELF;99;;Bourns;;;;;;;
CR0402-FX-3303GLF;42;;Bourns;;;;;;;
CR0603-FX-13R0ELF;18;;Bourns;;;;;;;
CR0603-JW-912ELF;70;;Bourns;;;;;;;
CR0603-FX-1212ELF;70;;Bourns;;;;;;;
CR0402-FX-2490GLF;15;;Bourns;;;;;;;
CR0603-JW-102ELF;111;;Bourns;;;;;;;
CR0603-FX-1023ELF;47;;Bourns;;;;;;;
CR0603-FX-2213ELF;47;;Bourns;;;;;;;
CR0603-FX-3923ELF;47;;Bourns;;;;;;;
CR0805-FX-1602ELF;91;;Bourns;;;;;;;
SRN3015-100M;2;;Bourns;;;;;;;
CR0603-JW-392ELF;36;;Bourns;;;;;;;
CR0402-FX-1622GLF;8;;Bourns;;;;;;;
CR0402-FX-3012GLF;15;;Bourns;;;;;;;
CR0603-FX-5600ELF;40;;Bourns;;;;;;;
CR0603-FX-4990ELF;45;;Bourns;;;;;;;
CR0603-FX-1003ELF;141;;Bourns;;;;;;;
CR1206-FX-1002ELF;38;;Bourns;;;;;;;
CR0805-J/-4R7ELF;11;;Bourns;;;;;;;
CR0603-JW-332ELF;29;;Bourns;;;;;;;
CR0603-FX-24R9ELF;49;;Bourns;;;;;;;
CR0805-JW-100ELF;38;;Bourns;;;;;;;
CR0603-FX-2942ELF;3;;Bourns;;;;;;;
CR0603-FX-1623ELF;3;;Bourns;;;;;;;
CMP1206-FX-20R0ELF;44;;Bourns;;;;;;;
CMP1206-FX-1004ELF;44;;Bourns;;;;;;;
CR0805-JW-361ELF;7;;Bourns;;;;;;;
CR0603-FX-51R1ELF;5;;Bourns;;;;;;;
CR0603-FX-3010ELF;60;;Bourns;;;;;;;
CR0603-JW-431ELF;11;;Bourns;;;;;;;
CR0603-JW-510ELF;25;;Bourns;;;;;;;
CR0805-FX-3303ELF;39;;Bourns;;;;;;;
CR0603-FX-5902ELF;32;;Bourns;;;;;;;
CR0805-JW-106ELF;64;;Bourns;;;;;;;
CR0603-FX-2613ELF;120;;Bourns;;;;;;;
CR0603-FX-5102ELF;10;;Bourns;;;;;;;
CR0603-JW-511ELF;84;;Bourns;;;;;;;
CR0402-FX-9100GLF;32;;Bourns;;;;;;;
CR0805-FX-1053ELF;91;;Bourns;;;;;;;
CR0603-FX-1200ELF;40;;Bourns;;;;;;;
CR0805-JW-475ELF;40;;Bourns;;;;;;;
CR0603-JW-222ELF;32;;Bourns;;;;;;;
CR0402-FX-1600GLF;18;;Bourns;;;;;;;
CR1206-FX-6800ELF;38;;Bourns;;;;;;;
CR0805-JW-200ELF;81;;Bourns;;;;;;;
CR0603-FX-6810ELF;18;;Bourns;;;;;;;
CR0603-FX-1332ELF;71;;Bourns;;;;;;;
CR0603-FX-3243ELF;5;;Bourns;;;;;;;
CR0402-FX-8251GLF;18;;Bourns;;;;;;;
CR0603-FX-6340ELF;40;;Bourns;;;;;;;
CR0603-JW-304ELF;7;;Bourns;;;;;;;
CR0805-FX-2201ELF;21;;Bourns;;;;;;;
CR0402-FX-2263GLF;9;;Bourns;;;;;;;
CR0603-JW-395ELF;7;;Bourns;;;;;;;
CAY16-221J4LF;15;;Bourns;;;;;;;
CR0805-JW-684ELF;18;;Bourns;;;;;;;
CR0603-FX-5101ELF;44;;Bourns;;;;;;;
CR0603-FX-2201ELF;92;;Bourns;;;;;;;
CR1206-JW-100ELF;7;;Bourns;;;;;;;
CR0805-FX-1801ELF;42;;Bourns;;;;;;;
CR1206-JW-203ELF;40;;Bourns;;;;;;;
CR0402-FX-2211GLF;17;;Bourns;;;;;;;
CR0402-FX-4121GLF;15;;Bourns;;;;;;;
CR0402-FX-7151GLF;15;;Bourns;;;;;;;
CR0402-FX-1692GLF;15;;Bourns;;;;;;;
CR0402-FX-2052GLF;15;;Bourns;;;;;;;
CR0402-FX-2432GLF;15;;Bourns;;;;;;;
CR0805-JW-330ELF;83;;Bourns;;;;;;;
CR0603-JW-751ELF;51;;Bourns;;;;;;;
CR0603-JW-202ELF;45;;Bourns;;;;;;;
CR0402-FX-1602GLF;25;;Bourns;;;;;;;
CR0603-FX-8201ELF;45;;Bourns;;;;;;;
CR0805-JW-332ELF;40;;Bourns;;;;;;;
CR1206-J/-000ELF;34;;Bourns;;;;;;;
CR0402-FX-1372GLF;12;;Bourns;;;;;;;
MOV-07D431K;2;;Bourns;;;;;;;
CR0805-JW-154ELF;7;;Bourns;;;;;;;
CR0402-FX-39R0GLF;23;;Bourns;;;;;;;
CR0805-JW-564ELF;45;;Bourns;;;;;;;
CR0603-FX-4221ELF;4;;Bourns;;;;;;;
CR0805-JW-104ELF;42;;Bourns;;;;;;;
CR0805-FX-1000ELF;40;;Bourns;;;;;;;
CR0603-JW-221ELF;10;;Bourns;;;;;;;
CR0603-FX-1331ELF;40;;Bourns;;;;;;;
CR0603-FX-2001ELF;40;;Bourns;;;;;;;
CR0402-JW-153GLF;5;;Bourns;;;;;;;
CR0603-FX-75R0ELF;116;;Bourns;;;;;;;
CR0603-FX-3241ELF;3;;Bourns;;;;;;;
CR0402-FX-6982GLF;47;;Bourns;;;;;;;
CR0603-FX-3573ELF;7;;Bourns;;;;;;;
CR0603-JW-472ELF;32;;Bourns;;;;;;;
CR0805-JW-510ELF;37;;Bourns;;;;;;;
CR0805-FX-1003ELF;36;;Bourns;;;;;;;
CR0805-FX-10R0ELF;11;;Bourns;;;;;;;
CR0805-JW-914ELF;40;;Bourns;;;;;;;
CR0603-FX-7871ELF;49;;Bourns;;;;;;;
CR0805-FX-3002ELF;39;;Bourns;;;;;;;
CR0402-FX-1912GLF;37;;Bourns;;;;;;;
CR0805-JW-202ELF;37;;Bourns;;;;;;;
CR0805-JW-105ELF;38;;Bourns;;;;;;;
CR0603-FX-3742ELF;48;;Bourns;;;;;;;
CR0603-FX-7872ELF;4;;Bourns;;;;;;;
CR0603-FX-8451ELF;45;;Bourns;;;;;;;
CR0603-FX-2872ELF;45;;Bourns;;;;;;;
CR0603-FX-9531ELF;18;;Bourns;;;;;;;
CR0603-FX-1653ELF;18;;Bourns;;;;;;;
CR0603-FX-3483ELF;18;;Bourns;;;;;;;
CR0805-JW-181ELF;20;;Bourns;;;;;;;
CR0402-FX-2871GLF;15;;Bourns;;;;;;;
CR0402-FX-2702GLF;15;;Bourns;;;;;;;
CR0402-FX-4022GLF;15;;Bourns;;;;;;;
CR0402-FX-5602GLF;15;;Bourns;;;;;;;
CR0805-FX-3301ELF;29;;Bourns;;;;;;;
CR0603-FX-3011ELF;40;;Bourns;;;;;;;
CR0805-JW-221ELF;44;;Bourns;;;;;;;
CR0402-FX-1501GLF;17;;Bourns;;;;;;;
CR0603-JW-514ELF;25;;Bourns;;;;;;;
CR0603-JW-200ELF;57;;Bourns;;;;;;;
CR0805-JW-101ELF;12;;Bourns;;;;;;;
CR0805-J/-8R2ELF;4;;Bourns;;;;;;;
CR0805-JW-431ELF;31;;Bourns;;;;;;;
CR0603-FX-2200ELF;40;;Bourns;;;;;;;
CR0402-FX-5100GLF;52;;Bourns;;;;;;;
CR0603-JW-181ELF;30;;Bourns;;;;;;;
CR0805-JW-512ELF;28;;Bourns;;;;;;;
CR0603-FX-2003ELF;40;;Bourns;;;;;;;
CR0603-FX-1650ELF;48;;Bourns;;;;;;;
CR0603-FX-2870ELF;48;;Bourns;;;;;;;
CR0402-FX-4700GLF;11;;Bourns;;;;;;;
CR0402-FX-2433GLF;25;;Bourns;;;;;;;
CR0603-FX-1802ELF;29;;Bourns;;;;;;;
CR0603-FX-2203ELF;44;;Bourns;;;;;;;
CR0805-JW-201ELF;31;;Bourns;;;;;;;
CR0402-FX-6201GLF;5;;Bourns;;;;;;;
CR0402-FX-3002GLF;5;;Bourns;;;;;;;
CR1206-JW-102ELF;24;;Bourns;;;;;;;
CR0402-J/-2R2GLF;37;;Bourns;;;;;;;
CR0402-FX-2322GLF;44;;Bourns;;;;;;;
CR0402-FX-5101GLF;40;;Bourns;;;;;;;
CR0603-FX-22R0ELF;48;;Bourns;;;;;;;
CR0603-JW-301ELF;15;;Bourns;;;;;;;
CR0603-FX-7320ELF;20;;Bourns;;;;;;;
CR0603-JW-122ELF;32;;Bourns;;;;;;;
CR0603-JW-623ELF;25;;Bourns;;;;;;;
CR0603-JW-244ELF;25;;Bourns;;;;;;;
CR0402-FX-36R0GLF;46;;Bourns;;;;;;;
CR0603-FX-4700ELF;34;;Bourns;;;;;;;
CR0402-JW-821GLF;45;;Bourns;;;;;;;
CR1206-JW-432ELF;10;;Bourns;;;;;;;
CR0603-FX-49R9ELF;33;;Bourns;;;;;;;
CR0603-JW-911ELF;42;;Bourns;;;;;;;
CR0603-FX-2492ELF;46;;Bourns;;;;;;;
CR0603-FX-56R2ELF;4;;Bourns;;;;;;;
CR0603-FX-4703ELF;21;;Bourns;;;;;;;
CR0603-FX-3003ELF;5;;Bourns;;;;;;;
CAT16-103J4LF;6;;Bourns;;;;;;;
CR0603-JW-203ELF;67;;Bourns;;;;;;;
CR0603-FX-1004ELF;4;;Bourns;;;;;;;
CR0603-JW-821ELF;22;;Bourns;;;;;;;
CR0603-FX-4992ELF;42;;Bourns;;;;;;;
CR0603-FX-5110ELF;10;;Bourns;;;;;;;
CR0603-JW-220ELF;26;;Bourns;;;;;;;
CR0603-JW-121ELF;25;;Bourns;;;;;;;
R0603-JW-154ELF;5;;Bourns;;;;;;;
CR0402-FX-1000GLF;38;;Bourns;;;;;;;
CR0603-JW-225ELF;15;;Bourns;;;;;;;
CR0402-JW-112GLF;17;;Bourns;;;;;;;
CR0603-JW-471ELF;15;;Bourns;;;;;;;
CR0603-JW-513ELF;32;;Bourns;;;;;;;
CR0402-JW-121GLF;21;;Bourns;;;;;;;
CR0402-FX-3921GLF;9;;Bourns;;;;;;;
CR0402-FX-8252GLF;9;;Bourns;;;;;;;
CR0603-JW-113ELF;17;;Bourns;;;;;;;
CR1206-FX-68R0ELF;4;;Bourns;;;;;;;
CR1206-JW-240ELF;5;;Bourns;;;;;;;
CR0603-FX-2102ELF;7;;Bourns;;;;;;;
CR0603-FX-3403ELF;7;;Bourns;;;;;;;
CR0603-JW-101ELF;24;;Bourns;;;;;;;
CR0402-JW-300GLF;17;;Bourns;;;;;;;
CR0402-JW-181GLF;17;;Bourns;;;;;;;
CR0805-FX-3321ELF;6;;Bourns;;;;;;;
CR0805-FX-6801ELF;6;;Bourns;;;;;;;
CR0603-JW-183ELF;8;;Bourns;;;;;;;
CR0201-JW-101GLF;8;;Bourns;;;;;;;
CAY16-102J4LF;4;;Bourns;;;;;;;
CR0603-JW-204ELF;4;;Bourns;;;;;;;
CR0603-FX-2430ELF;5;;Bourns;;;;;;;
CR0603-J/-1R0ELF;4;;Bourns;;;;;;;
CR1206-JW-473ELF;2;;Bourns;;;;;;;
CR0603-FX-1153ELF;8;;Bourns;;;;;;;
CR0603-FX-3653ELF;8;;Bourns;;;;;;;
CR0603-FX-1403ELF;4;;Bourns;;;;;;;
CR0805-JW-113ELF;4;;Bourns;;;;;;;
CR0603-JW-153ELF;4;;Bourns;;;;;;;
CR0201-JW-301GLF;4;;Bourns;;;;;;;
CR0603-FX-10R0ELF;10;;Bourns;;;;;;;
CR0402-JW-180GLF;6;;Bourns;;;;;;;
CR0603-FX-3302ELF;3;;Bourns;;;;;;;
CR0603-JW-240ELF;4;;Bourns;;;;;;;
CR0805-JW-390ELF;4;;Bourns;;;;;;;
CR0402-JW-332GLF;8;;Bourns;;;;;;;
CR0603-JW-273ELF;2;;Bourns;;;;;;;
CR0402-FX-4532GLF;2;;Bourns;;;;;;;
CR0603-JW-622ELF;1;;Bourns;;;;;;;
CR0603-FX-2612ELF;1;;Bourns;;;;;;;
CR0603-FX-1302ELF;1;;Bourns;;;;;;;
BS-C514RD;2;;Bright Led Electronics;;;;;;;
KMR231NGLFS;10;;C&K Components;;;;;;;
MP915-15.0-1%;121;;Caddock Electronics;;;;;;;
MP915-20.0-1%;50;;Caddock Electronics;;;;;;;
PS2501-1;21;;CEL;;;;;;;
AM-1015E-F;10;;Changzhou Amass Electronics;;;;;;;
TCC0603X7R103K101CT;45;;Chaozhou Three-Circle;;;;;;;
KAM1512D;10;;Chinfa Electronics;;;;;;;
FTX24.000M16SM6S-10/10A;33;;Chip Sun Technology;;;;;;;
CH7317B-TF-I;16;;Chrontel;;;;;;;
142-1801-046;10;;Cinch Connectivity Solutions;;;;;;;
142-1701-131;10;;Cinch Connectivity Solutions;;;;;;;
142-0761-861;3;;Cinch Connectivity Solutions;;;;;;;
TRG10R120-36E03;5;;Cincon Electronics;;;;;;;
SG57633;4;;Cirmaker Industry;;;;;;;
HT396-3.96-3P-1G;10;;Cixi Kaifeng Electronics;;;;;;;
CL1505-TP/1;2;;Cliff Electronic Components;;;;;;;
CP30293;10;;Cliff Electronic Components;;;;;;;
102-1092-BL-00100;3;;CnC Tech;;;;;;;
102-1092-BL-00050;3;;CnC Tech;;;;;;;
102-1030-BL-00100;3;;CnC Tech;;;;;;;
760-10010-00015;4;;CnC Tech;;;;;;;
1002-001-BE-KIT;26;;CnC Tech;;;;;;;
7M3-224;20;;Coilcraft;;;;;;;
DA2304-AL;15;;Coilcraft;;;;;;;
XPL2010-333ML;4;;Coilcraft;;;;;;;
XFL2010-333ME;4;;Coilcraft;;;;;;;
XAL7070-122ME;4;;Coilcraft;;;;;;;
DO1813H-181ML;5;;Coilcraft;;;;;;;
WBT4-1ASL;2;;Coilcraft;;;;;;;
Fastcom: LT1;1;;Commtech;;;;;;;
DS1023-01-2*8SF11;2820;;Connfly Electronic;;;;;;;
DS1091-WN0X;999;;Connfly Electronic;;;;;;;
DS1021-2*10SF150-B;3710;;Connfly Electronic;;;;;;;
DS1021-2*10SF145-B;3710;;Connfly Electronic;;;;;;;
DS1031-01-1*5P8BV11;2846;;Connfly Electronic;;;;;;;
DS1047-25M1L-N;16;;Connfly Electronic;;;;;;;
DS1065-03-2*3S8BV;159;;Connfly Electronic;;;;;;;
DS1065-03-2*7S8BV;110;;Connfly Electronic;;;;;;;
DS1069-3MRW6SA;203;;Connfly Electronic;;;;;;;
DS1108-BN0;124;;Connfly Electronic;;;;;;;
DS1046-15C1L;37;;Connfly Electronic;;;;;;;
DS1022-3*11RF11-B;92;;Connfly Electronic;;;;;;;
DS1069-10MVW6X;312;;Connfly Electronic;;;;;;;
DS1029-04-2*10P8BVB34-B;80;;Connfly Electronic;;;;;;;
DS1023-1*3SF11;309;;Connfly Electronic;;;;;;;
DS1031-01-1*40P8BV31-3A;32;;Connfly Electronic;;;;;;;
DS1031-01-1*6P8BV31-3A;17;;Connfly Electronic;;;;;;;
DS1029-04-2*8P8BVA32-B;30;;Connfly Electronic;;;;;;;
DS1035-62FUNSiSS;6;;Connfly Electronic;;;;;;;
DS1028-02-2BBF1;194;;Connfly Electronic;;;;;;;
DS1047-25M2L-N;4;;Connfly Electronic;;;;;;;
DS1014-14MF1BSR-B;34;;Connfly Electronic;;;;;;;
DS1033-09FBT8SS-CT;23;;Connfly Electronic;;;;;;;
DS1022-1*20RUF18-B;95;;Connfly Electronic;;;;;;;
DS1046-37C1L;4;;Connfly Electronic;;;;;;;
DS1095-10-WNB0;34;;Connfly Electronic;;;;;;;
DS1025-01-1*40P8BV1-B;49;;Connfly Electronic;;;;;;;
DS1035-44MBT8SS;4;;Connfly Electronic;;;;;;;
I-DS1071-SCB01*1;41;;Connfly Electronic;;;;;;;
DS1066-8MVW6S;28;;Connfly Electronic;;;;;;;
DS1033-09FBNSiSS-CT;43;;Connfly Electronic;;;;;;;
DS1035-78MUNSiSS;4;;Connfly Electronic;;;;;;;
DS1118-64M0V23;4;;Connfly Electronic;;;;;;;
DS1046-09C1L1;6;;Connfly Electronic;;;;;;;
DS1016-50MA2BB;22;;Connfly Electronic;;;;;;;
I-DS1071-SCB02*10;48;;Connfly Electronic;;;;;;;
DS1089-WN0X;5;;Connfly Electronic;;;;;;;
I-DS1073-02-PCT02*2;24;;Connfly Electronic;;;;;;;
I-DS1073-02-PCT03*2;24;;Connfly Electronic;;;;;;;
DS1099-WN0;25;;Connfly Electronic;;;;;;;
DS1045-37AP1L1-B;5;;Connfly Electronic;;;;;;;
DS1035-26FWTSiSS;4;;Connfly Electronic;;;;;;;
I-DS1066-SCW006;146;;Connfly Electronic;;;;;;;
DS1033-37FBNSiSS-CT;8;;Connfly Electronic;;;;;;;
DS1021-1*3SF11-B;37;;Connfly Electronic;;;;;;;
I-DS1073-02-SCT02*3;9;;Connfly Electronic;;;;;;;
DS1021-1*4SF11-B;62;;Connfly Electronic;;;;;;;
DS1024-2*7RF1;8;;Connfly Electronic;;;;;;;
DS1035-78MBT8SS;1;;Connfly Electronic;;;;;;;
T-DS1066-SC600;418;;Connfly Electronic;;;;;;;
DS1031-01-1*4P8BV31-3A;4;;Connfly Electronic;;;;;;;
DS1069-8MVW6X;22;;Connfly Electronic;;;;;;;
DS1077-62MB8NSS;2;;Connfly Electronic;;;;;;;
DS1099-WN30;10;;Connfly Electronic;;;;;;;
DS1065-01-1*8S8BV;5;;Connfly Electronic;;;;;;;
I-DS1071-SCB02*3;7;;Connfly Electronic;;;;;;;
DS1023-01-2*10SF11;7;;Connfly Electronic;;;;;;;
DS1021-1*12SF11-B;5;;Connfly Electronic;;;;;;;
I-DS1069-SCW007;66;;Connfly Electronic;;;;;;;
DS1038-62FBNSiA74-0CC;1;;Connfly Electronic;;;;;;;
DS1031-01-1*30P8BV31-3A;4;;Connfly Electronic;;;;;;;
DS1022-2*4RF11-B;28;;Connfly Electronic;;;;;;;
DS1029-04-2*5P8BVB10;4;;Connfly Electronic;;;;;;;
DS1033-09MBNSiSS;15;;Connfly Electronic;;;;;;;
DS1045-15AP1L1-B;4;;Connfly Electronic;;;;;;;
DS1025-01-1*5P8BV1-B;20;;Connfly Electronic;;;;;;;
DS1092-13-N8S;1;;Connfly Electronic;;;;;;;
DS1066-5MVW6S;19;;Connfly Electronic;;;;;;;
DS1045-09APQS1-A;6;;Connfly Electronic;;;;;;;
DS1022-1*5RUF18-B;39;;Connfly Electronic;;;;;;;
DS1035-15FBT8SS;6;;Connfly Electronic;;;;;;;
I-DS1071-SCB02*8;1;;Connfly Electronic;;;;;;;
I-DS1071-SCB01*6;14;;Connfly Electronic;;;;;;;
DS1021-1*12SF19-B;16;;Connfly Electronic;;;;;;;
DS1023-1*10SF21;26;;Connfly Electronic;;;;;;;
DS1069-7MVW6X;18;;Connfly Electronic;;;;;;;
DS1035-26MWTSiSS;4;;Connfly Electronic;;;;;;;
T-DS1071-SC600;227;;Connfly Electronic;;;;;;;
DS1077-26MB8NSS;2;;Connfly Electronic;;;;;;;
DS1033-15FUN8SS-CT;6;;Connfly Electronic;;;;;;;
DS1045-50PA1-A;1;;Connfly Electronic;;;;;;;
DS1035-44MUNSiSS;2;;Connfly Electronic;;;;;;;
DS1035-15FUT8SS;6;;Connfly Electronic;;;;;;;
I-DS1071-SCB02*5;6;;Connfly Electronic;;;;;;;
DS1035-26FBTSiSS;2;;Connfly Electronic;;;;;;;
I-DS1073-02-SCT02*2;3;;Connfly Electronic;;;;;;;
DS1023-1*12S21;7;;Connfly Electronic;;;;;;;
DS1033-09FUNSiSS-CT;2;;Connfly Electronic;;;;;;;
DS1033-09FUN8SS-CT;6;;Connfly Electronic;;;;;;;
DS1025-06-2*5P8BR;5;;Connfly Electronic;;;;;;;
DS1035-26MBNSi23;2;;Connfly Electronic;;;;;;;
I-DS1069-SCW005;79;;Connfly Electronic;;;;;;;
DS1021-2*3SF12;13;;Connfly Electronic;;;;;;;
DS1025-01-1*6P8BV1-3A;3;;Connfly Electronic;;;;;;;
DS1021-2*5SF1;6;;Connfly Electronic;;;;;;;
DS1026-06-2*10S8BV;1;;Connfly Electronic;;;;;;;
DS1021-2*12SF11;2;;Connfly Electronic;;;;;;;
I-DS1070-SCV02;2;;Connfly Electronic;;;;;;;
I-DS1069-SCW006;21;;Connfly Electronic;;;;;;;
T-DS1073-02-SC600;20;;Connfly Electronic;;;;;;;
I-DS1066-SCW005;39;;Connfly Electronic;;;;;;;
DS1099-WN0-Fe;1;;Connfly Electronic;;;;;;;
DS1074-2FCT6;1;;Connfly Electronic;;;;;;;
DS1069-03-3FCW6;2;;Connfly Electronic;;;;;;;
DS1021-2*6SF11-B;2;;Connfly Electronic;;;;;;;
DS1022-1*9RDF11-B;6;;Connfly Electronic;;;;;;;
DS1021-1*40SF11;2;;Connfly Electronic;;;;;;;
DS1021-1*6SF11;6;;Connfly Electronic;;;;;;;
DS1121-01-P43T;4;;Connfly Electronic;;;;;;;
DS1016-14MA2BB;3;;Connfly Electronic;;;;;;;
DS1033-09MBT8SS-JY;1;;Connfly Electronic;;;;;;;
DS1069-3MRW6XB;4;;Connfly Electronic;;;;;;;
T-DS1070-SC600;10;;Connfly Electronic;;;;;;;
DS1104-B60SRS;2;;Connfly Electronic;;;;;;;
I-DS1069-SCW010;1;;Connfly Electronic;;;;;;;
DS1021-1*9SF11-B;1;;Connfly Electronic;;;;;;;
DS1021-2*3SF11;5;;Connfly Electronic;;;;;;;
DS1027-2ABF10;2;;Connfly Electronic;;;;;;;
DS1005-09-468;4;;Connfly Electronic;;;;;;;
I-DS1066-SCW003;7;;Connfly Electronic;;;;;;;
DS1021-1*6SF163-B;1;;Connfly Electronic;;;;;;;
CVHD-037X-100.000;15;;Crystek;;;;;;;
209002MSTFD;8;;CTS;;;;;;;
UJ3-MIABH-1-SMT;2;;CUI;;;;;;;
CMD177C3;4;;Custom MMIC Design Services;;;;;;;
CMD182C4;2;;Custom MMIC Design Services;;;;;;;
CY7C1381D-133AXI;24;;Cypress Semiconductor;;;;;;;
CY7C65630-56LTXI;4;;Cypress Semiconductor;;;;;;;
FM25256B-G;9;;Cypress Semiconductor;;;;;;;
CY62256LL-55SNXI;13;;Cypress Semiconductor;;;;;;;
CY7C68013-56PVC;1;;Cypress Semiconductor;;;;;;;
S29GL01GS11DHIV1;1;;Cypress Semiconductor;;;;;;;
S25FS128SAGMFI10;1;;Cypress Semiconductor;;;;;;;
M7;97;;DC Components;;;;;;;
M1;34;;DC Components;;;;;;;
DG1450-B-09P-13-00A(H);35;;Degson Electronics;;;;;;;
DG141V-2.54-06P-14-00A(H);19;;Degson Electronics;;;;;;;
DG13HS-1.2-10P-19-00A(H);8;;Degson Electronics;;;;;;;
2EDGK-5.08-06P-14-00A(H);8;;Degson Electronics;;;;;;;
DG240-2.54-02P-1Y-00A(H);13;;Degson Electronics;;;;;;;
2EDGK-5.08-03P-14-00A(H);9;;Degson Electronics;;;;;;;
DG141V-2.54-08P-14-00A(H);4;;Degson Electronics;;;;;;;
2EDGR-5.08-03P-14-00A(H);9;;Degson Electronics;;;;;;;
2EDGVM-5.08-12P-14-00A(H);1;;Degson Electronics;;;;;;;
DG243-5.0-04P-11-00A(H);1;;Degson Electronics;;;;;;;
DG240-2.54-02P-15-00A(H);3;;Degson Electronics;;;;;;;
DS2.5-01P-12-00A(H);1;;Degson Electronics;;;;;;;
15EDGKA-3.81-05P-14-100A(H);42;;Degson Electronics;;;;;;;
EK254V-10P;6;;Dinkle Enterprise;;;;;;;
5ESDT-05P;56;;Dinkle Enterprise;;;;;;;
EK254V-05P;4;;Dinkle Enterprise;;;;;;;
5EHDRC-05P;56;;Dinkle Enterprise;;;;;;;
5EHDRC-03P;56;;Dinkle Enterprise;;;;;;;
ELK508V-02P;5;;Dinkle Enterprise;;;;;;;
EK500V-02P;2;;Dinkle Enterprise;;;;;;;
MB252;29;;Diodes;;;;;;;
1N4148WS-7-F;80;;Diodes;;;;;;;
B340A-13-F;16;;Diodes;;;;;;;
B550C-13-F;2;;Diodes;;;;;;;
1N5819PBF;4;;Diodes;;;;;;;
KBPC604;12;;Diotec Semiconductor;;;;;;;
DMR-05-V;3;;Diptronics Manufacturing;;;;;;;
AD-1415-403;4;;Dongjin Technology Innovation;;;;;;;
BP-112, черная;58;;Dragon City Industries;;;;;;;
TP-002B;16;;Dragon City Industries;;;;;;;
BP-112, красная;32;;Dragon City Industries;;;;;;;
TP-002A;5;;Dragon City Industries;;;;;;;
TP-003B;10;;Dragon City Industries;;;;;;;
BP-213;4;;Dragon City Industries;;;;;;;
TP-001B;10;;Dragon City Industries;;;;;;;
BP-523;4;;Dragon City Industries;;;;;;;
FH-501;3;;Dragon City Industries;;;;;;;
BP-214, зеленая;6;;Dragon City Industries;;;;;;;
DS-210B;1;;Dragon City Industries;;;;;;;
8GE04V80362;175;;Dremec;;;;;;;
CTX210611-R;5;;Eaton;;;;;;;
ESP1010;1;;ECE;;;;;;;
ELBA430P81DA50H;5;;ECHO Microwave;;;;;;;
ELBA488P81DA50H;5;;ECHO Microwave;;;;;;;
ELBA546P81DA50H;5;;ECHO Microwave;;;;;;;
ELBA604P81DA50H;5;;ECHO Microwave;;;;;;;
ECS-1612MV-080-CN;300;;ECS;;;;;;;
ECS-TXO-2016-33-500;9;;ECS;;;;;;;
ECS-80-12-33-JGN;7;;ECS;;;;;;;
ECS-3525-250-B;1;;ECS;;;;;;;
EPC2052;24;;Efficient Power Conversion;;;;;;;
EPC2016C;24;;Efficient Power Conversion;;;;;;;
COMX-CAR-610 COM;1;;Emerson Electric;;;;;;;
DTCK09-K;3;;Encitech;;;;;;;
106-P30-A3-10A;8;;E-T-A Engineering Technology;;;;;;;
106-P30-10A;5;;E-T-A Engineering Technology;;;;;;;
74LVT245MTC;289;;Fairchild Semiconductor;;;;;;;
MMBD4148SE;248;;Fairchild Semiconductor;;;;;;;
FDT434P;88;;Fairchild Semiconductor;;;;;;;
74VHC244MTC;21;;Fairchild Semiconductor;;;;;;;
10118193-0001LF;4;;FCI Electronics;;;;;;;
K1FF 16.0x12.0x5.0x0.5;60;;Ferrico;;;;;;;
F1-5069APC;112;;Fiber Instrument Sales;;;;;;;
34.517.005.0010;11;;Finder;;;;;;;
UP01L11M019SBK1Z1ZB;10;;Fischer Connectors;;;;;;;
UB11 A1BK;10;;Fischer Connectors;;;;;;;
S 104 A087-80+;1;;Fischer Connectors;;;;;;;
BL 6 12;4;;Fischer Elektronik;;;;;;;
XL04-9-20-10;75;;Foshan Shunde Xinzhaolang Hardware Electronics;;;;;;;
GS66504B;16;;GaN Systems;;;;;;;
GS61004B;4;;GaN Systems;;;;;;;
GA05JT01-46;5;;GeneSiC Semiconductor;;;;;;;
KXO-V97-80 MHz;5;;Geyer Electronic;;;;;;;
KX-7T 25,0 MHz;2;;Geyer Electronic;;;;;;;
KX-9A 8,0 MHz;2;;Geyer Electronic;;;;;;;
KX-3H 16,0 MHz;4;;Geyer Electronic;;;;;;;
KX-7T 24,0 MHz;2;;Geyer Electronic;;;;;;;
KX-3H 8,0 MHz;2;;Geyer Electronic;;;;;;;
GD32F103C8T6;30;;GigaDevice Semiconductor;;;;;;;
507-146M37C;2;;Glenair;;;;;;;
507-146M37;2;;Glenair;;;;;;;
660-083-Z1S704-5;1;;Glenair;;;;;;;
GNL-0603SRC;7;;G-Nor Optoelectronics;;;;;;;
GSX-641/111DF 20.0MHz;48;;Golledge Electronics;;;;;;;
HC49/351JF 10.245MHz;8;;Golledge Electronics;;;;;;;
EC1350;32;;Governors America;;;;;;;
GS832036AGT-200I;1;;GSI Technology;;;;;;;
TG110-E050N5RL;12;;Halo Electronics;;;;;;;
M12 HARAX 21 03 121 1801;91;;Harting;;;;;;;
Han-INOX 19 44 000 5085;9;;Harting;;;;;;;
D-SUB-M 09 69 400 9107;19;;Harting;;;;;;;
D-SUB-HD 09 56 462 7813;37;;Harting;;;;;;;
D-SUB-S 09 66 153 7613;93;;Harting;;;;;;;
D-SUB-F 09 64 412 7215;7;;Harting;;;;;;;
D-SUB-S 09 66 151 7513;96;;Harting;;;;;;;
21 01 000 0033;103;;Harting;;;;;;;
M12 Crimp 21 03 882 1415;11;;Harting;;;;;;;
D-SUB-S 09 65 162 7812;92;;Harting;;;;;;;
D-SUB-S 09 65 163 7812;94;;Harting;;;;;;;
Han 09 38 008 2653;1;;Harting;;;;;;;
D-SUB-S 09 67 037 5604;14;;Harting;;;;;;;
M12-L HARAX 21 03 281 1405;11;;Harting;;;;;;;
DIN41612 Type M 09 03 000 6262;23;;Harting;;;;;;;
D-SUB-M 09 69 301 5094;47;;Harting;;;;;;;
D-SUB-HD 09 56 152 7613;91;;Harting;;;;;;;
D-SUB-S 09 68 263 7812;40;;Harting;;;;;;;
Han 09 38 008 2753;1;;Harting;;;;;;;
D-SUB-F 09 64 211 7210;5;;Harting;;;;;;;
D-SUB-S 09 68 163 7812;37;;Harting;;;;;;;
D-SUB-M 09 69 281 7423;31;;Harting;;;;;;;
D-SUB-HD 09 56 361 7713;17;;Harting;;;;;;;
D-SUB-H 09 67 037 0425;6;;Harting;;;;;;;
RJ45 09 47 474 7111;6;;Harting;;;;;;;
RJ45 09 45 151 1560;4;;Harting;;;;;;;
D-SUB-H 09 67 009 0493;9;;Harting;;;;;;;
Han 19 30 024 0528;2;;Harting;;;;;;;
DIN41612 Type M 09 03 178 6901;14;;Harting;;;;;;;
D-SUB-A 09 67 000 9974;58;;Harting;;;;;;;
DIN41612 Type C 09 03 296 6823;5;;Harting;;;;;;;
M12 21 01 100 9019;31;;Harting;;;;;;;
D-SUB-HD 09 56 552 7612;1;;Harting;;;;;;;
D-SUB-H 61 03 001 3014;2;;Harting;;;;;;;
D-SUB-S 09 65 461 6713;7;;Harting;;;;;;;
D-SUB-A 09 67 001 9957;77;;Harting;;;;;;;
D-SUB-HD 09 56 462 7812;1;;Harting;;;;;;;
D-SUB-A 09 67 002 9030;20;;Harting;;;;;;;
D-SUB-S 09 67 015 4715;5;;Harting;;;;;;;
D-SUB-HD 09 56 452 7613;1;;Harting;;;;;;;
D-SUB-S 09 67 050 4704;2;;Harting;;;;;;;
D-SUB-H 09 67 009 0425;2;;Harting;;;;;;;
D-SUB-HD 09 56 261 7713;5;;Harting;;;;;;;
M12 21 01 100 9014;35;;Harting;;;;;;;
D-SUB-HD 09 56 400 5615 050;3;;Harting;;;;;;;
M12 Crimp 21 03 881 1405;1;;Harting;;;;;;;
D-SUB-H 09 67 009 0443;4;;Harting;;;;;;;
RJ45 09 45 151 1100;2;;Harting;;;;;;;
DIN41612 Type C 09 03 096 0501;2;;Harting;;;;;;;
D-SUB-A 09 67 000 9973;50;;Harting;;;;;;;
D-SUB-M 09 69 401 7214;3;;Harting;;;;;;;
D-SUB-M 09 69 181 7422;6;;Harting;;;;;;;
D-SUB-S 09 67 009 4715;2;;Harting;;;;;;;
D-SUB-S 09 65 261 6713;3;;Harting;;;;;;;
D-SUB-H 09 67 025 0424;3;;Harting;;;;;;;
D-SUB-HD 09 56 400 4715 050;1;;Harting;;;;;;;
D-SUB-M 09 69 181 7423;1;;Harting;;;;;;;
D-SUB-S 09 65 161 6713;3;;Harting;;;;;;;
D-SUB-M 09 69 210 0633;3;;Harting;;;;;;;
D-SUB-S 09 68 163 7813;1;;Harting;;;;;;;
D-SUB-H 09 67 037 0424;1;;Harting;;;;;;;
D-SUB-S 09 67 215 4715;1;;Harting;;;;;;;
D-SUB-HD 09 56 162 5812;2;;Harting;;;;;;;
D-SUB-M 09 69 200 0633;2;;Harting;;;;;;;
D-SUB-HD 09 56 152 5612;2;;Harting;;;;;;;
D-SUB 09 67 000 8576;12;;Harting;;;;;;;
D-SUB-S 09 66 163 6813;1;;Harting;;;;;;;
D-SUB-HD 09 56 252 5612;1;;Harting;;;;;;;
D-SUB-М 09 69 100 0022;2;;Harting;;;;;;;
D-SUB 09 67 009 0711;1;;Harting;;;;;;;
D-SUB-S 09 66 255 6513;1;;Harting;;;;;;;
D-SUB-S 09 68 153 7613;1;;Harting;;;;;;;
D-SUB-S 09 67 215 5615;1;;Harting;;;;;;;
D-SUB-H 09 67 000 9930;2;;Harting;;;;;;;
D-SUB-A 09 67 001 9974;3;;Harting;;;;;;;
M80-5610605;20;;Harwin;;;;;;;
M80-5111422;11;;Harwin;;;;;;;
H3183-05;410;;Harwin;;;;;;;
M80-5112642;8;;Harwin;;;;;;;
M80-4170498;30;;Harwin;;;;;;;
M80-5100605;5;;Harwin;;;;;;;
M80-263F302-00-00;6;;Harwin;;;;;;;
M80-5T10405M2-02-331-00-000;5;;Harwin;;;;;;;
M80-4711005;3;;Harwin;;;;;;;
M80-4710405;4;;Harwin;;;;;;;
M80-8530642;6;;Harwin;;;;;;;
M80-2130000B;38;;Harwin;;;;;;;
M80-8532042;5;;Harwin;;;;;;;
G125-FW10450L94;6;;Harwin;;;;;;;
M80-8530442;1;;Harwin;;;;;;;
M80-8532642;1;;Harwin;;;;;;;
M20-7850846;1;;Harwin;;;;;;;
HW-222C60M11;26;;High Wood Technology Development;;;;;;;
HW-221D00F24H-008-340045;20;;High Wood Technology Development;;;;;;;
HW-221D00F24H-0010-340045;19;;High Wood Technology Development;;;;;;;
HW-221E00F24H-0008-3320;16;;High Wood Technology Development;;;;;;;
HW-221E00F24H-0010-3320;16;;High Wood Technology Development;;;;;;;
HW-222YL60M12LH;18;;High Wood Technology Development;;;;;;;
HW-221C20F24H;15;;High Wood Technology Development;;;;;;;
HW-221YL30F24H;17;;High Wood Technology Development;;;;;;;
HW-221S20F222;18;;High Wood Technology Development;;;;;;;
HW-222C20M11;15;;High Wood Technology Development;;;;;;;
HW-222S60M12LH;10;;High Wood Technology Development;;;;;;;
HW-222E00M11-0010-4320;6;;High Wood Technology Development;;;;;;;
HW-222E00M11-0008-4320;6;;High Wood Technology Development;;;;;;;
HW-222C08M11;15;;High Wood Technology Development;;;;;;;
HW-221YL20F24H;7;;High Wood Technology Development;;;;;;;
HW-222C30M11;5;;High Wood Technology Development;;;;;;;
HW-222YL20M12LH;3;;High Wood Technology Development;;;;;;;
MDF7-8P-2.54DSA(55);25;;Hirose;;;;;;;
DF13-20DS-1.25C;20;;Hirose Electric;;;;;;;
U.FL-2LPHF6-068N1T-A-50;2;;Hirose Electric;;;;;;;
U.FL-2LPHF6-068N1T-A-120;2;;Hirose Electric;;;;;;;
DF14-2628SCFA;178;;Hirose Electric;;;;;;;
DF14-25S-1.25C;13;;Hirose Electric;;;;;;;
DF9B-41S-1V(69);2;;Hirose Electric;;;;;;;
DF13-2P-1.25DS;15;;Hirose Electric;;;;;;;
DM3CS-SF;1;;Hirose Electric;;;;;;;
BUELA 30K;1;;Hirschmann;;;;;;;
ELV101M50RE;253;;Hitano Enterprise;;;;;;;
ELV101M50AE;150;;Hitano Enterprise;;;;;;;
ECR2R2M35;430;;Hitano Enterprise;;;;;;;
ECR102M35;91;;Hitano Enterprise;;;;;;;
0805N162J500NT;110;;Hitano Enterprise;;;;;;;
ECA470M25;39;;Hitano Enterprise;;;;;;;
ECR221M2A;50;;Hitano Enterprise;;;;;;;
ELV220M2ARE;23;;Hitano Enterprise;;;;;;;
ENR470M50;10;;Hitano Enterprise;;;;;;;
ECR2R2M2A;50;;Hitano Enterprise;;;;;;;
EXR221M50;20;;Hitano Enterprise;;;;;;;
ECR471M50;20;;Hitano Enterprise;;;;;;;
ECA010M63;100;;Hitano Enterprise;;;;;;;
ECR100M50;39;;Hitano Enterprise;;;;;;;
ECR100M35;30;;Hitano Enterprise;;;;;;;
FMCP-TO-FMCP-B2M-3;2;;HiTech Global;;;;;;;
HI-1567PSI;11;;Holt Integrated Circuits;;;;;;;
HDR-E50MSG1+;6;;Honda Tsushin Kogyo;;;;;;;
HDR-E50LPH;8;;Honda Tsushin Kogyo;;;;;;;
HDR-E26MSG1+;2;;Honda Tsushin Kogyo;;;;;;;
HO-16C-40.0000-WTSP;58;;Hosonic Electronic;;;;;;;
HC-49SA 16.000MHz;11;;Hosonic Electronic;;;;;;;
BNC HYR-0101-174/U;5;;Hoyutec International;;;;;;;
RJ9 HYC-G1445;50;;Hoyutec International;;;;;;;
BNC HYR-0105D;1;;Hoyutec International;;;;;;;
D1001-09GS0I00;89;;Hsuan Mao Technology;;;;;;;
W3966-04PRTW00R;512;;Hsuan Mao Technology;;;;;;;
H3967-02PW0000R;765;;Hsuan Mao Technology;;;;;;;
W3966-05PRGW00R;897;;Hsuan Mao Technology;;;;;;;
W3966-06PSTW00R;245;;Hsuan Mao Technology;;;;;;;
W3966-05PSGW00R;1259;;Hsuan Mao Technology;;;;;;;
W3966-04PSTW00R;222;;Hsuan Mao Technology;;;;;;;
W3966-04PRGW00R;574;;Hsuan Mao Technology;;;;;;;
D1001-09GT0I00;9;;Hsuan Mao Technology;;;;;;;
W3966-03PSTW00R;48;;Hsuan Mao Technology;;;;;;;
C0541-09MAAASBR;7;;Hsuan Mao Technology;;;;;;;
H3967-06PW0000R;57;;Hsuan Mao Technology;;;;;;;
C0540-09FAATSBR;17;;Hsuan Mao Technology;;;;;;;
D1001-25GT0I00;4;;Hsuan Mao Technology;;;;;;;
PW7600-05PSNGW0R;30;;Hsuan Mao Technology;;;;;;;
C0540-25MAAASBR;2;;Hsuan Mao Technology;;;;;;;
W3966-02PSGW00R;106;;Hsuan Mao Technology;;;;;;;
PW7600-08PSNGW0R;7;;Hsuan Mao Technology;;;;;;;
C0560-15FAANBLR;2;;Hsuan Mao Technology;;;;;;;
PW7600-06PSNGW0R;3;;Hsuan Mao Technology;;;;;;;
PW7600-03PSNGW0R;2;;Hsuan Mao Technology;;;;;;;
PW7600-02PSNGW0R;4;;Hsuan Mao Technology;;;;;;;
11_SMA-50-3-39/111_Y;375;;Huber+Suhner;;;;;;;
24_SMA-50-1-6/111_Y;62;;Huber+Suhner;;;;;;;
11_SMA-50-2-29/119_N;80;;Huber+Suhner;;;;;;;
SF103/ 16_N-372/ 11_SMA-371/ 1500 mm;1;;Huber+Suhner;;;;;;;
mini141-9;5;;Huber+Suhner;;;;;;;
16_MMBX-50-2-1/111_N;5;;Huber+Suhner;;;;;;;
11_SMA-50-3-6/111_N;9;;Huber+Suhner;;;;;;;
73_Z-0-0-587;78;;Huber+Suhner;;;;;;;
73_Z-0-0-291;85;;Huber+Suhner;;;;;;;
HSK-INOX 1.695.1600.50;90;;Hummel;;;;;;;
HSK-INOX 1.695.1600.51;60;;Hummel;;;;;;;
GM-INOX 1.161.1600.58;80;;Hummel;;;;;;;
HSK-K 1.321.1200.59;60;;Hummel;;;;;;;
HSK-K 1.321.1600.59;50;;Hummel;;;;;;;
HSK-K 1.209.2000.50;12;;Hummel;;;;;;;
GM-Ms 1.161.2000.50;8;;Hummel;;;;;;;
HSK-K 1.209.1200.50;1;;Hummel;;;;;;;
GM-FS 1.262.2500.50;2;;Hummel;;;;;;;
RJ45 PLUG-8P8C-U-C5;122;;Hyperline Systems;;;;;;;
RJ45 PLUG-8P8C-U-C6-SH;70;;Hyperline Systems;;;;;;;
PLUG-10P10C-U-06-10;16;;Hyperline Systems;;;;;;;
RJ45 PLUG-8P8C-UV-C6А-SH;7;;Hyperline Systems;;;;;;;
RJ45 PLUG-8P8C-UV-C6-SH;4;;Hyperline Systems;;;;;;;
Boot-BK;74;;Hyperline Systems;;;;;;;
RJ45 PLUG-8P8C-PV-C5-SH;2;;Hyperline Systems;;;;;;;
BOOT-BL;10;;Hyperline Systems;;;;;;;
71024S15TYGI;126;;IDT;;;;;;;
71024S15TYI;339;;IDT;;;;;;;
70V3319S133BC;12;;IDT;;;;;;;
9DBU0441AKILF;19;;IDT;;;;;;;
KINO-DBT-N28071-R10;44;;IEI Integration;;;;;;;
РМ-1028-8;2;;IEI Technology;;;;;;;
CY7C1441KV33-133AXI;16;;Infineon Technologies;;;;;;;
S70GL02GS12FHIV1;47;;Infineon Technologies;;;;;;;
IRFB3077PbF;180;;Infineon Technologies;;;;;;;
BSP322P;116;;Infineon Technologies;;;;;;;
IRFH5406TRPbF;62;;Infineon Technologies;;;;;;;
Реле PVN013SPbF;4;;Infineon Technologies;;;;;;;
IRFR4620TRLPbF;45;;Infineon Technologies;;;;;;;
IRFP7718PbF;10;;Infineon Technologies;;;;;;;
IRLML6302TRPbF;89;;Infineon Technologies;;;;;;;
IRFP140NPbF;20;;Infineon Technologies;;;;;;;
BTS141BKSA1;10;;Infineon Technologies;;;;;;;
IRF7473PbF;7;;Infineon Technologies;;;;;;;
BSC097N06NS;20;;Infineon Technologies;;;;;;;
BAT62-02L;50;;Infineon Technologies;;;;;;;
IR2110SPBF;8;;Infineon Technologies;;;;;;;
IRF7380PbF;12;;Infineon Technologies;;;;;;;
PVN012SPbF;1;;Infineon Technologies;;;;;;;
IRF7328TRPbF;12;;Infineon Technologies;;;;;;;
BSP315P;16;;Infineon Technologies;;;;;;;
IRF3205ZSTRLPbF;5;;Infineon Technologies;;;;;;;
IRLR024NPbF;16;;Infineon Technologies;;;;;;;
BAR64-06;15;;Infineon Technologies;;;;;;;
IRLML0060TRPbF;23;;Infineon Technologies;;;;;;;
BAR64-02V;23;;Infineon Technologies;;;;;;;
IRS44273LTRPBF;5;;Infineon Technologies;;;;;;;
IRF7509PbF;3;;Infineon Technologies;;;;;;;
EP1K100FI484-2;60;;Intel;;;;;;;
10AS016E4F27I3SG;4;;Intel;;;;;;;
10CX220YF780E6G;6;;Intel;;;;;;;
TE28F320B-3BD90;226;;Intel;;;;;;;
GC80503CS166EXTSL3B8;51;;Intel;;;;;;;
EPC2LI20N;4;;Intel;;;;;;;
EPF10K100EQC240-2N;1;;Intel;;;;;;;
PVT322AS;17;;International Rectifier;;;;;;;
IR2181S;12;;International Rectifier;;;;;;;
IRFZ44N;20;;International Rectifier;;;;;;;
IRF7380;18;;International Rectifier;;;;;;;
IRF7855PbF;4;;International Rectifier;;;;;;;
ICL7107CPL;25;;Intersil;;;;;;;
MPU-9150;2;;InvenSense;;;;;;;
LFXTAL002995;6;;IQD Frequency Products;;;;;;;
19N503L18;6;;ITW Switches;;;;;;;
VLR-12V;7;;J.S.T. MFG.;;;;;;;
SEH-002T-P0.6L;273;;J.S.T. MFG.;;;;;;;
02P-MWPV-SSR;6;;J.S.T. MFG.;;;;;;;
EHR-15;18;;J.S.T. MFG.;;;;;;;
VLR-02V;8;;J.S.T. MFG.;;;;;;;
SSHL-002T-P0.2;40;;J.S.T. MFG.;;;;;;;
B2PS-VH;87;;J.S.T. MFG.;;;;;;;
VLS-02V;6;;J.S.T. MFG.;;;;;;;
GHR-08V-S;4;;J.S.T. MFG.;;;;;;;
PHR-4;30;;J.S.T. MFG.;;;;;;;
XHP-8;2;;J.S.T. MFG.;;;;;;;
SXH-001T-P0.6;2;;J.S.T. MFG.;;;;;;;
TKR471M1HG20;7;;Jamicon;;;;;;;
K-G08B05-4HA;16;;Jamicon;;;;;;;
O 25.0-JO54H-D-2.5-1-T1;8;;Jauch Quartz;;;;;;;
O 25.0-JO54H-D-3.3-1-T1;8;;Jauch Quartz;;;;;;;
O 125.0-JOD75-C-3.3-T1;5;;Jauch Quartz;;;;;;;
O 25.0-JO54H-D-1.8-1-T1;8;;Jauch Quartz;;;;;;;
O 24.0-JO75-G-3.3-1-T1;4;;Jauch Quartz;;;;;;;
Q 25.0-JXS53-18-10/30-T1-LF;3;;Jauch Quartz;;;;;;;
Q 19.2-JXS53-12-10/30-T1-LF;3;;Jauch Quartz;;;;;;;
JCK1V221M080105;490;;JB Capacitors;;;;;;;
JCK1H221M100105;30;;JB Capacitors;;;;;;;
JRB1H470M02500630110000B;100;;JB Capacitors;;;;;;;
JH16-C1 ON-ON зеленая;6;;Jinghan Switch Electronic;;;;;;;
251R15S220JV4;25;;Johanson Technology;;;;;;;
1720BL15A0100;4;;Johanson Technology;;;;;;;
SF1F-21T-P0.6;4;;JST Sales America;;;;;;;
JWL228M035S1ACM32L;7;;Kaimei Electronic;;;;;;;
KTL-017-05;142;;Karson Technology;;;;;;;
KTL-017-10;144;;Karson Technology;;;;;;;
T491D336M035AT;21;;Kemet;;;;;;;
C350C334K1G5TA7301;488;;Kemet;;;;;;;
T491D226K025AT;450;;Kemet;;;;;;;
T491X477K010AT;47;;Kemet;;;;;;;
C350C685K5R5TA;10;;Kemet;;;;;;;
T491A475K006AT;295;;Kemet;;;;;;;
C1210C684K3RAC;665;;Kemet;;;;;;;
T491X156K050AT;18;;Kemet;;;;;;;
C340C225K5R5TA;16;;Kemet;;;;;;;
T491C106K025AT;172;;Kemet;;;;;;;
C2220C225K5RAC;41;;Kemet;;;;;;;
C2220C106K3R1C;41;;Kemet;;;;;;;
T491D106K035AT;10;;Kemet;;;;;;;
T495C107K010ATE250;34;;Kemet;;;;;;;
T495D477K006ATE125;12;;Kemet;;;;;;;
T491D336K035AT;40;;Kemet;;;;;;;
T491C476K016AT;47;;Kemet;;;;;;;
T491D106K050AT;22;;Kemet;;;;;;;
T494D226K020AH;40;;Kemet;;;;;;;
C0603C104K5RAC;346;;Kemet;;;;;;;
T494D106K035AH;75;;Kemet;;;;;;;
C0603C102K8RAC;95;;Kemet;;;;;;;
T491D107K010AT;16;;Kemet;;;;;;;
C1210C302F1HAC;46;;Kemet;;;;;;;
T491C105K050AT;97;;Kemet;;;;;;;
C1210C125K3PAC;44;;Kemet;;;;;;;
T491B156K010AT;12;;Kemet;;;;;;;
T494D476K016AH;3;;Kemet;;;;;;;
C1210C564K5RAC;29;;Kemet;;;;;;;
T494A106K010AT;16;;Kemet;;;;;;;
T491C475K035AT;12;;Kemet;;;;;;;
T491B225K035AT;23;;Kemet;;;;;;;
T491A225K016AT;62;;Kemet;;;;;;;
ESH228M050AM3AA;3;;Kemet;;;;;;;
T491X226K035AT;10;;Kemet;;;;;;;
T491A105M035AT;18;;Kemet;;;;;;;
T491B106K016AT;25;;Kemet;;;;;;;
T495A475K010ATE1K3;2;;Kemet;;;;;;;
T491A105K010AT;25;;Kemet;;;;;;;
T491D226K035AT;10;;Kemet;;;;;;;
C1210C226K8RAC;6;;Kemet;;;;;;;
C0603C821J3GAC;10;;Kemet;;;;;;;
T491D476K010AT;6;;Kemet;;;;;;;
T494C475K035AH;6;;Kemet;;;;;;;
C0603C225K8PAC;36;;Kemet;;;;;;;
C0402C104J4RAC;113;;Kemet;;;;;;;
T491A225K020AT;4;;Kemet;;;;;;;
C1206C154J2RAC;100;;Kemet;;;;;;;
CBR04C101F3GAC;8;;Kemet;;;;;;;
C0603C103K8GAC;50;;Kemet;;;;;;;
T491C225K050AT;5;;Kemet;;;;;;;
T491D227K010AT;7;;Kemet;;;;;;;
T494B106K010AT;6;;Kemet;;;;;;;
C0603C121J5GAC;104;;Kemet;;;;;;;
T491D337K006AT;1;;Kemet;;;;;;;
C1210C106K8PAC;5;;Kemet;;;;;;;
T491B476K010AT;4;;Kemet;;;;;;;
C1210C107M9PAC;24;;Kemet;;;;;;;
C0805C102J1GAC;5;;Kemet;;;;;;;
T494C225K035AT;2;;Kemet;;;;;;;
C0805C223K5RAC;100;;Kemet;;;;;;;
C0805C106K8PAC;10;;Kemet;;;;;;;
C0402C105K9PAC;11;;Kemet;;;;;;;
C0805C470K5GAC;2;;Kemet;;;;;;;
C1210C107M4PAC;4;;Kemet;;;;;;;
C0603C104J4RAC;1;;Kemet;;;;;;;
DA56-51GWA;190;;Kingbright Electronic;;;;;;;
KA-3528PWC;220;;Kingbright Electronic;;;;;;;
PSC05-11SRWA;25;;Kingbright Electronic;;;;;;;
BC56-12SRWA;20;;Kingbright Electronic;;;;;;;
KPH-1608SGC;155;;Kingbright Electronic;;;;;;;
L-710A8CB/1GD;155;;Kingbright Electronic;;;;;;;
CC56-12SRWA;6;;Kingbright Electronic;;;;;;;
KPHHS-1005QBC-D-V;24;;Kingbright Electronic;;;;;;;
KPT-3216CGCK;47;;Kingbright Electronic;;;;;;;
KPG-1005CGC;30;;Kingbright Electronic;;;;;;;
L-1154NT;8;;Kingbright Electronic;;;;;;;
DC56-11SRWA;3;;Kingbright Electronic;;;;;;;
L-57GGD;10;;Kingbright Electronic;;;;;;;
L-154A4SUREQBFZGEW;2;;Kingbright Electronic;;;;;;;
L-57IID;10;;Kingbright Electronic;;;;;;;
KPC-3216SURC;12;;Kingbright Electronic;;;;;;;
KPH-1608MGC;3;;Kingbright Electronic;;;;;;;
AA3528SURCK;1;;Kingbright Electronic;;;;;;;
L-7113LSRD;1;;Kingbright Electronic;;;;;;;
HD-4025.DD3;5;;Kippribor;;;;;;;
L-KLS6-20D-330K;1;;KLS Electronic;;;;;;;
AG-12L;3;;KSS;;;;;;;
CX3225GB14745P0HPQCC;2;;Kyocera Crystal Device;;;;;;;
HI1206N101R-10;60;;Laird Technologies;;;;;;;
MI0603J601R-10;166;;Laird Technologies;;;;;;;
TWT-PL45/S-8P8C-6A;96;;Lanmaster;;;;;;;
TWT-PL45-8P8C;197;;Lanmaster;;;;;;;
HGG.0B.304.CLLP;3;;Lemo;;;;;;;
GMA.3B.060.DG;27;;Lemo;;;;;;;
GMA.3B.070.DG;3;;Lemo;;;;;;;
08-0981;59;;Lin'an CF;;;;;;;
06-0300-A;7;;Lin'an CF;;;;;;;
36-2510;9;;Lin'an CF;;;;;;;
08-0951;16;;Lin'an CF;;;;;;;
LT1963ES8#PBF;331;;Linear Technology;;;;;;;
LTM8031EV#PBF;10;;Linear Technology;;;;;;;
LTM4614EV#PBF;2;;Linear Technology;;;;;;;
LTC5588IPF-1#PBF;9;;Linear Technology;;;;;;;
LT3080EMS8E;12;;Linear Technology;;;;;;;
LTM4616;1;;Linear Technology;;;;;;;
LT1963AES8-3.3;9;;Linear Technology;;;;;;;
LTC3412AIFE#PBF;2;;Linear Technology;;;;;;;
LT3971EMSE-3.3#PBF;2;;Linear Technology;;;;;;;
LT1963AES8-1.8#PBF;6;;Linear Technology;;;;;;;
LT1964IS5-5#PBF;3;;Linear Technology;;;;;;;
LT1761ES5-3.3#PBF;14;;Linear Technology;;;;;;;
LT1963AEFE-2.5;3;;Linear Technology;;;;;;;
LTC2850IDD#TRPBF;3;;Linear Technology;;;;;;;
CONSMA007-G;1;;Linx Technologies;;;;;;;
KX102J2;120;;Littelfuse;;;;;;;
SM712-02HTG;250;;Littelfuse;;;;;;;
SMBJ75A;392;;Littelfuse;;;;;;;
0468.500NRHF;25;;Littelfuse;;;;;;;
SMF10A;120;;Littelfuse;;;;;;;
5KP110A;8;;Littelfuse;;;;;;;
SMBJ7.5A;100;;Littelfuse;;;;;;;
178.6165.000;10;;Littelfuse;;;;;;;
SMF33A;22;;Littelfuse;;;;;;;
SP3010-04UTG;4;;Littelfuse;;;;;;;
0468002.NR;1;;Littelfuse;;;;;;;
1.5KE13A;3;;Littelfuse;;;;;;;
RUE300;3;;Littelfuse;;;;;;;
0494005.NRHF;4;;Littelfuse;;;;;;;
P 303 S;100;;Lumberg;;;;;;;
SSI-LXR3612YD;5;;Lumex;;;;;;;
SSI-LXR3612SRD;1;;Lumex;;;;;;;
SML1;209;;MACOM;;;;;;;
SMLA45-1;52;;MACOM;;;;;;;
SMA32-1;20;;MACOM;;;;;;;
AT-273;14;;MACOM;;;;;;;
AT233CR-12;14;;MACOM;;;;;;;
AT263CR-12;13;;MACOM;;;;;;;
MA4P504-132;100;;MACOM;;;;;;;
MA4P404-132;400;;MACOM;;;;;;;
MX66L2G45GXRI00;7;;Macronix International;;;;;;;
MXO37H/R-D19B5S-50 MHZ;4;;Magic Xtal;;;;;;;
MXOCR-E17H5S-100 MHz;1;;Magic Xtal;;;;;;;
88E1111-RCJ;3;;Marvell Technology;;;;;;;
MAX232EEWE;16;;Maxim Integrated;;;;;;;
MAX8215ESD;13;;Maxim Integrated;;;;;;;
MAX1644EAE;6;;Maxim Integrated;;;;;;;
MAX7219EWG;17;;Maxim Integrated;;;;;;;
DS89C450-QNL;1;;Maxim Integrated;;;;;;;
MAX4657ESA+;6;;Maxim Integrated;;;;;;;
MAX2112ETI+;2;;Maxim Integrated;;;;;;;
MAX803SEXR+T;5;;Maxim Integrated;;;;;;;
MAX490EESA;10;;Maxim Integrated;;;;;;;
MAX15019BASA+;2;;Maxim Integrated;;;;;;;
MAX9928FAUA+;6;;Maxim Integrated;;;;;;;
DS1813 SOT-23;3;;Maxim Integrated;;;;;;;
MAX811TEUS+;5;;Maxim Integrated;;;;;;;
MAX3295AUT+;1;;Maxim Integrated;;;;;;;
MAX4172ESA+;1;;Maxim Integrated;;;;;;;
ACC-513E GMSK;4;;Maxon;;;;;;;
SK54B-L;8;;MCC;;;;;;;
SM6T15A;122;;MDE Semiconductor;;;;;;;
SM6T7V5A;122;;MDE Semiconductor;;;;;;;
SM6T6V8A;59;;MDE Semiconductor;;;;;;;
NSD15-12S12;15;;Mean Well Enterprises;;;;;;;
KN3 (C)-101-D1;22;;Medium Toggle Switch;;;;;;;
MHRJ45SRB-O;20;;MH Connectors;;;;;;;
MIC94053BC6;5;;Micrel;;;;;;;
EVB-LAN7430;1;;Microchip Technology;;;;;;;
MCP23S17-E/SS;144;;Microchip Technology;;;;;;;
DM330013-2;2;;Microchip Technology;;;;;;;
KSZ8081RNACA;20;;Microchip Technology;;;;;;;
MCP9700AT-E/TT;20;;Microchip Technology;;;;;;;
ATmega64M1-15AZ;3;;Microchip Technology;;;;;;;
USB2514Bi-AEZG;2;;Microchip Technology;;;;;;;
ATmega48-20AU;5;;Microchip Technology;;;;;;;
ATxmega32A4-AU;2;;Microchip Technology;;;;;;;
MCP3221A0T-E/OT;1;;Microchip Technology;;;;;;;
TC1047AVNB;1;;Microchip Technology;;;;;;;
MT46H32M32LFCM-5LIT:A;28;;Micron Technology;;;;;;;
MT29F16G08ABABAWP-IT;16;;Micron Technology;;;;;;;
MT49H16M36BM-25;5;;Micron Technology;;;;;;;
MT25QL128ABA1ESE-0SIT;3;;Micron Technology;;;;;;;
MT29F32G08AFACAWP-ITZ:C;1;;Micron Technology;;;;;;;
M25P32-VMW6TGB;1;;Micron Technology;;;;;;;
GC4430-00;338;;Microsemi;;;;;;;
WED2DL32512V40BI;8;;Microsemi;;;;;;;
618S;9;;Microwave Devices;;;;;;;
R11e-2HnD;1;;MikroTik;;;;;;;
YAT-0A+;3654;;Mini-Circuits;;;;;;;
LFCN-2000;317;;Mini-Circuits;;;;;;;
LAT-20+;163;;Mini-Circuits;;;;;;;
LAT-8+;106;;Mini-Circuits;;;;;;;
ZAPDJ-2-S+;1;;Mini-Circuits;;;;;;;
LFCN-1400;80;;Mini-Circuits;;;;;;;
SYBP-1950+;8;;Mini-Circuits;;;;;;;
RLM-43-5W+;6;;Mini-Circuits;;;;;;;
SCP-3-1+;4;;Mini-Circuits;;;;;;;
LVA-123+;16;;Mini-Circuits;;;;;;;
WP4G1+;16;;Mini-Circuits;;;;;;;
SIM-U742MH+;7;;Mini-Circuits;;;;;;;
SBA-2-14;4;;Mini-Circuits;;;;;;;
MOS-810-119+;2;;Mini-Circuits;;;;;;;
LFCN-800+;30;;Mini-Circuits;;;;;;;
AVA-183+;6;;Mini-Circuits;;;;;;;
YAT-15+;13;;Mini-Circuits;;;;;;;
 JPS-2-900;5;;Mini-Circuits;;;;;;;
BFCN-3600+;10;;Mini-Circuits;;;;;;;
BFCN-4800+;10;;Mini-Circuits;;;;;;;
GP2S1+;23;;Mini-Circuits;;;;;;;
RMK-3-332+;4;;Mini-Circuits;;;;;;;
TCP-2-33W+;12;;Mini-Circuits;;;;;;;
KSX2-14+;3;;Mini-Circuits;;;;;;;
LFCN-80;12;;Mini-Circuits;;;;;;;
SCN-2-11+;17;;Mini-Circuits;;;;;;;
LFCN-490+;12;;Mini-Circuits;;;;;;;
LFCN-1200D+;11;;Mini-Circuits;;;;;;;
SBTC-2-25L+;6;;Mini-Circuits;;;;;;;
HFCN-1000+;10;;Mini-Circuits;;;;;;;
MNA-4A+;4;;Mini-Circuits;;;;;;;
ERA-9SM+;12;;Mini-Circuits;;;;;;;
LAT-12;13;;Mini-Circuits;;;;;;;
ERA-21SM+;14;;Mini-Circuits;;;;;;;
ROS-1344-119+;1;;Mini-Circuits;;;;;;;
DBTC-17-5+;12;;Mini-Circuits;;;;;;;
HFCN-2000+;10;;Mini-Circuits;;;;;;;
LAT-30+;5;;Mini-Circuits;;;;;;;
YAT-7+;5;;Mini-Circuits;;;;;;;
TC1-1-13М;12;;Mini-Circuits;;;;;;;
SCA-4-20+;2;;Mini-Circuits;;;;;;;
HSWA2-30DR+;6;;Mini-Circuits;;;;;;;
LFCN-120;6;;Mini-Circuits;;;;;;;
TCM3-1T+;7;;Mini-Circuits;;;;;;;
GALI-3+;15;;Mini-Circuits;;;;;;;
HFCN-1600;5;;Mini-Circuits;;;;;;;
LFCN-180+;3;;Mini-Circuits;;;;;;;
LAT-15+;3;;Mini-Circuits;;;;;;;
MNA-6;3;;Mini-Circuits;;;;;;;
LFCN-1800+;4;;Mini-Circuits;;;;;;;
LFCN-1800;4;;Mini-Circuits;;;;;;;
HFCN-880;3;;Mini-Circuits;;;;;;;
TC1-1-13M+;8;;Mini-Circuits;;;;;;;
TCN2-14;2;;Mini-Circuits;;;;;;;
SCN-2-15;3;;Mini-Circuits;;;;;;;
YAT-1+;1;;Mini-Circuits;;;;;;;
MNA-4;1;;Mini-Circuits;;;;;;;
HFCN-440+;1;;Mini-Circuits;;;;;;;
ERA-4+;1;;Mini-Circuits;;;;;;;
BP2U1+;1;;Mini-Circuits;;;;;;;
5023520900;235;;Molex;;;;;;;
90130-1226;48;;Molex;;;;;;;
90119-2122;791;;Molex;;;;;;;
5023521200;58;;Molex;;;;;;;
106053-0500;8;;Molex;;;;;;;
90130-1308;58;;Molex;;;;;;;
68784-0002;10;;Molex;;;;;;;
901361304;56;;Molex;;;;;;;
83421-9014;5;;Molex;;;;;;;
90142-0026;58;;Molex;;;;;;;
02-08-1201;88;;Molex;;;;;;;
51022-0300;294;;Molex;;;;;;;
830000083;18;;Molex;;;;;;;
733660030;6;;Molex;;;;;;;
90142-0034;15;;Molex;;;;;;;
48037-0001;17;;Molex;;;;;;;
44661-0001;6;;Molex;;;;;;;
430200601;56;;Molex;;;;;;;
90136-1305;10;;Molex;;;;;;;
502352-0910;7;;Molex;;;;;;;
48258-0001;13;;Molex;;;;;;;
90130-1326;2;;Molex;;;;;;;
47151-0001;8;;Molex;;;;;;;
50597-8000;70;;Molex;;;;;;;
90119-2110;212;;Molex;;;;;;;
755860011;1;;Molex;;;;;;;
50394-8052;148;;Molex;;;;;;;
53627-0374;3;;Molex;;;;;;;
53398-0371;47;;Molex;;;;;;;
88751-1410;3;;Molex;;;;;;;
878311420;2;;Molex;;;;;;;
8700102;88;;Molex;;;;;;;
53398-0471;18;;Molex;;;;;;;
87831-2021;3;;Molex;;;;;;;
90142-0014;26;;Molex;;;;;;;
90130-1208;4;;Molex;;;;;;;
53261-0290;4;;Molex;;;;;;;
430310001;190;;Molex;;;;;;;
733910083;1;;Molex;;;;;;;
50061-8000;100;;Molex;;;;;;;
901361208;4;;Molex;;;;;;;
39012200;6;;Molex;;;;;;;
530470310;21;;Molex;;;;;;;
35021-1160;97;;Molex;;;;;;;
436500200;3;;Molex;;;;;;;
53398-0271;18;;Molex;;;;;;;
29110023;4;;Molex;;;;;;;
43045-0601;2;;Molex;;;;;;;
901361302;2;;Molex;;;;;;;
430451014;1;;Molex;;;;;;;
430450613;1;;Molex;;;;;;;
03-06-1023;5;;Molex;;;;;;;
530470510;4;;Molex;;;;;;;
43025-0800;3;;Molex;;;;;;;
03.06.2024;5;;Molex;;;;;;;
5023510300;7;;Molex;;;;;;;
430250800;4;;Molex;;;;;;;
502579-1000;6;;Molex;;;;;;;
105300-2200;2;;Molex;;;;;;;
43645-0200;5;;Molex;;;;;;;
462355003;4;;Molex;;;;;;;
353630460;2;;Molex;;;;;;;
350220003;3;;Molex;;;;;;;
530470210;1;;Molex;;;;;;;
K78L05-1000R3;15;;Mornsun Guangzhou Science & Technology;;;;;;;
B1212S-1WR2;3;;Mornsun Guangzhou Science & Technology;;;;;;;
MC13135DW;19;;Motorola;;;;;;;
Uport 1650-8;3;;Moxa;;;;;;;
CP-102U-T;1;;Moxa;;;;;;;
1301650;4;;MTA;;;;;;;
MCCTC106M025;40;;Multicomp;;;;;;;
MC19030001;2;;Multicomp;;;;;;;
HC49U 10.245 MHz;18;;Multicomp;;;;;;;
MCSJK-7I-8.00-10-10-60-B-10;12;;Multicomp;;;;;;;
HC49U-22.1184-20-50-60-30-ATF;10;;Multicomp;;;;;;;
HC49S-8-30-50-70-30-ATF;12;;Multicomp;;;;;;;
HC49U 22.1184MHz;11;;Multicomp;;;;;;;
MCWF08R1002BTL;5;;Multicomp;;;;;;;
MCWF08U2001BTL;4;;Multicomp;;;;;;;
HC49S 20.000MHz;4;;Multicomp;;;;;;;
MCWF08R1502BTL;2;;Multicomp;;;;;;;
MC0402N101J500C;19;;Multicomp;;;;;;;
MC0402N100J500C;9;;Multicomp;;;;;;;
MC0402X104K100C;1;;Multicomp;;;;;;;
PV-KST4/2,5I-UR;40;;Multi-Contact;;;;;;;
PV-KBT4/2,5I-UR;24;;Multi-Contact;;;;;;;
MA58MF14-7N;24;;Murata;;;;;;;
PVG3A203C01;268;;Murata;;;;;;;
PVG3A201C01;176;;Murata;;;;;;;
GRM31CR60J157ME11;107;;Murata;;;;;;;
LQW2BASR68J00;832;;Murata;;;;;;;
LQW2BASR82J00;832;;Murata;;;;;;;
GRM1555C2A3R3BA01;80;;Murata;;;;;;;
LQH43NN101J032;150;;Murata;;;;;;;
LQH43NN680J032;150;;Murata;;;;;;;
GRM32EC72A106KE05;236;;Murata;;;;;;;
GRM2165C2A391JA01;70;;Murata;;;;;;;
MA40E8-2;3;;Murata;;;;;;;
GRM32CR72A105KA35;263;;Murata;;;;;;;
BLM15PD121SN1;530;;Murata;;;;;;;
TZB4P300BA10R00;85;;Murata;;;;;;;
GRM21A5C2E150JW01;536;;Murata;;;;;;;
NFM18PC105R0J3;286;;Murata;;;;;;;
PVG3A101C01;38;;Murata;;;;;;;
GRM21BR11H104KA01;848;;Murata;;;;;;;
GRM55DR72E474KW01;200;;Murata;;;;;;;
GRM1555C1H391GA01;657;;Murata;;;;;;;
PVG3A502C01;45;;Murata;;;;;;;
GQM1885C1H220FB01;50;;Murata;;;;;;;
GRM43ER72A225KA01;860;;Murata;;;;;;;
GRM55DR73A104KW01;100;;Murata;;;;;;;
GNM2145C1H220KD01;54;;Murata;;;;;;;
GQM2195C1H220GB01;43;;Murata;;;;;;;
GRM55DR72E334KW01;20;;Murata;;;;;;;
GRM1885C1H101JA01;412;;Murata;;;;;;;
GRM188R6YA475KE15;99;;Murata;;;;;;;
GRM219F51H104ZA01;178;;Murata;;;;;;;
GRM1885C1H390JA01;84;;Murata;;;;;;;
LQH55DH4R7M03;31;;Murata;;;;;;;
GQM1885C1H180FB01;32;;Murata;;;;;;;
GQM1885C1H470FB01;29;;Murata;;;;;;;
LQM18NNR33K00;196;;Murata;;;;;;;
SF2049E-1;19;;Murata;;;;;;;
GRM31CR61A107ME05;140;;Murata;;;;;;;
GRM1885C1H752JA01;100;;Murata;;;;;;;
GRM188R71H183KA01;70;;Murata;;;;;;;
MA40MF14-5B;2;;Murata;;;;;;;
GRM1885C1H101FA01;100;;Murata;;;;;;;
GRM31MR71H474KA01;109;;Murata;;;;;;;
GRM1885C1H622JA01;176;;Murata;;;;;;;
GQM1885C1H8R0CB01;40;;Murata;;;;;;;
GRM55ER71H475KA01;32;;Murata;;;;;;;
GRM21BR71E475KA73;30;;Murata;;;;;;;
PVG3A501C01;8;;Murata;;;;;;;
GRM188R71C104JA01;782;;Murata;;;;;;;
PV32H103A01;8;;Murata;;;;;;;
GRM033R61A473KE84;80;;Murata;;;;;;;
GA343DR7GD472KW01;46;;Murata;;;;;;;
GR442QR73D471KW01;36;;Murata;;;;;;;
GRM1885C1H100JA01;2439;;Murata;;;;;;;
GRM1885C1H431JA01;572;;Murata;;;;;;;
GJM1555C1H200GB01;206;;Murata;;;;;;;
GRM21A5C2J100FWA1;45;;Murata;;;;;;;
GRM55ER72A475KA01;10;;Murata;;;;;;;
GRM1555C1H160GA01;92;;Murata;;;;;;;
GRM1885C2E100JW07;50;;Murata;;;;;;;
SFECV10M7JA00-R0;5;;Murata;;;;;;;
GRM2165C2A681JA01;39;;Murata;;;;;;;
GRM1555C1H561GA01;89;;Murata;;;;;;;
GRM21A5C2E101FW01;8;;Murata;;;;;;;
LQW18AN13NJ00;42;;Murata;;;;;;;
LQW18AN15NJ00;82;;Murata;;;;;;;
LQP15MN6N8B02;52;;Murata;;;;;;;
LQW18AN16NJ00;42;;Murata;;;;;;;
GQM2195C2E151GB12;6;;Murata;;;;;;;
LQW18AN43NJ00;34;;Murata;;;;;;;
GRM55RR71H105KA01;10;;Murata;;;;;;;
GRM188D71A106KA73;134;;Murata;;;;;;;
GQM2195C2E160JB12;11;;Murata;;;;;;;
LQW18ANR22J00;4;;Murata;;;;;;;
LQW2BAS10NJ00;30;;Murata;;;;;;;
LQW18AN20NJ00;34;;Murata;;;;;;;
GRM1555C1H152JA01;180;;Murata;;;;;;;
BLM41PG102SN1;50;;Murata;;;;;;;
GRM32ER71H105KA01;52;;Murata;;;;;;;
SFECF10M7HF00S0;4;;Murata;;;;;;;
GRM1885C2A820JA01;200;;Murata;;;;;;;
LQG15HS15NJ02;84;;Murata;;;;;;;
GRM21B1X1H393JA01;7;;Murata;;;;;;;
SFECF10M7HF00-R0;2;;Murata;;;;;;;
GRM31C5C1E104JA01;37;;Murata;;;;;;;
GRM1887U1H103JA01;34;;Murata;;;;;;;
GJM1555C1H6R8BB01;85;;Murata;;;;;;;
GRM188R71H821KA01;86;;Murata;;;;;;;
GR443QR73D102KW01;10;;Murata;;;;;;;
GRM21A5C2D560JW01;80;;Murata;;;;;;;
GRM31CR61H105KA12;45;;Murata;;;;;;;
NXFT15XH103FA1B025;5;;Murata;;;;;;;
LQM21FN100N00;39;;Murata;;;;;;;
BLM18PG600SH1;89;;Murata;;;;;;;
GRM188R61E475KE11;212;;Murata;;;;;;;
GCD188R71H182KA01;944;;Murata;;;;;;;
GRM1555C1H3R9WA01;20;;Murata;;;;;;;
BLA2AAG102SN4;7;;Murata;;;;;;;
LQH55DN4R7M03;6;;Murata;;;;;;;
SFELF10M7LFTA;6;;Murata;;;;;;;
GRM1555C1H471GA01;36;;Murata;;;;;;;
LQW2BAS36NJ00;14;;Murata;;;;;;;
LQW15AN6N2B80;30;;Murata;;;;;;;
CSTNE8M00G52A000;8;;Murata;;;;;;;
GRM188R71E102KA01;414;;Murata;;;;;;;
LQW15AN33NG8Z;25;;Murata;;;;;;;
GRM1885C1H6R2CA01;90;;Murata;;;;;;;
LQW2BAS33NJ00;10;;Murata;;;;;;;
GRM1555C1H111GA01;51;;Murata;;;;;;;
GRM216R71H103JA01;42;;Murata;;;;;;;
GRM188R61H103KA01;54;;Murata;;;;;;;
GRM155R71H272KA01;132;;Murata;;;;;;;
GRM1555C2A3R3CA01;120;;Murata;;;;;;;
GCM1555C1H680GA16;90;;Murata;;;;;;;
GRM1885C2A330JA01;220;;Murata;;;;;;;
GRM1885C1H3R3CA01;10;;Murata;;;;;;;
GRM1885C2A560JA01;9;;Murata;;;;;;;
GRM188R71E362KA01;40;;Murata;;;;;;;
GRM21A5C2D121JW01;46;;Murata;;;;;;;
GRM21A5C2D390JW01;8;;Murata;;;;;;;
GRM1555C1H5R1BA01;88;;Murata;;;;;;;
GRM21B5C1H183JA01;12;;Murata;;;;;;;
GRM1555C1H3R9BA01;93;;Murata;;;;;;;
GRM1885C1H130JA01;97;;Murata;;;;;;;
LQW2BAS27NJ00;9;;Murata;;;;;;;
GCM1555C1H241GA16;48;;Murata;;;;;;;
GJM1555C1H160GB01;13;;Murata;;;;;;;
GRM2165C1H432JA01;14;;Murata;;;;;;;
GRM2195C1H123JA01;32;;Murata;;;;;;;
GRM32ER61C226KE20;14;;Murata;;;;;;;
GRM21A5C2J220FWA1;5;;Murata;;;;;;;
GRM155F51E104ZA01;285;;Murata;;;;;;;
GRM1555C1H430GA01;46;;Murata;;;;;;;
NFM21PC105B1C3;24;;Murata;;;;;;;
BLM21RK102SN1;53;;Murata;;;;;;;
GRM188R72A104KA35;43;;Murata;;;;;;;
GRM155R71H222KA01;45;;Murata;;;;;;;
GRM219R71C225ME15;47;;Murata;;;;;;;
GRM3195C2A183JA01;5;;Murata;;;;;;;
NCP18XH103J03RB;44;;Murata;;;;;;;
GRM188R72A222KA01;88;;Murata;;;;;;;
GRM1885C1H272JA01;36;;Murata;;;;;;;
GRM1885C1H510JA01;101;;Murata;;;;;;;
GRM1555C1H8R2WA01;22;;Murata;;;;;;;
GRM0335C1E1R0BA01;76;;Murata;;;;;;;
GRM0335C1ER50BA01;76;;Murata;;;;;;;
GRM1555C1H471JA01;249;;Murata;;;;;;;
BLM15HD102SN1;85;;Murata;;;;;;;
LQH32PN4R7NN0;10;;Murata;;;;;;;
LQW2BASR27J00;8;;Murata;;;;;;;
GRM1885C1H432JA01;7;;Murata;;;;;;;
GRM155R71H272JA01;100;;Murata;;;;;;;
GRM2165C1H3R9CD01;22;;Murata;;;;;;;
BLM15AG121SN1;81;;Murata;;;;;;;
GCJ31MR71E335KA12;15;;Murata;;;;;;;
GRM033R71C561KA01;14;;Murata;;;;;;;
GRM31CR72E473KW03;16;;Murata;;;;;;;
GRM1887U1A273JA01;99;;Murata;;;;;;;
GRM155R60J334KE01;20;;Murata;;;;;;;
GRM188R72A223KAC4;40;;Murata;;;;;;;
GRM21BR71E225KA73;66;;Murata;;;;;;;
LQW2BASR24J00;4;;Murata;;;;;;;
GRM21A5C2D680JW01;5;;Murata;;;;;;;
GRM2165C2A561JA01;6;;Murata;;;;;;;
GRM155R71H104KE14;383;;Murata;;;;;;;
GRM31MR71H224KA01;21;;Murata;;;;;;;
GRM1885C2A180JA01;10;;Murata;;;;;;;
BLM31PG121SN1;15;;Murata;;;;;;;
GRM188R72A682KA01;22;;Murata;;;;;;;
GRM32ER71E226ME15;5;;Murata;;;;;;;
LQP15MN1N8W02;4;;Murata;;;;;;;
GRM033C71A104KE14;80;;Murata;;;;;;;
LQW18AN8N7D00;20;;Murata;;;;;;;
GRM1885C1H222JA01;87;;Murata;;;;;;;
GRM2165C1H102JA01;99;;Murata;;;;;;;
GRT188R61E105KE13;20;;Murata;;;;;;;
GRM033R61A225KE47;83;;Murata;;;;;;;
GRM155R71H561KA01;110;;Murata;;;;;;;
GCM1885C2A101FA16;12;;Murata;;;;;;;
GRM21BR71E334KA01;7;;Murata;;;;;;;
LQW15AN39NG00;20;;Murata;;;;;;;
LQW2BAS22NJ00;4;;Murata;;;;;;;
LQW18ANR39G00;20;;Murata;;;;;;;
GRM2165C2A152JA01;32;;Murata;;;;;;;
GRM21BR71A106KA73;10;;Murata;;;;;;;
LQH31MN2R2K03;8;;Murata;;;;;;;
GRM2195C1H822JA01;4;;Murata;;;;;;;
GRM31CR72D473KW03;8;;Murata;;;;;;;
GCM188R70J225KE22;28;;Murata;;;;;;;
GRM21BR72A104KAC4;72;;Murata;;;;;;;
GCM155C71A474KE36;48;;Murata;;;;;;;
GRM188C71C684KA12;48;;Murata;;;;;;;
GCJ188R71H104KA12;134;;Murata;;;;;;;
GRM188R71E103KA01;45;;Murata;;;;;;;
GRM188R61C105KA12;67;;Murata;;;;;;;
GRM155R71C474KE01;44;;Murata;;;;;;;
GQM1875C2E101JB12;50;;Murata;;;;;;;
GRM219F51C474ZA01;16;;Murata;;;;;;;
LQW18ANR12G00;5;;Murata;;;;;;;
GC321AD72E103KX01;30;;Murata;;;;;;;
GRM319R71H104KA01;55;;Murata;;;;;;;
GQM1885C1H180GB01;48;;Murata;;;;;;;
GRM1555C1H270GA01;35;;Murata;;;;;;;
PVG3A100C01;1;;Murata;;;;;;;
GRM21BZ71H475KE15;8;;Murata;;;;;;;
GRM1885C1H391JA01;8;;Murata;;;;;;;
LQW2BAS39NJ00;4;;Murata;;;;;;;
GRM1555C1H8R2CA01;27;;Murata;;;;;;;
GJM1555C1H2R0BB01;21;;Murata;;;;;;;
GRM1885C1H121JA01;88;;Murata;;;;;;;
GCM21BR71H105KA03;35;;Murata;;;;;;;
GRM1885C1H2R2CA01;84;;Murata;;;;;;;
GRM1885C1H5R6CA01;34;;Murata;;;;;;;
LQW18AN12NG00;6;;Murata;;;;;;;
GRM31A5C2J331JW01;12;;Murata;;;;;;;
GCM1885C2AR80BA16;32;;Murata;;;;;;;
GRM155Z71A105KE01;45;;Murata;;;;;;;
GCM21BR71A106KE22;14;;Murata;;;;;;;
GRM1555C1H431GA01;5;;Murata;;;;;;;
BLM18RK102SN1;28;;Murata;;;;;;;
GRM21AR72E102KW01;15;;Murata;;;;;;;
GRT188R61H105KE13;28;;Murata;;;;;;;
GRM21BR71H683KA01;40;;Murata;;;;;;;
GRM1885C1H681JA01;8;;Murata;;;;;;;
GCM188R71C334KA37;34;;Murata;;;;;;;
GCM1555C1H2R4BA16;92;;Murata;;;;;;;
GRM21BR71A225KA01;14;;Murata;;;;;;;
LQW2BASR33J00;2;;Murata;;;;;;;
BLM15PX181SN1;3;;Murata;;;;;;;
GRM188R71H222KA01;21;;Murata;;;;;;;
GRM155R60J474KE19;26;;Murata;;;;;;;
GRM21A5C2E100JW01;3;;Murata;;;;;;;
GCM1885C2A3R0BA16;6;;Murata;;;;;;;
GCM1885C2A8R0BA16;6;;Murata;;;;;;;
BLM18RK221SN1;10;;Murata;;;;;;;
GRM31MR71H105KA88;7;;Murata;;;;;;;
GRM1555C1H682GE01;5;;Murata;;;;;;;
GRM188R71E104KA01;155;;Murata;;;;;;;
GRM1885C1H270JA01;23;;Murata;;;;;;;
GRM1885C1H201JA01;32;;Murata;;;;;;;
GRM188R71H154KAC4;15;;Murata;;;;;;;
GRM1885C1H560JA01;40;;Murata;;;;;;;
GRM155R71H182KA01;57;;Murata;;;;;;;
LQH32MN2R2K23;4;;Murata;;;;;;;
GCM188R71C105KA64;30;;Murata;;;;;;;
GCM155R72A222KA37;3;;Murata;;;;;;;
GRM1555C1H750GA01;5;;Murata;;;;;;;
LQP15MN12NG02;1;;Murata;;;;;;;
GRM1555C1H120GA01;8;;Murata;;;;;;;
LQW15ANR10J00;4;;Murata;;;;;;;
GRM2165C1H332JA01;14;;Murata;;;;;;;
GRM1885C1H181JA01;47;;Murata;;;;;;;
GRM1885C1H120JA01;40;;Murata;;;;;;;
GRM1555C1E5R6CA01;9;;Murata;;;;;;;
GRM1885C1H332JA01;14;;Murata;;;;;;;
GRM1885C1H221JA01;41;;Murata;;;;;;;
GRM188R72A102KA01;25;;Murata;;;;;;;
GRM1885C1H131JA01;27;;Murata;;;;;;;
GCM1885C2A221JA16;16;;Murata;;;;;;;
BLM18PG471SN1;20;;Murata;;;;;;;
GRM1885C1H361JA01;10;;Murata;;;;;;;
GRM219R7YA105KA12;8;;Murata;;;;;;;
GRM1885C1H302JA01;7;;Murata;;;;;;;
LQH32CN2R2M53;1;;Murata;;;;;;;
GRM1885C1H150JA01;42;;Murata;;;;;;;
GRM21BR71C105KA01;10;;Murata;;;;;;;
GRM155R71H473KE14;31;;Murata;;;;;;;
GRM1885C1H472JA01;14;;Murata;;;;;;;
GRM216R71H223KA01;67;;Murata;;;;;;;
GRM033R71E102KA01;52;;Murata;;;;;;;
GQM1885C1H200JB01;24;;Murata;;;;;;;
GCM1885C2A100JA16;18;;Murata;;;;;;;
GRM1885C1H240JA01;27;;Murata;;;;;;;
GRM188R61C225KE15;19;;Murata;;;;;;;
LQW18AN22NJ00;1;;Murata;;;;;;;
GRM1885C1H122JA01;20;;Murata;;;;;;;
GRT188R61H225KE13;5;;Murata;;;;;;;
GRM188R61H474KA12;13;;Murata;;;;;;;
GRM188R71E682KA01;16;;Murata;;;;;;;
GRM155R71C333KA01;21;;Murata;;;;;;;
GRM3195C1H682JA01;4;;Murata;;;;;;;
LQW18AN39NJ00;2;;Murata;;;;;;;
GRM1555C1H100JA01;21;;Murata;;;;;;;
GRM1555C2A101JA01;10;;Murata;;;;;;;
GRM219R71H103KA01;21;;Murata;;;;;;;
LQW18AN9N1D00;1;;Murata;;;;;;;
GRM1555C1H330JA01;12;;Murata;;;;;;;
GRM1555C1H5R0CA01;36;;Murata;;;;;;;
GRM155R71C154KA12;5;;Murata;;;;;;;
GRM188R71H563KA93;8;;Murata;;;;;;;
GRM155R71H102JA01;32;;Murata;;;;;;;
BLM18HE152SN1;3;;Murata;;;;;;;
GRM033R61C393KE84;2;;Murata;;;;;;;
GRM155R70J104KA01;45;;Murata;;;;;;;
GRM155R71C102KA01;34;;Murata;;;;;;;
GRM155R71H471KA01;49;;Murata;;;;;;;
LQG15HS1N5S02;8;;Murata;;;;;;;
GRM155R61A105KE01;25;;Murata;;;;;;;
GRM188R71H471KA01;18;;Murata;;;;;;;
GRM1555C1E120JA01;9;;Murata;;;;;;;
GRM1555C1H301JA01;6;;Murata;;;;;;;
GRM1555C1E180GA01;9;;Murata;;;;;;;
GRM1552C1H120JA01;11;;Murata;;;;;;;
GRM188R71E332KA01;10;;Murata;;;;;;;
GRM188R61C106MA73;1;;Murata;;;;;;;
LQW18ANR27J00;1;;Murata;;;;;;;
GRM188R71H823JA93;10;;Murata;;;;;;;
GCM155R71H472KA37;16;;Murata;;;;;;;
GRM155R71A104JA01;18;;Murata;;;;;;;
GRM188R71C105KE15;5;;Murata;;;;;;;
GCM155R71H333KE02;14;;Murata;;;;;;;
GRM1885C1H331JA01;5;;Murata;;;;;;;
GRM155R70J103KA01;19;;Murata;;;;;;;
GJM1555C1H5R6CB01;4;;Murata;;;;;;;
LQG15HS6N8J02;4;;Murata;;;;;;;
BLM21AG601SN1;1;;Murata;;;;;;;
GRM155R71E682KA01;13;;Murata;;;;;;;
GRM1555C1H681JA01;10;;Murata;;;;;;;
GRM188R72A103KA01;6;;Murata;;;;;;;
GRM1885C1H561JA01;18;;Murata;;;;;;;
GRM31MR71E105KA01;1;;Murata;;;;;;;
GCM1555C1H180JA16;4;;Murata;;;;;;;
GRM155R71C223KA01;13;;Murata;;;;;;;
GQM1885C1H101JB01;4;;Murata;;;;;;;
GRM1555C1H6R8CA01;3;;Murata;;;;;;;
LQW18CAR58J00;2;;Murata;;;;;;;
GRM21BR61A106KE19;1;;Murata;;;;;;;
GRM033R60J474KE90;20;;Murata;;;;;;;
GRM1555C1H560GA01;2;;Murata;;;;;;;
GRM1885C2A120JA01;1;;Murata;;;;;;;
GRM1555C1H1R8BA01;5;;Murata;;;;;;;
GRM1555C1H300GA01;1;;Murata;;;;;;;
GRM033R71E103KE14;1;;Murata;;;;;;;
HC-49S-22.1184-20-F-A;1;;NEL Frequency Controls;;;;;;;
NAUSB-W;6;;Neutrik;;;;;;;
92M-502(6P) gold;2;;New Tide;;;;;;;
74HC4017D;48;;Nexperia;;;;;;;
BAT54A;451;;Nexperia;;;;;;;
BC847BT;47;;Nexperia;;;;;;;
BAV99-Q;71;;Nexperia;;;;;;;
74HC10D;13;;Nexperia;;;;;;;
74HC257D;5;;Nexperia;;;;;;;
74HCT10D;3;;Nexperia;;;;;;;
74HC04D;5;;Nexperia;;;;;;;
BZV55-B5V1;3;;Nexperia;;;;;;;
UWX1H2R2MCL2GB;1963;;Nichicon;;;;;;;
UCD2A330MNL1GS;4;;Nichicon;;;;;;;
UWT1A102MNL1GS;5;;Nichicon;;;;;;;
UPM1V221MPD6;1;;Nichicon;;;;;;;
222S60M12LH;8;;Nicomatic;;;;;;;
222S08M12LH;8;;Nicomatic;;;;;;;
222C08M46;2;;Nicomatic;;;;;;;
222S08M11;3;;Nicomatic;;;;;;;
ST-4ETA 20 Ohm (200);938;;Nidec Copal Electronics;;;;;;;
BT2N-2M4-Z;5;;Nidec Copal Electronics;;;;;;;
ST32ETA502;18;;Nidec Copal Electronics;;;;;;;
SM-42TA104;4;;Nidec Copal Electronics;;;;;;;
NX8045GE-3.579545MHz-STD-CJL-6;8;;Nihon Dempa Kogyo;;;;;;;
NX3215SA-32.768K-STD-MUA-8;6;;Nihon Dempa Kogyo;;;;;;;
NX3225GA-20MHz-STD-CRG-2;26;;Nihon Dempa Kogyo;;;;;;;
NMF-PC2S2C2-LCU-LCU-003;10;;Nikomax;;;;;;;
FQ14-7ZPK-8;50;;Ningbo Acit Electronic;;;;;;;
FQ14-9ZP-8S;30;;Ningbo Acit Electronic;;;;;;;
FQ18-5T-9;6;;Ningbo Acit Electronic;;;;;;;
FQ18-5ZP-10;5;;Ningbo Acit Electronic;;;;;;;
FQ18-5Z-S;5;;Ningbo Acit Electronic;;;;;;;
2PM18-7ZK2;1;;Ningbo Acit Electronic;;;;;;;
FBCTF1056 10A 250V;400;;Ningbo Best Group;;;;;;;
FBGTF1056 10A 250V;120;;Ningbo Best Group;;;;;;;
FBGTF1056 1,25A 250V;20;;Ningbo FBELE Electronics;;;;;;;
FYLS-3528UYC;12;;Ningbo Foryard Optoelectronics;;;;;;;
MTS-103-A1;1;;Ningbo Jietong Electronic;;;;;;;
KLS12-RJ12-6P6C 01-E;30;;Ningbo KLS Electronic;;;;;;;
KLS1-DCP-02-2.1B;6;;Ningbo KLS Electronic;;;;;;;
KLS5-270-035;41;;Ningbo KLS Electronic;;;;;;;
KLS1-207-2-40-S;10;;Ningbo KLS Electronic;;;;;;;
L-KLS1-BIP-014-N-B;1;;Ningbo KLS Electronic;;;;;;;
KLS1-201Z-10-G-E;1;;Ningbo Kls Imp&Exp;;;;;;;
EKXJ161ELL121MU20S;492;;Nippon Chemi-Con;;;;;;;
S421;63;;NKK Switches;;;;;;;
S421T;22;;NKK Switches;;;;;;;
S42;2;;NKK Switches;;;;;;;
680S3W3203L401;5;;NorComp;;;;;;;
680S3W3203L201;4;;NorComp;;;;;;;
680S3W3103L401;4;;NorComp;;;;;;;
970-025-030R121;6;;NorComp;;;;;;;
681M5W5203L001;4;;NorComp;;;;;;;
970-015-030R121;5;;NorComp;;;;;;;
680S3W3103L201;2;;NorComp;;;;;;;
681M13W3203L001;2;;NorComp;;;;;;;
680S13W3103L401;1;;NorComp;;;;;;;
160-067-010R033;7;;NorComp;;;;;;;
171-009-103L011;5;;NorComp;;;;;;;
SF6725;4;;NorComp;;;;;;;
171-009-103L021;2;;NorComp;;;;;;;
Jetson Nano;5;;NVIDIA;;;;;;;
BTA140-800;90;;NXP Semiconductors;;;;;;;
BAV99;292;;NXP Semiconductors;;;;;;;
BZX84J-B5V1.115;78;;NXP Semiconductors;;;;;;;
BAS416;70;;NXP Semiconductors;;;;;;;
BC857;63;;NXP Semiconductors;;;;;;;
74HC573D;18;;NXP Semiconductors;;;;;;;
BZV55-C4V7;70;;NXP Semiconductors;;;;;;;
BCX53T;7;;NXP Semiconductors;;;;;;;
BC847BPN;40;;NXP Semiconductors;;;;;;;
KTY81/121;2;;NXP Semiconductors;;;;;;;
BeagleBone Blue OSD3358;1;;Octavo Systems LLC;;;;;;;
K12YAR-PD8WJG0-0000;4;;ODU;;;;;;;
FCSL110R010FE;34;;Ohmite;;;;;;;
LVK20R050DE;20;;Ohmite;;;;;;;
PCS1206DR0500E;4;;Ohmite;;;;;;;
HCPL2630SD;810;;ON Semiconductor;;;;;;;
MC33275MN-5.0R2G;200;;ON Semiconductor;;;;;;;
NCV4276DSADJR4G;61;;ON Semiconductor;;;;;;;
MC33275MN-3.3R2G;100;;ON Semiconductor;;;;;;;
FSV2060L;8;;ON Semiconductor;;;;;;;
MMBTA42LT1G;104;;ON Semiconductor;;;;;;;
FAN3100TSX;36;;ON Semiconductor;;;;;;;
NCV4276DS50R4G;10;;ON Semiconductor;;;;;;;
NCV4276DS33R4G;8;;ON Semiconductor;;;;;;;
74ACT14SC;15;;ON Semiconductor;;;;;;;
MC74AC74DG;35;;ON Semiconductor;;;;;;;
MMBZ27VCLT1G;62;;ON Semiconductor;;;;;;;
SZMM5Z5V1T1G;20;;ON Semiconductor;;;;;;;
1N5339BRLG;8;;ON Semiconductor;;;;;;;
MC34152DG;9;;ON Semiconductor;;;;;;;
74VHC273M;15;;ON Semiconductor;;;;;;;
MAX803SQ463T1G;7;;ON Semiconductor;;;;;;;
BC817-25LT1G;40;;ON Semiconductor;;;;;;;
LL4148;43;;ON Semiconductor;;;;;;;
MBR40250G;2;;ON Semiconductor;;;;;;;
BC857CLT1G;69;;ON Semiconductor;;;;;;;
FSUSB74MPX;2;;ON Semiconductor;;;;;;;
MMSZ5242BT1G;10;;ON Semiconductor;;;;;;;
MC7812ACTG;5;;ON Semiconductor;;;;;;;
CAT93C66VI-G;11;;ON Semiconductor;;;;;;;
MC79L12ABPG;6;;ON Semiconductor;;;;;;;
MC74HC595ADG;3;;ON Semiconductor;;;;;;;
1N5822;1;;ON Semiconductor;;;;;;;
1N4148;14;;ON Semiconductor;;;;;;;
NC7WZ07P6X;2;;ON Semiconductor;;;;;;;
RFL-300G3;13;;Oshino Lamps;;;;;;;
BPW 34;3;;Osram;;;;;;;
EEEFK1H101P;109;;Panasonic;;;;;;;
ERJ8BWFR051;39;;Panasonic;;;;;;;
EEUEE2V470;30;;Panasonic;;;;;;;
EXCCET103U;44;;Panasonic;;;;;;;
ERJ1TYJ102;69;;Panasonic;;;;;;;
ELKEA333FA;18;;Panasonic;;;;;;;
ERJ3EKF3012;98;;Panasonic;;;;;;;
EEEFK1V221P;10;;Panasonic;;;;;;;
EXC3BB221H;11;;Panasonic;;;;;;;
EXB2HV220J;72;;Panasonic;;;;;;;
EXB2HV560J;108;;Panasonic;;;;;;;
ERJ2BQFR68;38;;Panasonic;;;;;;;
ECKTBC472MF;6;;Panasonic;;;;;;;
ERJB2CFR01;16;;Panasonic;;;;;;;
ERA2AEB104;20;;Panasonic;;;;;;;
ERJ8GEYJ101;102;;Panasonic;;;;;;;
ERJ6DQF8R2;10;;Panasonic;;;;;;;
ERJ3EKF2870;82;;Panasonic;;;;;;;
ERJ3EKF4751;82;;Panasonic;;;;;;;
ERJ8GEY0R00;95;;Panasonic;;;;;;;
ERJ3EKF3162;55;;Panasonic;;;;;;;
EEUED2W220S;2;;Panasonic;;;;;;;
ERJ8BWFR012;9;;Panasonic;;;;;;;
ERJ8ENF49R9;40;;Panasonic;;;;;;;
ERJ3EKF9312;90;;Panasonic;;;;;;;
EEUFR1E221;7;;Panasonic;;;;;;;
ERJ2RKF5901;80;;Panasonic;;;;;;;
ERJ2RKF1542;85;;Panasonic;;;;;;;
ERJ2RKF1821;70;;Panasonic;;;;;;;
ERJ3EKF24R9;70;;Panasonic;;;;;;;
ERJ3EKF3570;5;;Panasonic;;;;;;;
ECA1JM470;5;;Panasonic;;;;;;;
ERJ2RKF1000;65;;Panasonic;;;;;;;
ERJ3GEYJ330;124;;Panasonic;;;;;;;
ERJ14RQJ8R2;1;;Panasonic;;;;;;;
EEUFR1C101;7;;Panasonic;;;;;;;
ERJ12ZYJ510;2;;Panasonic;;;;;;;
ERJ3EKF4991;43;;Panasonic;;;;;;;
ERJ2RKF1004;73;;Panasonic;;;;;;;
ERJ2RKF1003;90;;Panasonic;;;;;;;
ERJ3EKF1002;43;;Panasonic;;;;;;;
ERJ3GEYJ121;31;;Panasonic;;;;;;;
ERJ3EKF6490;41;;Panasonic;;;;;;;
ERJ3EKF1001;76;;Panasonic;;;;;;;
ERJ3EKF1210;49;;Panasonic;;;;;;;
ERJ3EKF3010;31;;Panasonic;;;;;;;
ERJ3EKF1650;2;;Panasonic;;;;;;;
ERJ3EKF1690;49;;Panasonic;;;;;;;
ERJ3GEYJ1R0;30;;Panasonic;;;;;;;
ERJ3EKF51R0;76;;Panasonic;;;;;;;
ERJ2RKF2000;10;;Panasonic;;;;;;;
ERJ3EKF51R1;5;;Panasonic;;;;;;;
ERJ2RKF3301;4;;Panasonic;;;;;;;
SK32;42;;Panjit International;;;;;;;
L-C191JGC;3260;;Para Light;;;;;;;
L-C191LBC;50;;Para Light;;;;;;;
L-C191YC;19;;Para Light;;;;;;;
L-C170KRCT;9;;Para Light;;;;;;;
P6LG-0505E;16;;Peak electronics;;;;;;;
FRONT-MSTB 2,5/10-STF - 1779725;45;;Phoenix Contact;;;;;;;
MC 1,5/4-STF-3,5-1847071;50;;Phoenix Contact;;;;;;;
MCVR 1,5/2-STF-3,5-1863301;50;;Phoenix Contact;;;;;;;
SACC-DSIV-FS-8CON-L180-10G SCO-1440669;15;;Phoenix Contact;;;;;;;
SACC-E-M12MS-8CON-M16/0,5 VA-1405221;10;;Phoenix Contact;;;;;;;
MC 1,5/2-STF-3,5-1847055;188;;Phoenix Contact;;;;;;;
MCV 1,5/4-GF-3,5-1843240;50;;Phoenix Contact;;;;;;;
MVSTBR 2,5/10-STF - 1835559;45;;Phoenix Contact;;;;;;;
MKDS 10 HV/2-ZB-10,16 1709681;42;;Phoenix Contact;;;;;;;
SACC-M12MS-5CON-PG 7-VA-1553187;10;;Phoenix Contact;;;;;;;
MSTB 2,5/ 2-STF - 1786831;97;;Phoenix Contact;;;;;;;
FMC 1,5/6-STF-3,81;36;;Phoenix Contact;;;;;;;
SACC-M12MRD-4Q-SH;1;;Phoenix Contact;;;;;;;
FMC 1,5/2-STF-3,81;26;;Phoenix Contact;;;;;;;
MKDS 5 HV/2-9,52 1902547;20;;Phoenix Contact;;;;;;;
SACC-M12MSD-4CON-PG 9-SH-1521261;1;;Phoenix Contact;;;;;;;
SACC-M12FR-5PL-1424690;1;;Phoenix Contact;;;;;;;
UM-PRO PCB C-LOCK L2 BK 2200165;2;;Phoenix Contact;;;;;;;
MKDS 1/5-3,81;1;;Phoenix Contact;;;;;;;
PSB 54/14;3;;Powersem;;;;;;;
90153-AS;43;;Preci-dip;;;;;;;
853-87-014-10-001101;2;;Preci-dip;;;;;;;
BNC 05-3301-4;32;;ProConnect;;;;;;;
AI-1223-TWT-5V-R;4;;Projects Unlimited;;;;;;;
HX5120NL;3;;Pulse Electronics;;;;;;;
HM5004ENL;15;;Pulse Electronics;;;;;;;
CX2041;7;;Pulse Electronics;;;;;;;
H1164NL;5;;Pulse Electronics;;;;;;;
RFSW1012;29;;Qorvo;;;;;;;
RFSA2013;5;;Qorvo;;;;;;;
L86-M33;6;;Quectel Wireless Solutions;;;;;;;
SMA R125 411 000;70;;Radiall;;;;;;;
N-BNC R191 419 000;24;;Radiall;;;;;;;
1300820850300GX (R163 068 L01/ SHF8/ R163 198 L01/ 300 mm);1;;Radiall;;;;;;;
N R161 082 000;12;;Radiall;;;;;;;
SMP R222 561 001;13;;Radiall;;;;;;;
SMA R125 075 000;4;;Radiall;;;;;;;
R125 705 000;4;;Radiall;;;;;;;
SMA R125 460 000;5;;Radiall;;;;;;;
N-50 R161 022 000;1;;Radiall;;;;;;;
R280 751 000;1;;Radiall;;;;;;;
N-611T-2WQ;1;;Radiolab;;;;;;;
SMA S-111L;7;;Radiolab;;;;;;;
TNC T-241F;7;;Radiolab;;;;;;;
SMA S-231L;3;;Radiolab;;;;;;;
SMA S-121L;2;;Radiolab;;;;;;;
E2801LF (GR-253-CORE-20M);202;;Rakon;;;;;;;
E7157LF;1;;Rakon;;;;;;;
RTL8211F1-CG;20;;Realtek Semiconductor;;;;;;;
RTL8201F-VB-CG;20;;Realtek Semiconductor;;;;;;;
RS207L;62;;Realtek Semiconductor;;;;;;;
PS2501L-1;4;;Renesas Electronics;;;;;;;
GX16K3S;9;;Renhotec;;;;;;;
05-3075;40;;Rexant;;;;;;;
05-1201;99;;Rexant;;;;;;;
RKP-GY-282-HMC5983;2;;Robot Kit Product;;;;;;;
EMX4T2R;8869;;ROHM;;;;;;;
32S206-271L5;70;;Rosenberger;;;;;;;
SMA 32K601-272L5;19;;Rosenberger;;;;;;;
BNC 51S101-272B5;35;;Rosenberger;;;;;;;
SMA-SMA 32K601-K00L5;15;;Rosenberger;;;;;;;
SMP 19S181-5H0E4;10;;Rosenberger;;;;;;;
N 53K504-272N5;35;;Rosenberger;;;;;;;
N 53S205-315N5;15;;Rosenberger;;;;;;;
32S15R-1.0E3;7;;Rosenberger;;;;;;;
N-BNC 53S151-K00N5;1;;Rosenberger;;;;;;;
SMA 32K101-400L5;3;;Rosenberger;;;;;;;
SMP 19K101-271L5;2;;Rosenberger;;;;;;;
SMP-SMP 19K119-K38L5;1;;Rosenberger;;;;;;;
776-9135;5;;RS Components;;;;;;;
400BXW47MEFR12.5x30;70;;Rubycon;;;;;;;
450BXW27MEFR12.5X25;42;;Rubycon;;;;;;;
16YXS10000MEFC18X35.5;4;;Rubycon;;;;;;;
RC2012F102CS;56;;Samsung Electronics;;;;;;;
CL21B223KBANNN;37;;Samsung Electronics;;;;;;;
CL21B105KBFNNN;3;;Samsung Electronics;;;;;;;
TEMS-110-02-03.0-H-D;92;;Samtec;;;;;;;
HCMD-05-T-03.00-01-S;10;;Samtec;;;;;;;
HCSD-05-S-02.00-01;10;;Samtec;;;;;;;
ERF8-013-05.0-S-DV;18;;Samtec;;;;;;;
FTSH-105-01-F-D-K;49;;Samtec;;;;;;;
FTS-103-03-L-DV;40;;Samtec;;;;;;;
SOLC-120-02-F-Q-A;2;;Samtec;;;;;;;
ERF8-010-05.0-S-DV-K;4;;Samtec;;;;;;;
TEMS-130-02-07.0-H-D-A;1;;Samtec;;;;;;;
TW-10-07-T-D-192-SM-A;5;;Samtec;;;;;;;
SO-0318-04-02-02;5;;Samtec;;;;;;;
QSH-060-01-L-D-DP;1;;Samtec;;;;;;;
USB-A-D-S-B-TH;3;;Samtec;;;;;;;
ERF8-020-05.0-S-DV;1;;Samtec;;;;;;;
36-738-29;12;;Schneider Electric;;;;;;;
BLNRS441121;5;;Schneider Electric;;;;;;;
6061-X-3330-B-140;7;;Schurter;;;;;;;
VG7050EAN-SM18T007-CJGLPF3;239;;Seiko Epson;;;;;;;
SG-8002JA 33.333MHz P C M;10;;Seiko Epson;;;;;;;
X1G0044510004;10;;Seiko Epson;;;;;;;
SG8002CA 24.000MHZ-SCM;10;;Seiko Epson;;;;;;;
SG3225VAN156.250000MHzKEGA;4;;Seiko Epson;;;;;;;
SKB 50/08 A3;1;;Semikron;;;;;;;
LL4007;10;;Semtech;;;;;;;
SHT20;1;;Sensirion;;;;;;;
BL0937;5;;Shanghai Belling;;;;;;;
BNC-C59P;10;;Shanghai Rui Chi S&T;;;;;;;
PC817X4NSZ0F;54;;Sharp;;;;;;;
IRLML0040TRPbF;150;;Shenzhen Hottech Electronics;;;;;;;
RI2512LR010F;95;;Shenzhen Hottech Electronics;;;;;;;
RIS001-PH1C;3;;Shenzhen Renice Technology;;;;;;;
RGBYW0;20;;Shenzhen Ruichi Electronics;;;;;;;
mmCX-M/SMA-F RG-178U 15CM;2;;Shenzhen Ruichi Electronics;;;;;;;
USB-C 24PM-024;1;;Shenzhen Ruichi Electronics;;;;;;;
DB-25F;1;;Shenzhen Ruichi Electronics;;;;;;;
Orange Pi 4 LTS 4GB/16GB eMMC;3;;Shenzhen Xunlong Software;;;;;;;
X321532768KGD2SI;200;;Shenzhen Yangxing Technology;;;;;;;
X503212MQB4SI;200;;Shenzhen Yangxing Technology;;;;;;;
NC11278C-618;118;;Shijiazhuang METDA Electronic Technology;;;;;;;
16000\SMD05032C4\S\10\30/-40 85C\SMD0503(4P)\1;9;;Shoulder Electronics;;;;;;;
SOC5-20.000-50-3.3-E-TRI;2;;Shoulder Electronics;;;;;;;
166000.5;12;;SIBA;;;;;;;
C150-BLK;5;;Sifam Meters;;;;;;;
SI5341B-D-GM;6;;Silicon Laboratories;;;;;;;
SIM3C167-B-GQ;2;;Silicon Laboratories;;;;;;;
550CE100M000DG;5;;Silicon Laboratories;;;;;;;
SI53301-B-GM;14;;Silicon Laboratories;;;;;;;
SI8540;8;;Silicon Laboratories;;;;;;;
CP2200-GQ;1;;Silicon Laboratories;;;;;;;
SPX5205M5-1.8;10;;Sipex Corporation;;;;;;;
SPX5205M5-3.3;10;;Sipex Corporation;;;;;;;
SiT8008BI-13-33E-17.734470;1;;SiTime;;;;;;;
930 308-100;15;;SKS Kontakttechnik;;;;;;;
APD0805-000;200;;Skyworks Solutions;;;;;;;
APD1510-000;200;;Skyworks Solutions;;;;;;;
511BCA156M250AAG;7;;Skyworks Solutions;;;;;;;
RK1233N1-B1K;20;;Song Huei Electric;;;;;;;
16T1-B10K, L-20 F;8;;Song Huei Electric;;;;;;;
SRD-05VDS-SL-C;18;;Songle Relay;;;;;;;
M85049/19 11N 03;86;;Souriau;;;;;;;
M85049/19 11W 03;33;;Souriau;;;;;;;
8D0-23W35SN;5;;Souriau;;;;;;;
8D5-19W35SN;6;;Souriau;;;;;;;
M85049/19 19W 07;6;;Souriau;;;;;;;
D38999/32W11N;7;;Souriau;;;;;;;
UTS6JC10E6S;1;;Souriau;;;;;;;
ARV-1700-LF-XGA1-LS;2;;Spectrah Dynamics;;;;;;;
OSD-470-LF-A1.2;3;;Spectrah Dynamics;;;;;;;
9S127M-25;1;;Standa;;;;;;;
64.9294-21;2;;Staubli Electrical Connectors;;;;;;;
64.9294-22;2;;Staubli Electrical Connectors;;;;;;;
STM32F427VIT6;16;;STMicroelectronics;;;;;;;
LD1086DT33;345;;STMicroelectronics;;;;;;;
STM32H745ZIT6;15;;STMicroelectronics;;;;;;;
M74HC00M1R;29;;STMicroelectronics;;;;;;;
STM32F446RCT6;33;;STMicroelectronics;;;;;;;
STM32L412KBU6;4;;STMicroelectronics;;;;;;;
ST-LINK/V2;3;;STMicroelectronics;;;;;;;
STM32F303RET6;10;;STMicroelectronics;;;;;;;
L79L05ABZ;5;;STMicroelectronics;;;;;;;
LD1086DT50;180;;STMicroelectronics;;;;;;;
SMAJ8.5CA;900;;STMicroelectronics;;;;;;;
STM32L151CCU6;5;;STMicroelectronics;;;;;;;
LD1117S12;304;;STMicroelectronics;;;;;;;
STM32F407VGT6;8;;STMicroelectronics;;;;;;;
BAS70J;618;;STMicroelectronics;;;;;;;
STM32F407G-DISC1;1;;STMicroelectronics;;;;;;;
STB28NM50N;4;;STMicroelectronics;;;;;;;
LDK320AM30R;17;;STMicroelectronics;;;;;;;
STPS3045DJFY;10;;STMicroelectronics;;;;;;;
STM32L433CCT6;3;;STMicroelectronics;;;;;;;
BTB41-800B;3;;STMicroelectronics;;;;;;;
1.5KE33CA;15;;STMicroelectronics;;;;;;;
STC3100IST;5;;STMicroelectronics;;;;;;;
STM32F205RET6;1;;STMicroelectronics;;;;;;;
1N5908;10;;STMicroelectronics;;;;;;;
L79L12ACU;25;;STMicroelectronics;;;;;;;
SMCJ70CA;7;;STMicroelectronics;;;;;;;
L7812ABD2T;8;;STMicroelectronics;;;;;;;
M95040-WMN6TP;2;;STMicroelectronics;;;;;;;
L7805ABD2T;8;;STMicroelectronics;;;;;;;
2STN2540;7;;STMicroelectronics;;;;;;;
STP16CP05T;2;;STMicroelectronics;;;;;;;
USBLC6-2SC6;2;;STMicroelectronics;;;;;;;
L78L12ABU;25;;STMicroelectronics;;;;;;;
L79L12ABZ;7;;STMicroelectronics;;;;;;;
LD1117AS33;4;;STMicroelectronics;;;;;;;
1.5KE110A;1;;STMicroelectronics;;;;;;;
BWB 5/8-18;3;;Subconn;;;;;;;
GRPB052MWCN-RC;3;;Sullins Connector Solutions;;;;;;;
CDRH127ВNP-820MC;21;;Sumida;;;;;;;
RCH114NP-122KB;16;;Sumida;;;;;;;
CDRH5D28NP-150NC;61;;Sumida;;;;;;;
CDRH74NP-101MC-B;2;;Sumida;;;;;;;
R04J-37PIJ;6;;Sunkye;;;;;;;
R04A-9PIFA3N02;5;;Sunkye;;;;;;;
R04JS-37PIJ;1;;Sunkye;;;;;;;
RL3720WT-R004-F;100;;Susumu;;;;;;;
PRL1220-R033-F;7;;Susumu;;;;;;;
XC63G2-24.000-F16JJHPG;13;;Suzhou Hangjing Elec&Tech;;;;;;;
MPZ100-50803;9;;SwitchLab;;;;;;;
D16PLS1-000KG;2;;SwitchLab;;;;;;;
MB332-381M-03P;3;;SwitchLab;;;;;;;
FQ24-6pin ZK;1;;SZC-Connector;;;;;;;
FQ14-2pin ZK;4;;SZC-Connector;;;;;;;
FQ14-2pin TJ-8;1;;SZC-Connector;;;;;;;
FQ14-3pin ZPJ-8;1;;SZC-Connector;;;;;;;
TA1149A;5;;Tai-Saw Technology;;;;;;;
HC-49SM 12.000 MHz;13;;Tai-Saw Technology;;;;;;;
TOS-5161AMG-N;4;;Taiwan Oasis Technology;;;;;;;
TO-1608BC-PG;13;;Taiwan Oasis Technology;;;;;;;
TO-1608BC-BF;15;;Taiwan Oasis Technology;;;;;;;
TO-1608BC-MYF;17;;Taiwan Oasis Technology;;;;;;;
HKQ0603S3N3C;138;;Taiyo Yuden;;;;;;;
HKQ0603S2N0C;124;;Taiyo Yuden;;;;;;;
NRS3015T 2R2MNGH;50;;Taiyo Yuden;;;;;;;
LBM2016T120J;20;;Taiyo Yuden;;;;;;;
NR3015T2R2M;10;;Taiyo Yuden;;;;;;;
UMK107AB7105KA;46;;Taiyo Yuden;;;;;;;
TSS M16B;15;;Tapper Sealing Technology;;;;;;;
B82496C3470G000;2996;;TDK;;;;;;;
B82496C3560G000;3397;;TDK;;;;;;;
B82496C3339J000;3117;;TDK;;;;;;;
B82496C3220G000;3640;;TDK;;;;;;;
B82496C3270G000;3737;;TDK;;;;;;;
B82464A2683K000;378;;TDK;;;;;;;
B82422T1271J000;303;;TDK;;;;;;;
B82422T1471J000;796;;TDK;;;;;;;
B82464A2333K000;457;;TDK;;;;;;;
B82496C3279Z000;745;;TDK;;;;;;;
В82471А1103М000;90;;TDK;;;;;;;
B40940A8127M000;70;;TDK;;;;;;;
C5750X7R1H225K160KM;78;;TDK;;;;;;;
B41456B8229M000;2;;TDK;;;;;;;
B41456B9109M000;2;;TDK;;;;;;;
B82422A3121K100;181;;TDK;;;;;;;
B82422T1331J000;278;;TDK;;;;;;;
B82422H1334J000;153;;TDK;;;;;;;
B41895G6477M000;65;;TDK;;;;;;;
B41505A4229M000;19;;TDK;;;;;;;
B82498F3680G000;48;;TDK;;;;;;;
B32778G1206K000;4;;TDK;;;;;;;
B32522C0225K000;20;;TDK;;;;;;;
B82422H1102K000;298;;TDK;;;;;;;
B82496C3569Z000;61;;TDK;;;;;;;
C4532X7R1H685K250KB;25;;TDK;;;;;;;
B82464P4153M000;12;;TDK;;;;;;;
B41858C9687M000;15;;TDK;;;;;;;
B32522C0225K000;15;;TDK;;;;;;;
B57863S0103F040;10;;TDK;;;;;;;
B82442H1104K000;19;;TDK;;;;;;;
B82422H1154J000;59;;TDK;;;;;;;
B78476A8135A003;4;;TDK;;;;;;;
B82472G4473M000;66;;TDK;;;;;;;
CT1812K30;30;;TDK;;;;;;;
B82422H1333K000;33;;TDK;;;;;;;
B82720S2102N040;7;;TDK;;;;;;;
B82464A2153K000;3;;TDK;;;;;;;
B82496C3390J000;86;;TDK;;;;;;;
B82422T1471K000;19;;TDK;;;;;;;
B82464G4104M000;6;;TDK;;;;;;;
B41858C6227M000;15;;TDK;;;;;;;
B82422H1104J000;36;;TDK;;;;;;;
B82464A4223K000;5;;TDK;;;;;;;
B32774D4106K000;4;;TDK;;;;;;;
B32529C0474J;33;;TDK;;;;;;;
B82806D0060A050;2;;TDK;;;;;;;
B64290L0058X830;1;;TDK;;;;;;;
B82494A1333;26;;TDK;;;;;;;
B82496C3150J000;15;;TDK;;;;;;;
C0603C0G1E6R8D030BA;178;;TDK;;;;;;;
B57234S0109M000;2;;TDK;;;;;;;
B82498F3331J000;22;;TDK;;;;;;;
B82422H1473K000;6;;TDK;;;;;;;
B82442H1225K000;4;;TDK;;;;;;;
B82442T1222K000;4;;TDK;;;;;;;
B41121A6107M000;21;;TDK;;;;;;;
C1608X5R1C475K080AC;71;;TDK;;;;;;;
B82498F3150J000;6;;TDK;;;;;;;
C5750X7R2A335K230KA;45;;TDK;;;;;;;
CLF10040T-1R5N-D;11;;TDK;;;;;;;
B32529E6104J;13;;TDK;;;;;;;
B64290L0647X087;2;;TDK;;;;;;;
B82496C3689Z000;5;;TDK;;;;;;;
B41821A6477M000;3;;TDK;;;;;;;
B32923C3105K000;4;;TDK;;;;;;;
CT1210K40G;5;;TDK;;;;;;;
C3216X5R1V226M160AC;25;;TDK;;;;;;;
B82422H1684K000;2;;TDK;;;;;;;
B82498F3561G000;22;;TDK;;;;;;;
B82476A1104M000;2;;TDK;;;;;;;
C2012X7R1A475K125AC;40;;TDK;;;;;;;
SLF10145T-470M1R4-PF;2;;TDK;;;;;;;
SLF10145T-220M1R9-PF;2;;TDK;;;;;;;
B82498F3221J000;4;;TDK;;;;;;;
HHM1711Q1;4;;TDK;;;;;;;
C1005NP01H150J050BA;8;;TDK;;;;;;;
B32522C0105J000;11;;TDK;;;;;;;
B72207S0350K101;17;;TDK;;;;;;;
MPZ1608S260ATDH5;24;;TDK;;;;;;;
B32922C3474K000;4;;TDK;;;;;;;
C3225X7R2A225K230AB;4;;TDK;;;;;;;
C1005X7R1C103K050BA;45;;TDK;;;;;;;
B32922H3104K000;2;;TDK;;;;;;;
B82498F3151J000;3;;TDK;;;;;;;
MLZ1608M100WT000;22;;TDK;;;;;;;
C1005X5R1C105K050BC;6;;TDK;;;;;;;
CGB3B1X5R1A475K055AC;78;;TDK;;;;;;;
CGA3E2C0G1H330J080AA;34;;TDK;;;;;;;
C1608X7R1H103K080AA;50;;TDK;;;;;;;
CGA3E2C0G1H681J080AA;28;;TDK;;;;;;;
CGA3E2X7R1H333K080AA;34;;TDK;;;;;;;
CGA3E2C0G1H331J080AA;22;;TDK;;;;;;;
CGA3E2C0G1H151J080AA;14;;TDK;;;;;;;
C1005X7R1H104K;1;;TDK;;;;;;;
226537-1;84;;TE Connectivity;;;;;;;
RN73С2B10KB;700;;TE Connectivity;;;;;;;
RN73C1J11K8B;221;;TE Connectivity;;;;;;;
RN73C2A1K0B;105;;TE Connectivity;;;;;;;
RN73C2A1K54B;4383;;TE Connectivity;;;;;;;
RN73C2A2K94B;4191;;TE Connectivity;;;;;;;
RN73C2A3K92B;4160;;TE Connectivity;;;;;;;
RN73C1J76K8B;238;;TE Connectivity;;;;;;;
RN73C1J294RB;115;;TE Connectivity;;;;;;;
AMP 1534238-1;4;;TE Connectivity;;;;;;;
RN73C2A3K01B;3676;;TE Connectivity;;;;;;;
RN73C2A243RB;3559;;TE Connectivity;;;;;;;
RN73C2A931RB;3570;;TE Connectivity;;;;;;;
RN73C1J182KB;685;;TE Connectivity;;;;;;;
RN73C1J56R2B;225;;TE Connectivity;;;;;;;
RN73C1J2K74B;55;;TE Connectivity;;;;;;;
RN73C2A3K24B;152;;TE Connectivity;;;;;;;
RN73C2A4K75B;227;;TE Connectivity;;;;;;;
RN73C2A3K32B;2590;;TE Connectivity;;;;;;;
RN73C1J11K3B;102;;TE Connectivity;;;;;;;
RN73C2A2K21B;2116;;TE Connectivity;;;;;;;
RN73C1J221RB;81;;TE Connectivity;;;;;;;
RN73C1J24K3B;89;;TE Connectivity;;;;;;;
5-747905-2;46;;TE Connectivity;;;;;;;
RN73C2A2K67B;163;;TE Connectivity;;;;;;;
RN73C1J5K76B;69;;TE Connectivity;;;;;;;
RN73C2A2K37B;157;;TE Connectivity;;;;;;;
AMPMODU 280373-2;25;;TE Connectivity;;;;;;;
RN73C2A169KB;100;;TE Connectivity;;;;;;;
RN73C2A3K65B;89;;TE Connectivity;;;;;;;
RN73C2A6K65B;122;;TE Connectivity;;;;;;;
382A012-15-0;5;;TE Connectivity;;;;;;;
1-111446-4;12;;TE Connectivity;;;;;;;
RN73C1J4K02B;74;;TE Connectivity;;;;;;;
RN73C2A19K6B;593;;TE Connectivity;;;;;;;
RN73C1J7K87B;81;;TE Connectivity;;;;;;;
CPF0603B240RE1;100;;TE Connectivity;;;;;;;
646502-6;16;;TE Connectivity;;;;;;;
2318043-2;11;;TE Connectivity;;;;;;;
RN73C1J3K65B;81;;TE Connectivity;;;;;;;
RN73C2A3K09B;56;;TE Connectivity;;;;;;;
RN73C1J2K49B;84;;TE Connectivity;;;;;;;
206966-7;20;;TE Connectivity;;;;;;;
3213X501M;18;;TE Connectivity;;;;;;;
RN73C2A68K1B;50;;TE Connectivity;;;;;;;
3213X102M;18;;TE Connectivity;;;;;;;
RN73A2A4K02B;48;;TE Connectivity;;;;;;;
RN73C1J66K5B;78;;TE Connectivity;;;;;;;
RN73C1J499KB;223;;TE Connectivity;;;;;;;
RN73C1J15K4B;87;;TE Connectivity;;;;;;;
AMP 929990-1;50;;TE Connectivity;;;;;;;
1-1703818-1;19;;TE Connectivity;;;;;;;
292304-1;41;;TE Connectivity;;;;;;;
RN73C1J1K62B;16;;TE Connectivity;;;;;;;
RN73C1J14K3B;242;;TE Connectivity;;;;;;;
188835-1;2;;TE Connectivity;;;;;;;
AMPMODU 280372-2;36;;TE Connectivity;;;;;;;
RN73C2A1K47B;19;;TE Connectivity;;;;;;;
RN73C1J196RB;29;;TE Connectivity;;;;;;;
RN73C1J5K11B;22;;TE Connectivity;;;;;;;
RN73C1J523RB;71;;TE Connectivity;;;;;;;
RN73C1J3K32B;19;;TE Connectivity;;;;;;;
T9GS1L14-24;6;;TE Connectivity;;;;;;;
RN73C2A560RB;54;;TE Connectivity;;;;;;;
AMP 172130-1;22;;TE Connectivity;;;;;;;
KB700A1/4;1;;TE Connectivity;;;;;;;
RN73C1J15K8B;98;;TE Connectivity;;;;;;;
RN73C1J16KB;58;;TE Connectivity;;;;;;;
RN73C1J5K49B;91;;TE Connectivity;;;;;;;
3213X101M;6;;TE Connectivity;;;;;;;
1-962916-1;36;;TE Connectivity;;;;;;;
808-AG11D-ES;8;;TE Connectivity;;;;;;;
RN73C2A5K11B;25;;TE Connectivity;;;;;;;
RN73C1J13K3B;39;;TE Connectivity;;;;;;;
929967-1;10;;TE Connectivity;;;;;;;
188834-1;1;;TE Connectivity;;;;;;;
RN73C2A100KB;40;;TE Connectivity;;;;;;;
RN73C1J1K0B;120;;TE Connectivity;;;;;;;
AMPMODU 280360-0;29;;TE Connectivity;;;;;;;
292303-9;2;;TE Connectivity;;;;;;;
RN73C1J1K21B;22;;TE Connectivity;;;;;;;
RN73C2A1K24B;2;;TE Connectivity;;;;;;;
SMD030F;10;;TE Connectivity;;;;;;;
RN73C1J51K1B;2;;TE Connectivity;;;;;;;
RN73C1J27R4B;2;;TE Connectivity;;;;;;;
RN73C2A15KB;230;;TE Connectivity;;;;;;;
RN73C1J12K1B;3;;TE Connectivity;;;;;;;
RN73C2A45K3B;224;;TE Connectivity;;;;;;;
RN73C2A2K0B;4;;TE Connectivity;;;;;;;
RN73C2A11KB;220;;TE Connectivity;;;;;;;
RN73C1J10RB;16;;TE Connectivity;;;;;;;
RN73C1J3K92B;2;;TE Connectivity;;;;;;;
350736-4;2;;TE Connectivity;;;;;;;
AMPMODU 826656-7;1;;TE Connectivity;;;;;;;
5-146131-4;1;;TE Connectivity;;;;;;;
172159-1;4;;TE Connectivity;;;;;;;
172167-1;4;;TE Connectivity;;;;;;;
RN73C1J133RB;10;;TE Connectivity;;;;;;;
RN73C1J33R2B;9;;TE Connectivity;;;;;;;
1-968855-1;4;;TE Connectivity;;;;;;;
965784-1;2;;TE Connectivity;;;;;;;
RN73C1J210RB;5;;TE Connectivity;;;;;;;
5-962885-1;2;;TE Connectivity;;;;;;;
171826-4;1;;TE Connectivity;;;;;;;
RN73C1J2K0B;1;;TE Connectivity;;;;;;;
SMA J01151A0921;6;;Telegartner;;;;;;;
BNC J01001A1318;2;;Telegartner;;;;;;;
SMA J01150A0019;2;;Telegartner;;;;;;;
SMA J01151A0931;1;;Telegartner;;;;;;;
FE1.1s-BSOP28BCN;32;;Terminus Technology;;;;;;;
UCC27323D;31023;;Texas Instruments;;;;;;;
PCA9554ARG;592;;Texas Instruments;;;;;;;
LMZ10501SIL;208;;Texas Instruments;;;;;;;
TMS320C50PQ80;98;;Texas Instruments;;;;;;;
TLC59116FIPW;77;;Texas Instruments;;;;;;;
74AVCH16T245ZQL;22;;Texas Instruments;;;;;;;
SN74ABT32245PZ;85;;Texas Instruments;;;;;;;
ISO7231CDW;356;;Texas Instruments;;;;;;;
TLV2548MPWREP;15;;Texas Instruments;;;;;;;
TPS56121DQP;9;;Texas Instruments;;;;;;;
BeagleBone Black Rev C;5;;Texas Instruments;;;;;;;
DS92LV1212A;90;;Texas Instruments;;;;;;;
OPA548FKTWTG3;20;;Texas Instruments;;;;;;;
LP5910-1.8DRV;50;;Texas Instruments;;;;;;;
ADS131M08IPBS;20;;Texas Instruments;;;;;;;
ISO3086TDW;2;;Texas Instruments;;;;;;;
SN74LVT245MTC;103;;Texas Instruments;;;;;;;
SN74LVT245BPW;64;;Texas Instruments;;;;;;;
CDCEL937PW;28;;Texas Instruments;;;;;;;
LM3478MA/NOPB;30;;Texas Instruments;;;;;;;
DRV8301DCA;10;;Texas Instruments;;;;;;;
DS80PCI402SQ/NOPB;4;;Texas Instruments;;;;;;;
LM337IMP;85;;Texas Instruments;;;;;;;
ADS8341E;4;;Texas Instruments;;;;;;;
SA555D;18;;Texas Instruments;;;;;;;
THS4520RGT;4;;Texas Instruments;;;;;;;
THS4031IDGN;7;;Texas Instruments;;;;;;;
LM3150MH/NOPB;12;;Texas Instruments;;;;;;;
UCC27525DSD;12;;Texas Instruments;;;;;;;
SN74LVT244BDW;11;;Texas Instruments;;;;;;;
DS91D176TMA;5;;Texas Instruments;;;;;;;
SN74LV161AD;24;;Texas Instruments;;;;;;;
LM1117IMPX-5.0;9;;Texas Instruments;;;;;;;
TPS73201DCQ;9;;Texas Instruments;;;;;;;
LM828M5/NOPB;6;;Texas Instruments;;;;;;;
REF2030AIDDC;4;;Texas Instruments;;;;;;;
SN74AUP1G79DBV;6;;Texas Instruments;;;;;;;
LM1117IMPX-3.3;20;;Texas Instruments;;;;;;;
TPS73130DBV;14;;Texas Instruments;;;;;;;
SN74CBTLV3257PW;24;;Texas Instruments;;;;;;;
SN74AHCT08QPWRQ1;9;;Texas Instruments;;;;;;;
TPS61240TDRVRQ1;5;;Texas Instruments;;;;;;;
SN74LVC04ADGV;30;;Texas Instruments;;;;;;;
REF2025AIDDC;2;;Texas Instruments;;;;;;;
SN74AUP1G240DCK;8;;Texas Instruments;;;;;;;
SN74LVC244ADW;22;;Texas Instruments;;;;;;;
LM358ADR;14;;Texas Instruments;;;;;;;
SN65HVD35DR;2;;Texas Instruments;;;;;;;
SN74LVC244APWR;7;;Texas Instruments;;;;;;;
SN74LS33D;2;;Texas Instruments;;;;;;;
SN74AHCT125D;4;;Texas Instruments;;;;;;;
SN74LVCH245ADW;110;;Texas Instruments;;;;;;;
TL494CD;9;;Texas Instruments;;;;;;;
SN74LVC373APW;3;;Texas Instruments;;;;;;;
LM311MX/NOPB;2;;Texas Instruments;;;;;;;
SN74AHCT1G125DCK;11;;Texas Instruments;;;;;;;
SN74ABT125D;6;;Texas Instruments;;;;;;;
TPD2E001DRL;3;;Texas Instruments;;;;;;;
SN74LVTH125D;1;;Texas Instruments;;;;;;;
SN74LVC138APW;3;;Texas Instruments;;;;;;;
TLV7111225DSE;1;;Texas Instruments;;;;;;;
SN74LVC00APW;3;;Texas Instruments;;;;;;;
SN74LVC138AD;1;;Texas Instruments;;;;;;;
SN74AHCT1G125DBV;5;;Texas Instruments;;;;;;;
AH100-6.8 Om-J;6;;Thunder Components;;;;;;;
2CL72;185;;Tianjin Zhonghuan Semiconductor;;;;;;;
SPR-079-B;2;;Tonda Ztm-Electro;;;;;;;
TLP291(GB,E;660;;Toshiba;;;;;;;
TSRN1-2490SM;224;;Traco Electronic;;;;;;;
TSR 1-2450SM;180;;Traco Electronic;;;;;;;
TEN 5-0522;3;;Traco Electronic;;;;;;;
TEP 100-2415WIR;1;;Traco Electronic;;;;;;;
TEN60-2411;3;;Traco Electronic;;;;;;;
TMT 15215;2;;Traco Electronic;;;;;;;
TMR 3-2422;5;;Traco Electronic;;;;;;;
TEN20-2411;2;;Traco Electronic;;;;;;;
TMR 2-2410;1;;Traco Electronic;;;;;;;
TME 0505S;4;;Traco Electronic;;;;;;;
TS128MCF220I;3;;Transcend Information;;;;;;;
UR022-006;3;;Tripp Lite;;;;;;;
6605752-1;1;;TRP Connector;;;;;;;
PCF0805R-3651B;54;;TT Electronics;;;;;;;
SQP10-0R82J;2;;TT Electronics;;;;;;;
SQP10-0R47J;2;;TT Electronics;;;;;;;
SQP10-0R15J;2;;TT Electronics;;;;;;;
Xinger 3A325;3;;TTM Technologies;;;;;;;
CX-100.000MBE;3;;TXC;;;;;;;
9HT11-32.768KDZF;4;;TXC;;;;;;;
NORA-B106-00B;43;;U-Blox;;;;;;;
NEO-M8N-0-10;17;;U-Blox;;;;;;;
M2P-80DC960GBBEP;15;;UD Info;;;;;;;
UB482;7;;Unicore Communications;;;;;;;
0603WAD1002T5E;182;;Uniroyal Electronics Global;;;;;;;
ESMQ451VSN471MR45S;40;;United Chemi-Con;;;;;;;
EMVE350ARA221MJA0G;10;;United Chemi-Con;;;;;;;
IPV;3;;Vention Technology Limited;;;;;;;
V24C24M50BL3;5;;Vicor;;;;;;;
CR-03JL7--240R;100;;Viking Tech;;;;;;;
CR-03JL7--100R;60;;Viking Tech;;;;;;;
WEC6R0504QG-I;57;;VINATech;;;;;;;
MCT06030C1000FP500;4705;;Vishay;;;;;;;
PTF56700R00TXEK;203;;Vishay;;;;;;;
TSM4YJ203K;391;;Vishay;;;;;;;
TSM4YJ202K;160;;Vishay;;;;;;;
293D335X9050D2TE3;500;;Vishay;;;;;;;
MMS22G-14SK;6;;Vishay;;;;;;;
593D106X9035D2TE3;110;;Vishay;;;;;;;
TSM4YL102K;48;;Vishay;;;;;;;
VJ1812Y105KXAA;1346;;Vishay;;;;;;;
NTCLE203E3103SB0;100;;Vishay;;;;;;;
593D686X9010D2TE3;44;;Vishay;;;;;;;
293D156X0050E2TE3;131;;Vishay;;;;;;;
TCMT1107;168;;Vishay;;;;;;;
VOM1271;5;;Vishay;;;;;;;
IHLP1212BZER1R0M11;18;;Vishay;;;;;;;
TSM4YL101K;10;;Vishay;;;;;;;
TSM4YJ201K;52;;Vishay;;;;;;;
LL4148;1410;;Vishay;;;;;;;
293D685X9050D2TE3;88;;Vishay;;;;;;;
VJ0805A820JXAAC;587;;Vishay;;;;;;;
WSLP3921L1000F;20;;Vishay;;;;;;;
534B1503JC;3;;Vishay;;;;;;;
593D337X96R3D2TE3;45;;Vishay;;;;;;;
293D476X9016D2TE3;50;;Vishay;;;;;;;
IHLP2525CZERR47M01;20;;Vishay;;;;;;;
ALSR012K000JE12;8;;Vishay;;;;;;;
593D227X96R3D2TE3;35;;Vishay;;;;;;;
WSL25121L000FEA;110;;Vishay;;;;;;;
CH0402-50RGFPT;3;;Vishay;;;;;;;
CRCW04022R20FK;112;;Vishay;;;;;;;
WSL20101L000FEA;70;;Vishay;;;;;;;
B340A-E3/61T;130;;Vishay;;;;;;;
SMF33A;36;;Vishay;;;;;;;
593D226X9035E2TE3;22;;Vishay;;;;;;;
WSL12065L000FEA;24;;Vishay;;;;;;;
TMCMA0J107MTRF;35;;Vishay;;;;;;;
593D105X9020A2TE3;10;;Vishay;;;;;;;
IHLP3232DZER100M01;7;;Vishay;;;;;;;
IHLP1616BZERR47M01;6;;Vishay;;;;;;;
VJ1206A392JXAAT;392;;Vishay;;;;;;;
IRFP250PbF;2;;Vishay;;;;;;;
BAT54WS-E3;72;;Vishay;;;;;;;
CRCW0805470MJPTBHR;15;;Vishay;;;;;;;
293D337X9010E2TE3;6;;Vishay;;;;;;;
293D105X9025B2TE3;47;;Vishay;;;;;;;
293D106X9050D2TE3;4;;Vishay;;;;;;;
IRFR5305PBF;4;;Vishay;;;;;;;
293D106X9035C2TE3;20;;Vishay;;;;;;;
CRCW04022R20JNEDHP;70;;Vishay;;;;;;;
293D106X9035D2TE3;15;;Vishay;;;;;;;
Si7121DN-T1-GE3;9;;Vishay;;;;;;;
IHLP3232DZER5R6M01;4;;Vishay;;;;;;;
CRCW08051R47FK;50;;Vishay;;;;;;;
MCT06030C1691FP500;26;;Vishay;;;;;;;
MCT06030C3091FP500;26;;Vishay;;;;;;;
MCT06030C5901FP500;26;;Vishay;;;;;;;
593D106X9035C2TE3;5;;Vishay;;;;;;;
CRCW0805200RFK;100;;Vishay;;;;;;;
VS-60EPU02PbF;1;;Vishay;;;;;;;
MCT06030C1242FP500;22;;Vishay;;;;;;;
MCS04020C2009FE000;42;;Vishay;;;;;;;
MCS04020C3019FE000;42;;Vishay;;;;;;;
MCS04020C6199FE000;42;;Vishay;;;;;;;
MCS04020C8259FE000;42;;Vishay;;;;;;;
VJ0805Y101KXXPW1BC;144;;Vishay;;;;;;;
593D225X0020A2TE3;4;;Vishay;;;;;;;
MCT06030C4531FP500;20;;Vishay;;;;;;;
MCT06030C4641FP500;20;;Vishay;;;;;;;
MCT06030C4532FP500;20;;Vishay;;;;;;;
SMBJ15A;9;;Vishay;;;;;;;
BPW96C;8;;Vishay;;;;;;;
CRCW04028K87FK;70;;Vishay;;;;;;;
293D227X9016E2TE3;3;;Vishay;;;;;;;
293D157X9016D2TE3;6;;Vishay;;;;;;;
MCS04020C1629FE000;34;;Vishay;;;;;;;
ES1D-E3;20;;Vishay;;;;;;;
593D226X9016C2TE3;10;;Vishay;;;;;;;
MCT06030C1300FP500;14;;Vishay;;;;;;;
MCT06030C1509FP500;25;;Vishay;;;;;;;
VJ0805Y332MXAAC;387;;Vishay;;;;;;;
MCS04020C3329FE000;34;;Vishay;;;;;;;
VJ0805Y332MXXAC;388;;Vishay;;;;;;;
WSL25122L000FEA;7;;Vishay;;;;;;;
TLMO1100-GS08;5;;Vishay;;;;;;;
515D227M010AA6AE3;4;;Vishay;;;;;;;
CRCW04021K10JN;92;;Vishay;;;;;;;
MCT06030C1005FP500;26;;Vishay;;;;;;;
MCS04020C4999FE000;14;;Vishay;;;;;;;
MSMP8.5A;4;;Vishay;;;;;;;
293D105X9016A2TE3;19;;Vishay;;;;;;;
MCS04020C2499FE000;18;;Vishay;;;;;;;
MCS04020C3570FE000;18;;Vishay;;;;;;;
MCT06030C1402FP500;19;;Vishay;;;;;;;
MCS04020C1004FE000;30;;Vishay;;;;;;;
MCT06030C1212FP500;26;;Vishay;;;;;;;
593D475X9010A2TE3;1;;Vishay;;;;;;;
MCT06030C1210FP500;25;;Vishay;;;;;;;
BPV10;1;;Vishay;;;;;;;
MCT06030C3012FP500;22;;Vishay;;;;;;;
293D107X9010B2TE3;4;;Vishay;;;;;;;
CRCW0402511RFK;50;;Vishay;;;;;;;
MCT06030C2211FP500;26;;Vishay;;;;;;;
MCT06030C2001FP500;12;;Vishay;;;;;;;
MCT06030C4991FP500;18;;Vishay;;;;;;;
MCT06030C1629FP500;16;;Vishay;;;;;;;
MCT06030C3011FP500;10;;Vishay;;;;;;;
P4SMA16A;5;;Vishay;;;;;;;
MCT06030C2871FP500;19;;Vishay;;;;;;;
BAT54WS;44;;Vishay;;;;;;;
MCT06030Z0000ZP500;6;;Vishay;;;;;;;
MCT06030C4992FP500;6;;Vishay;;;;;;;
MCS04020C1000FE000;6;;Vishay;;;;;;;
SMBJ30CA-TR;4;;Vishay;;;;;;;
MCT06030C1500FP500;6;;Vishay;;;;;;;
MCS04020C1002FE000;10;;Vishay;;;;;;;
4N25;1;;Vishay;;;;;;;
293D226X96R3A2TE3;2;;Vishay;;;;;;;
MCT06030C2209FP500;2;;Vishay;;;;;;;
MCT06030C8259FP500;1;;Vishay;;;;;;;
CRCW04026K19FK;35;;Vishay;;;;;;;
RS485 Board (3.3V);5;;Waveshare Electronics;;;;;;;
VG M16-K68 SKS;14;;Weidmuller;;;;;;;
SP2110/S4II-2;50;;Weipu Electrical Appliance;;;;;;;
SP2110CAP;50;;Weipu Electrical Appliance;;;;;;;
TJ4P4C;10;;Wenzhou Yihua Communicated Connector;;;;;;;
MKP1G042207E00KSSD;293;;Wima;;;;;;;
W25Q256FVE;2;;Winbond;;;;;;;
WH2004L-YGH-CT;1;;Winstar Display;;;;;;;
ESSKV 12 LT;4;;Wiska Hoppmann;;;;;;;
WizFi220;31;;WIZnet;;;;;;;
WEFHS-M5-20;427;;Wurth Electronics;;;;;;;
WEFH-M3-10;473;;Wurth Electronics;;;;;;;
742792511;18;;Wurth Electronics;;;;;;;
782423100;30;;Wurth Electronics;;;;;;;
614004135023;3;;Wurth Electronics;;;;;;;
61000621121;5;;Wurth Electronics;;;;;;;
744224;2;;Wurth Electronics;;;;;;;
885342009004;2;;Wurth Electronics;;;;;;;
2CL72;80;;Wuxi Xuyang Electronics;;;;;;;
XC2S50-5PQ208I;27;;Xilinx;;;;;;;
RC0402FR-07287RL;64407;;Yageo;;;;;;;
RC0402FR-07866RL;64407;;Yageo;;;;;;;
RL0603FR-070R15L;240;;Yageo;;;;;;;
RC0402FR-07330RL;1546;;Yageo;;;;;;;
RC0402FR-07100KL;1390;;Yageo;;;;;;;
RC0402FR-075R6L;32207;;Yageo;;;;;;;
RT0805DRD07750RL;101;;Yageo;;;;;;;
CC0805CRNP09BN8R2;2500;;Yageo;;;;;;;
PE0402FRF070R02L;24;;Yageo;;;;;;;
CC0805KRX7R9BB225;94;;Yageo;;;;;;;
SQP10AJB-180R;90;;Yageo;;;;;;;
RC2010JK-0751RL;156;;Yageo;;;;;;;
CC0805JRNP00BN220;68;;Yageo;;;;;;;
CB050M0100RSF-0810;45;;Yageo;;;;;;;
CC1210KKX7R9BB225;70;;Yageo;;;;;;;
RC0805JR-07470RL;45;;Yageo;;;;;;;
CC1210KKX7R8BB105;99;;Yageo;;;;;;;
RSF100JB-73-510R;8;;Yageo;;;;;;;
RC0603FR-07698RL;120;;Yageo;;;;;;;
MFR-12JT-52-120R;180;;Yageo;;;;;;;
RC1210FR-0727KL;60;;Yageo;;;;;;;
RL2512FK-070R1L;76;;Yageo;;;;;;;
RC0603FR-07180KL;387;;Yageo;;;;;;;
MFR-50JT-52-2K4;14;;Yageo;;;;;;;
MFR-25JT-52-51R;16;;Yageo;;;;;;;
CC0805KRX7R9BB224;122;;Yageo;;;;;;;
RSF200JB-73-22K;9;;Yageo;;;;;;;
AR0603FR-0733KL;188;;Yageo;;;;;;;
CC0603JRNP09BN560;20;;Yageo;;;;;;;
RC0603FR-0751R1L;132;;Yageo;;;;;;;
RC0603FR-0736KL;140;;Yageo;;;;;;;
RSF200JB-73-10R;8;;Yageo;;;;;;;
RC0805FR-074K22L;94;;Yageo;;;;;;;
CC1206KRX7R6BB226;29;;Yageo;;;;;;;
RC0805JR-071K8L;85;;Yageo;;;;;;;
RC0402FR-075K62L;6;;Yageo;;;;;;;
CC0603KRX5R6BB105;95;;Yageo;;;;;;;
PA2512FKF7W0R01E;8;;Yageo;;;;;;;
RC0805FR-073K9L;60;;Yageo;;;;;;;
RL1206FR-070R22L;8;;Yageo;;;;;;;
RC0805FR-071K87L;4;;Yageo;;;;;;;
CC0805JRX7R9BB105;30;;Yageo;;;;;;;
CC1206KRX7R8BB106;44;;Yageo;;;;;;;
CC1206KRX7R0BB103;100;;Yageo;;;;;;;
RL0603FR-070R1L;147;;Yageo;;;;;;;
RC2010FK-071K62L;11;;Yageo;;;;;;;
RC0603FR-073K09L;106;;Yageo;;;;;;;
CC1206JRNP09BN222;43;;Yageo;;;;;;;
RC0402FR-0733R2L;129;;Yageo;;;;;;;
CC0402KRX5R8BB225;255;;Yageo;;;;;;;
CFR-25JT-52-120R;18;;Yageo;;;;;;;
RC0805FR-07332RL;15;;Yageo;;;;;;;
RC1206JR-075K6L;77;;Yageo;;;;;;;
CC1812KKX7RCBB223;87;;Yageo;;;;;;;
CC0402MRX5R6BB225;49;;Yageo;;;;;;;
RC0805JR-0747RL;46;;Yageo;;;;;;;
RC0805JR-074K3L;46;;Yageo;;;;;;;
CC0805KRX7R9BB101;200;;Yageo;;;;;;;
RC0805FR-073K74L;15;;Yageo;;;;;;;
RC2010JK-070RL;61;;Yageo;;;;;;;
RC0805FR-0742R2L;14;;Yageo;;;;;;;
RL2010FK-070R056L;8;;Yageo;;;;;;;
RC0603FR-0724KL;50;;Yageo;;;;;;;
CC0603FRNP09BN151;56;;Yageo;;;;;;;
CC0402DRNP09BN6R8;26;;Yageo;;;;;;;
CC0402JRNP09BN680;113;;Yageo;;;;;;;
CC0805KKX7R9BB105;49;;Yageo;;;;;;;
RC0402FR-07510KL;98;;Yageo;;;;;;;
RC0805FR-071K24L;85;;Yageo;;;;;;;
MF0207FTE52-330R;18;;Yageo;;;;;;;
CC0603KRX5R7BB106;20;;Yageo;;;;;;;
CC1812KKX7R9BB105;18;;Yageo;;;;;;;
RC0603JR-07100KL;38;;Yageo;;;;;;;
RL1206FR-070R033L;64;;Yageo;;;;;;;
CC1206JRNP00BN222;22;;Yageo;;;;;;;
RC0805JR-071ML;47;;Yageo;;;;;;;
RC0402FR-073R9L;62;;Yageo;;;;;;;
RC0402FR-07357RL;96;;Yageo;;;;;;;
RC0402FR-0775KL;145;;Yageo;;;;;;;
CC0603KRX7R7BB104;186;;Yageo;;;;;;;
RC0805FR-075R1L;72;;Yageo;;;;;;;
CC0805KRX7R5BB106;22;;Yageo;;;;;;;
CC1206KKX5R9BB106;21;;Yageo;;;;;;;
RL0603FR-070R33L;47;;Yageo;;;;;;;
RC0603FR-0751KL;482;;Yageo;;;;;;;
CC1206JRNP09BN820;55;;Yageo;;;;;;;
RC0805FR-07100RL;100;;Yageo;;;;;;;
RC0402FR-07180RL;120;;Yageo;;;;;;;
CC0603JRX7R9BB153;12;;Yageo;;;;;;;
AC0603FR-07300RL;46;;Yageo;;;;;;;
RC1206FR-0727K4L;106;;Yageo;;;;;;;
CC0402JRNP09BN150;53;;Yageo;;;;;;;
RC0402FR-07931RL;64;;Yageo;;;;;;;
AR0603JR-07100RL;41;;Yageo;;;;;;;
RC0603JR-078K2L;90;;Yageo;;;;;;;
RT0603BRD07604RL;8;;Yageo;;;;;;;
RT0603BRD07681RL;8;;Yageo;;;;;;;
CC0603KRX7R8BB223;136;;Yageo;;;;;;;
CC0805KRX7R6BB475;12;;Yageo;;;;;;;
RC0603JR-0713KL;86;;Yageo;;;;;;;
CC0402JRNP09BN331;91;;Yageo;;;;;;;
CC0402JRNP09BN470;46;;Yageo;;;;;;;
RC0805JR-073KL;30;;Yageo;;;;;;;
RC0805JR-0751KL;151;;Yageo;;;;;;;
RC0805JR-0711KL;21;;Yageo;;;;;;;
CC0603JRNP09BN681;93;;Yageo;;;;;;;
RC0603JR-07360RL;250;;Yageo;;;;;;;
RC1206FR-07510KL;17;;Yageo;;;;;;;
RC0603JR-07680RL;73;;Yageo;;;;;;;
CC0805KRX7R9BB102;20;;Yageo;;;;;;;
CFR-25JB-52-360R;6;;Yageo;;;;;;;
CC0805KRX7R8BB104;47;;Yageo;;;;;;;
RC0402FR-07150KL;324;;Yageo;;;;;;;
RC0603JR-072M2L;10;;Yageo;;;;;;;
RC1206JR-0747RL;79;;Yageo;;;;;;;
RC0402FR-071K5L;46;;Yageo;;;;;;;
RC0603FR-0720RL;42;;Yageo;;;;;;;
RC0402FR-074K53L;39;;Yageo;;;;;;;
CC1206KKX7R8BB334;56;;Yageo;;;;;;;
RC1210JR-07120RL;30;;Yageo;;;;;;;
RC0402FR-0743KL;280;;Yageo;;;;;;;
RC0805JR-0775RL;58;;Yageo;;;;;;;
CC0402KRX7R7BB102;44;;Yageo;;;;;;;
CC1206KRX7R8BB474;51;;Yageo;;;;;;;
CC0805KRX7R9BB153;88;;Yageo;;;;;;;
RC0603JR-0711KL;78;;Yageo;;;;;;;
RC0402FR-07470KL;242;;Yageo;;;;;;;
CC0603JRNP08BN102;46;;Yageo;;;;;;;
RC0402FR-0722RL;125;;Yageo;;;;;;;
RT0603BRD072KL;12;;Yageo;;;;;;;
RC0603FR-07100KL;194;;Yageo;;;;;;;
RC0603FR-07160RL;128;;Yageo;;;;;;;
RC0402FR-0739KL;20;;Yageo;;;;;;;
RC0603JR-077K5L;40;;Yageo;;;;;;;
RC0603FR-073K3L;144;;Yageo;;;;;;;
RC0603FR-073K6L;63;;Yageo;;;;;;;
RC0805FR-072M1L;10;;Yageo;;;;;;;
CC0402JRNP09BN120;1016;;Yageo;;;;;;;
RC0603JR-0710ML;66;;Yageo;;;;;;;
RC0402JR-07620KL;66;;Yageo;;;;;;;
RC0402FR-0716K5L;76;;Yageo;;;;;;;
RC0603JR-0747KL;37;;Yageo;;;;;;;
RC0402FR-0711K8L;74;;Yageo;;;;;;;
RC0805JR-07390RL;20;;Yageo;;;;;;;
RC1206FR-07560RL;11;;Yageo;;;;;;;
CC1206KKX7R9BB105;11;;Yageo;;;;;;;
RC1206JR-072K2L;55;;Yageo;;;;;;;
RC0603JR-0715KL;30;;Yageo;;;;;;;
CC1206KRX7R8BB104;30;;Yageo;;;;;;;
CC1206KRX7R9BB104;12;;Yageo;;;;;;;
CC0402KPX7R6BB224;23;;Yageo;;;;;;;
RC0805JR-07300RL;10;;Yageo;;;;;;;
RC0402FR-072K7L;54;;Yageo;;;;;;;
RC0603FR-0733KL;124;;Yageo;;;;;;;
AR0603FR-07330RL;26;;Yageo;;;;;;;
RC1210FR-0733R2L;1;;Yageo;;;;;;;
RC0402FR-07100RL;19;;Yageo;;;;;;;
RC1206FR-0710RL;13;;Yageo;;;;;;;
CC0603KRX7R8BB332;38;;Yageo;;;;;;;
RT0603BRD0733KL;8;;Yageo;;;;;;;
CC1206JRNP09BN682;4;;Yageo;;;;;;;
RC2512FK-07510RL;3;;Yageo;;;;;;;
RC0402FR-07120KL;122;;Yageo;;;;;;;
RC0402FR-071M2L;94;;Yageo;;;;;;;
RC0402FR-071K1L;120;;Yageo;;;;;;;
RC0402FR-07110KL;120;;Yageo;;;;;;;
CC0603JPNP09BN470;42;;Yageo;;;;;;;
CC0603JRNP09BN821;59;;Yageo;;;;;;;
RC0402FR-0710K2L;11;;Yageo;;;;;;;
CC0402FRNP09BN270;38;;Yageo;;;;;;;
RC0603FR-07301KL;34;;Yageo;;;;;;;
CC0402KRX7R7BB103;11;;Yageo;;;;;;;
RC0402FR-0720KL;24;;Yageo;;;;;;;
RC0402FR-0712K1L;39;;Yageo;;;;;;;
RC0805JR-07150RL;46;;Yageo;;;;;;;
CC0603KRX7R9BB471;26;;Yageo;;;;;;;
CC0402JRNP09BN270;56;;Yageo;;;;;;;
RC1206FR-0733KL;23;;Yageo;;;;;;;
CC0402CRNP09BN4R7;23;;Yageo;;;;;;;
RC0402FR-0710RL;164;;Yageo;;;;;;;
RC0603FR-0716K9L;47;;Yageo;;;;;;;
CC0805KRNP09BN102;2;;Yageo;;;;;;;
CC1206KRX7RABB102;4;;Yageo;;;;;;;
RC0603FR-074K3L;72;;Yageo;;;;;;;
RC0402FR-07249RL;63;;Yageo;;;;;;;
CC0603JRNP00BN220;2;;Yageo;;;;;;;
RC0603JR-072K7L;16;;Yageo;;;;;;;
CC0805KRX7R9BB223;10;;Yageo;;;;;;;
RC0402FR-07210KL;80;;Yageo;;;;;;;
RC0603FR-0773K2L;38;;Yageo;;;;;;;
RC0805JR-072KL;48;;Yageo;;;;;;;
RC0402FR-0736R5L;8;;Yageo;;;;;;;
RC0805FR-0747RL;20;;Yageo;;;;;;;
RC1206FR-071RL;14;;Yageo;;;;;;;
RC0402FR-07560RL;8;;Yageo;;;;;;;
RL1206JR-070R15L;14;;Yageo;;;;;;;
RC0402FR-0722R6L;6;;Yageo;;;;;;;
RC0402FR-0752K3L;96;;Yageo;;;;;;;
RC0402FR-072K1L;63;;Yageo;;;;;;;
RC0402FR-07121RL;47;;Yageo;;;;;;;
RC0603FR-0733RL;74;;Yageo;;;;;;;
RC0402JR-072K2L;68;;Yageo;;;;;;;
RC0402FR-07261RL;8;;Yageo;;;;;;;
RC0603FR-0711KL;49;;Yageo;;;;;;;
RC0402FR-07300KL;66;;Yageo;;;;;;;
RC0603FR-0751K1L;42;;Yageo;;;;;;;
RC0402FR-073K01L;43;;Yageo;;;;;;;
RC1206FR-07100RL;18;;Yageo;;;;;;;
RC0603FR-071K2L;32;;Yageo;;;;;;;
RC0402FR-0718KL;68;;Yageo;;;;;;;
RC0603FR-07191KL;45;;Yageo;;;;;;;
RC0603FR-07174KL;2;;Yageo;;;;;;;
RC0402FR-0756KL;80;;Yageo;;;;;;;
RC0402FR-073K74L;8;;Yageo;;;;;;;
RC0603FR-071RL;32;;Yageo;;;;;;;
RC1206JR-072R4L;34;;Yageo;;;;;;;
RC0402FR-0766R5L;96;;Yageo;;;;;;;
CC1206JRX7RDBB102;4;;Yageo;;;;;;;
RC0402JR-071M2L;60;;Yageo;;;;;;;
CC0603JRNP09BN272;4;;Yageo;;;;;;;
RC0603FR-07121KL;44;;Yageo;;;;;;;
RC0603FR-0749K9L;43;;Yageo;;;;;;;
RC1206FR-074K7L;14;;Yageo;;;;;;;
RC0402FR-0736KL;60;;Yageo;;;;;;;
RC0805JR-0747KL;37;;Yageo;;;;;;;
RC0402FR-071K3L;8;;Yageo;;;;;;;
RC0402FR-0714RL;20;;Yageo;;;;;;;
RC0603FR-071K6L;48;;Yageo;;;;;;;
RC0603JR-073K6L;45;;Yageo;;;;;;;
RC0603FR-075K9L;37;;Yageo;;;;;;;
RC0805JR-07300KL;5;;Yageo;;;;;;;
CC0603KRX5R8BB105;14;;Yageo;;;;;;;
CC0603JRX7R9BB471;3;;Yageo;;;;;;;
CC0603KRX7R7BB106;3;;Yageo;;;;;;;
RC0805JR-07100RL;18;;Yageo;;;;;;;
RC0603FR-071M5L;30;;Yageo;;;;;;;
RC0603FR-072K7L;49;;Yageo;;;;;;;
RC0603JR-0733RL;29;;Yageo;;;;;;;
RC0805FR-073K3L;32;;Yageo;;;;;;;
CC0603KRX5R8BB475;2;;Yageo;;;;;;;
RC0603FR-077K5L;37;;Yageo;;;;;;;
RC0805FR-07140RL;15;;Yageo;;;;;;;
CC0805JRNP09BN102;8;;Yageo;;;;;;;
CC0805JRNP09BN240;8;;Yageo;;;;;;;
CC0603KPX7R9BB223;5;;Yageo;;;;;;;
RC0402FR-07750KL;36;;Yageo;;;;;;;
RC1206FR-0751RL;12;;Yageo;;;;;;;
RC0603JR-074K3L;3;;Yageo;;;;;;;
RC0603JR-073K9L;33;;Yageo;;;;;;;
RC0402FR-071RL;4;;Yageo;;;;;;;
RC0603FR-07499RL;40;;Yageo;;;;;;;
CC0603KRX7R8BB473;17;;Yageo;;;;;;;
CC0603KRX7R7BB225;3;;Yageo;;;;;;;
RC0603FR-07300RL;38;;Yageo;;;;;;;
RC0603FR-075R1L;19;;Yageo;;;;;;;
RC0805JR-07130RL;10;;Yageo;;;;;;;
RT0603BRD0710KL;6;;Yageo;;;;;;;
RC0603FR-071ML;26;;Yageo;;;;;;;
CC0603JRNP09BN330;6;;Yageo;;;;;;;
CC0603KRX7R7BB474;6;;Yageo;;;;;;;
RC0603FR-076K34L;20;;Yageo;;;;;;;
RC0402FR-072K55L;4;;Yageo;;;;;;;
RC0402FR-071KL;10;;Yageo;;;;;;;
RC0603FR-075K6L;23;;Yageo;;;;;;;
RC0603FR-07110KL;47;;Yageo;;;;;;;
RC0402FR-07470RL;47;;Yageo;;;;;;;
RC0402FR-0736K5L;46;;Yageo;;;;;;;
RC0402JR-073K3L;45;;Yageo;;;;;;;
RC0402FR-07510RL;24;;Yageo;;;;;;;
CC0402JRX7R7BB472;3;;Yageo;;;;;;;
RC0402JR-07270RL;21;;Yageo;;;;;;;
RC0805FR-07100KL;22;;Yageo;;;;;;;
RC0402FR-072K2L;50;;Yageo;;;;;;;
RC0402FR-076K49L;26;;Yageo;;;;;;;
CC0402KRX7R9BB103;6;;Yageo;;;;;;;
RC0402FR-07240RL;22;;Yageo;;;;;;;
CC0805JRNP09BN360;5;;Yageo;;;;;;;
RC0402FR-0711KL;21;;Yageo;;;;;;;
RC0603JR-0722RL;29;;Yageo;;;;;;;
RC0805FR-0710RL;12;;Yageo;;;;;;;
RC1206JR-07160RL;8;;Yageo;;;;;;;
RC1206JR-07820RL;8;;Yageo;;;;;;;
CC0603KRX5R7BB475;1;;Yageo;;;;;;;
RC0805FR-071K6L;50;;Yageo;;;;;;;
RC0402FR-072K05L;4;;Yageo;;;;;;;
RC0805FR-071K8L;16;;Yageo;;;;;;;
RC0402JR-0782KL;40;;Yageo;;;;;;;
RC0603JR-076K8L;27;;Yageo;;;;;;;
RC0603JR-07390RL;17;;Yageo;;;;;;;
RC1206FR-077R5L;4;;Yageo;;;;;;;
RC0603FR-072RL;16;;Yageo;;;;;;;
RC0402FR-07360KL;11;;Yageo;;;;;;;
RC1206JR-072K4L;10;;Yageo;;;;;;;
CC0402BRNP09BN2R2;7;;Yageo;;;;;;;
RC0402FR-0762RL;12;;Yageo;;;;;;;
RC0603FR-072K1L;14;;Yageo;;;;;;;
CC0603JRNP09BN390;6;;Yageo;;;;;;;
RC0603FR-0743K2L;20;;Yageo;;;;;;;
CC0402CRNP09BN2R7;20;;Yageo;;;;;;;
CC0402KRX7R7BB223;8;;Yageo;;;;;;;
RC0402FR-0745K3L;11;;Yageo;;;;;;;
CC0603JRNP09BN470;6;;Yageo;;;;;;;
CFR-25JT-52-1M;5;;Yageo;;;;;;;
RC0603FR-073R6L;12;;Yageo;;;;;;;
RC0805JR-072K7L;11;;Yageo;;;;;;;
CC0603KRX7R8BB103;12;;Yageo;;;;;;;
RC1206FR-071KL;8;;Yageo;;;;;;;
CC0603KRX5R6BB475;8;;Yageo;;;;;;;
CC0603JRNP09BN300;3;;Yageo;;;;;;;
RC0603FR-078K2L;20;;Yageo;;;;;;;
RC1206FR-074R7L;3;;Yageo;;;;;;;
RC0402FR-0739K2L;2;;Yageo;;;;;;;
RC0402FR-0714KL;12;;Yageo;;;;;;;
RC0603FR-07191RL;12;;Yageo;;;;;;;
RC0603FR-076K2L;11;;Yageo;;;;;;;
CC0402JRNP09BN820;20;;Yageo;;;;;;;
RC0603FR-0722KL;18;;Yageo;;;;;;;
RC0603FR-0756KL;18;;Yageo;;;;;;;
CC0603KRX7R5BB101;5;;Yageo;;;;;;;
RC0603FR-0720KL;42;;Yageo;;;;;;;
RC1206FR-0710KL;5;;Yageo;;;;;;;
RC0402FR-07360RL;12;;Yageo;;;;;;;
RC0603FR-0751RL;14;;Yageo;;;;;;;
RC0805FR-0751RL;8;;Yageo;;;;;;;
RC0805JR-0710KL;38;;Yageo;;;;;;;
RC0603JR-0716KL;8;;Yageo;;;;;;;
RC0402FR-073K16L;8;;Yageo;;;;;;;
RC0603JR-07200RL;15;;Yageo;;;;;;;
RC0603FR-076K04L;9;;Yageo;;;;;;;
RC0402FR-07270RL;12;;Yageo;;;;;;;
RC0402FR-072K4L;16;;Yageo;;;;;;;
RC0603JR-0727KL;8;;Yageo;;;;;;;
RC0603FR-07910KL;9;;Yageo;;;;;;;
RC0402JR-070RP;12;;Yageo;;;;;;;
RC0603FR-0740K2L;8;;Yageo;;;;;;;
RC0603FR-077K15L;13;;Yageo;;;;;;;
RC0603FR-07910RL;9;;Yageo;;;;;;;
RC0603FR-0716KL;14;;Yageo;;;;;;;
RC0603FR-072K21L;6;;Yageo;;;;;;;
RC0805FR-074K02L;3;;Yageo;;;;;;;
RC0603FR-0724K9L;9;;Yageo;;;;;;;
RC0603FR-0730K1L;9;;Yageo;;;;;;;
RC0805FR-0720RL;4;;Yageo;;;;;;;
RC0805FR-07750RL;4;;Yageo;;;;;;;
RC0805FR-0744K2L;4;;Yageo;;;;;;;
RC0805FR-0714K7L;4;;Yageo;;;;;;;
RC0603FR-07330KL;8;;Yageo;;;;;;;
RC0603FR-0730KL;8;;Yageo;;;;;;;
RC0402JR-071K1L;8;;Yageo;;;;;;;
RC0603JR-07240RL;6;;Yageo;;;;;;;
RC0603JR-0768KL;6;;Yageo;;;;;;;
RC0402JR-074R7L;8;;Yageo;;;;;;;
RC0603FR-072K2L;13;;Yageo;;;;;;;
RC0402JR-073R3L;8;;Yageo;;;;;;;
RC0603FR-073K74L;4;;Yageo;;;;;;;
RC0603JR-07200KL;5;;Yageo;;;;;;;
RC0603FR-07121RL;5;;Yageo;;;;;;;
RC0402FR-0716RL;6;;Yageo;;;;;;;
RC0805JR-0733RL;3;;Yageo;;;;;;;
RC0603FR-071K05L;4;;Yageo;;;;;;;
RC0603FR-0721KL;4;;Yageo;;;;;;;
RC0402FR-0730R1L;4;;Yageo;;;;;;;
RC0402FR-0733K2L;4;;Yageo;;;;;;;
RC0603JR-071K1L;7;;Yageo;;;;;;;
RC0603JR-0739KL;4;;Yageo;;;;;;;
RC0603JR-073KL;6;;Yageo;;;;;;;
RC0402FR-077K68L;4;;Yageo;;;;;;;
RC0402FR-072M2L;4;;Yageo;;;;;;;
RC0402FR-071ML;16;;Yageo;;;;;;;
AR0603FR-072K2L;2;;Yageo;;;;;;;
CC1206KKX7RCBB103;1;;Yageo;;;;;;;
CC0402KRX7R7BB101;6;;Yageo;;;;;;;
RC0402FR-0717K4L;6;;Yageo;;;;;;;
RC0402FR-075K1L;6;;Yageo;;;;;;;
RC0603JR-0739RL;4;;Yageo;;;;;;;
RC0603FR-0712K1L;4;;Yageo;;;;;;;
RC0402JR-074K7L;6;;Yageo;;;;;;;
RC0402FR-073K6L;6;;Yageo;;;;;;;
RC0603FR-0747KL;5;;Yageo;;;;;;;
RC0402FR-071K2L;12;;Yageo;;;;;;;
RC0603FR-072K4L;15;;Yageo;;;;;;;
RC0805JR-07510KL;3;;Yageo;;;;;;;
RC0402FR-071M5L;6;;Yageo;;;;;;;
RC0402FR-072KL;8;;Yageo;;;;;;;
RC0603FR-0719K6L;3;;Yageo;;;;;;;
RC0603FR-071M2L;3;;Yageo;;;;;;;
RC0603FR-074K02L;3;;Yageo;;;;;;;
RC0805FR-07510RL;2;;Yageo;;;;;;;
RC0402FR-0712K4L;2;;Yageo;;;;;;;
RC0603FR-0711K5L;2;;Yageo;;;;;;;
RC0603FR-0768KL;2;;Yageo;;;;;;;
RC0603FR-07430KL;1;;Yageo;;;;;;;
RC0603FR-07510KL;1;;Yageo;;;;;;;
RC0402FR-0749K9L;1;;Yageo;;;;;;;
RC0603FR-0760K4L;2;;Yageo;;;;;;;
RC0805JR-071K5L;1;;Yageo;;;;;;;
RC0402JR-07510RL;1;;Yageo;;;;;;;
RC0402FR-07430RL;1;;Yageo;;;;;;;
P6KE18A;500;;Yangzhou Yangjie Electronic Technology;;;;;;;
MLH-3;93;;Yueqing Daier Electron;;;;;;;
XD8-1-R-12V;9;;Yueqing Daier Electron;;;;;;;
CTC038-30RA;5;;Yuetone Industrial;;;;;;;
SMV1087A-LF;7;;Z-Communications;;;;;;;
DJ613-2.3x0.6A;2952;;Zhejiang Enpu Electrical;;;;;;;
ARDUINO MEGA 2560 R3;5;;б/н;;;;;;;
TCP/IP;1;;б/н;;;;;;;
DB (1A023);98;;б/н;;;;;;;
PT-4A;3;;б/н;;;;;;;
RJ-45;94;;б/н;;;;;;;
РТ-2А;1;;б/н;;;;;;;
PM907B 4.7 мкФ 500В;38;;б/н;;;;;;;
IP68 №55-103-75;7;;б/н;;;;;;;
2200 D-2X2P-S-G1-C;22;;б/н;;;;;;;
Индикатор;7;;б/н;;;;;;;
R404 517 000;1;;б/н;;;;;;;
BLD-8;637;;б/н;;;;;;;
Светодиод;50;;б/н;;;;;;;
BANANA ВР206В;24;;б/н;;;;;;;
MINIXLR-3;10;;б/н;;;;;;;
2700-2P-M-0-G1-1;6;;б/н;;;;;;;
IP68 №55-103-67;4;;б/н;;;;;;;
DHS-15F;86;;б/н;;;;;;;
CEE7 PLUG DIN49441 №327-169 (327-153);7;;б/н;;;;;;;
0402 1ПФ-50В NPO;34;;б/н;;;;;;;
TC-0104;40;;б/н;;;;;;;
Контакт  к разъемам BLS;900;;б/н;;;;;;;
№176-4402;2;;б/н;;;;;;;
DC 2.1/5.5;30;;б/н;;;;;;;
№769-307;9;;б/н;;;;;;;
BLS-8;56;;б/н;;;;;;;
43-207-01;5;;б/н;;;;;;;
PLD10;41;;б/н;;;;;;;
MF100 1-1 Ом;90;;б/н;;;;;;;
ETS1-1-13TR;5;;б/н;;;;;;;
PG7;55;;б/н;;;;;;;
DTCK25 MH;1;;б/н;;;;;;;
MF-50 0,5-100 Ом;86;;б/н;;;;;;;
BANAN G/PI;8;;б/н;;;;;;;
0603 33ПФ-100В NPO;78;;б/н;;;;;;;
DN-37С;5;;б/н;;;;;;;
MF-25 0,25-5,1 Ом;30;;б/н;;;;;;;
MJ-0-6;42;;б/н;;;;;;;
DRB-37MA;4;;б/н;;;;;;;
DHS-62F;2;;б/н;;;;;;;
DHS-15M;16;;б/н;;;;;;;
2N3904;10;;б/н;;;;;;;
MF-50 0,5-8,2 Ом;370;;б/н;;;;;;;
DPT-37C;3;;б/н;;;;;;;
1A028;4;;б/н;;;;;;;
MF-50 0,5-680 Ом;8;;б/н;;;;;;;
BLS-4;50;;б/н;;;;;;;
PLCC-20-SMD;6;;б/н;;;;;;;
PW-6F;30;;б/н;;;;;;;
Предохранитель MFR;9;;б/н;;;;;;;
MF-50 0,5-16 Ом;6;;б/н;;;;;;;
CHU-6;6;;б/н;;;;;;;
DHS-62M;2;;б/н;;;;;;;
DNT-15C;2;;б/н;;;;;;;
PW-3F;9;;б/н;;;;;;;
MF200 2-75 Ом;53;;б/н;;;;;;;
DB-15F;2;;б/н;;;;;;;
Стабилитрон;5;;б/н;;;;;;;
DB-9C;3;;б/н;;;;;;;
CF100 1-1 МОм;10;;б/н;;;;;;;
BLS-3;23;;б/н;;;;;;;
DN-37C;1;;б/н;;;;;;;
BH10-R (=BHR10-G);5;;б/н;;;;;;;
5Х20 10А;3;;б/н;;;;;;;
MHU-3;4;;б/н;;;;;;;
DPT-25C;1;;б/н;;;;;;;
PC104-T16;10;;б/н;;;;;;;